review_id,app_name,review_text,rating
0,CRED,UPI server delay error,1
1,PhonePe,UPI server delay error,3
2,CRED,Failed transactions and money deducted,2
3,Paytm,Failed transactions and money deducted,3
4,SBI YONO,Slow refunds and poor support,2
5,GPay,App freezes during payment,3
6,Paytm,App freezes during payment,1
7,GPay,App freezes during payment,3
8,Paytm,UPI server delay error,2
9,SBI YONO,App freezes during payment,3
10,PhonePe,Failed transactions and money deducted,1
11,GPay,Failed transactions and money deducted,1
12,CRED,App freezes during payment,2
13,PhonePe,Slow refunds and poor support,1
14,CRED,Failed transactions and money deducted,1
15,Paytm,App freezes during payment,1
16,Paytm,Slow refunds and poor support,3
17,SBI YONO,Transaction failed due to bank server down,3
18,CRED,App freezes during payment,3
19,PhonePe,App freezes during payment,3
20,SBI YONO,Slow refunds and poor support,3
21,PhonePe,App freezes during payment,1
22,GPay,Transaction failed due to bank server down,2
23,GPay,Slow refunds and poor support,3
24,CRED,Transaction failed due to bank server down,3
25,CRED,Failed transactions and money deducted,1
26,GPay,App freezes during payment,2
27,Paytm,Failed transactions and money deducted,3
28,GPay,UPI server delay error,2
29,Paytm,Slow refunds and poor support,1
30,PhonePe,App freezes during payment,2
31,Paytm,Slow refunds and poor support,2
32,GPay,Failed transactions and money deducted,2
33,CRED,App freezes during payment,2
34,CRED,UPI server delay error,1
35,SBI YONO,App freezes during payment,3
36,CRED,UPI server delay error,2
37,CRED,Transaction failed due to bank server down,1
38,PhonePe,UPI server delay error,3
39,SBI YONO,Failed transactions and money deducted,1
40,Paytm,Slow refunds and poor support,2
41,Paytm,App freezes during payment,3
42,Paytm,Failed transactions and money deducted,2
43,PhonePe,App freezes during payment,1
44,GPay,UPI server delay error,2
45,SBI YONO,App freezes during payment,1
46,GPay,UPI server delay error,1
47,GPay,Failed transactions and money deducted,3
48,PhonePe,Failed transactions and money deducted,2
49,CRED,Transaction failed due to bank server down,1
50,GPay,Failed transactions and money deducted,2
51,SBI YONO,Failed transactions and money deducted,2
52,GPay,Failed transactions and money deducted,1
53,CRED,Failed transactions and money deducted,1
54,Paytm,Transaction failed due to bank server down,2
55,SBI YONO,Slow refunds and poor support,1
56,PhonePe,Transaction failed due to bank server down,1
57,CRED,Failed transactions and money deducted,1
58,GPay,Slow refunds and poor support,3
59,GPay,UPI server delay error,3
60,GPay,Slow refunds and poor support,1
61,CRED,UPI server delay error,1
62,Paytm,App freezes during payment,2
63,PhonePe,Failed transactions and money deducted,3
64,GPay,Slow refunds and poor support,1
65,GPay,Transaction failed due to bank server down,1
66,PhonePe,Slow refunds and poor support,2
67,Paytm,UPI server delay error,1
68,CRED,App freezes during payment,1
69,CRED,App freezes during payment,2
70,CRED,Failed transactions and money deducted,1
71,GPay,UPI server delay error,3
72,CRED,Failed transactions and money deducted,1
73,GPay,App freezes during payment,3
74,CRED,Slow refunds and poor support,2
75,CRED,Slow refunds and poor support,3
76,SBI YONO,Slow refunds and poor support,1
77,GPay,Failed transactions and money deducted,3
78,CRED,App freezes during payment,3
79,GPay,Failed transactions and money deducted,3
80,PhonePe,App freezes during payment,1
81,Paytm,Transaction failed due to bank server down,1
82,GPay,UPI server delay error,1
83,CRED,UPI server delay error,3
84,CRED,Transaction failed due to bank server down,3
85,CRED,Slow refunds and poor support,2
86,Paytm,Failed transactions and money deducted,1
87,SBI YONO,UPI server delay error,1
88,SBI YONO,Transaction failed due to bank server down,1
89,CRED,UPI server delay error,2
90,CRED,App freezes during payment,1
91,Paytm,UPI server delay error,2
92,CRED,Slow refunds and poor support,3
93,SBI YONO,Failed transactions and money deducted,1
94,GPay,Failed transactions and money deducted,3
95,SBI YONO,App freezes during payment,2
96,SBI YONO,Failed transactions and money deducted,1
97,PhonePe,Transaction failed due to bank server down,1
98,Paytm,UPI server delay error,3
99,SBI YONO,Slow refunds and poor support,2
100,GPay,Slow refunds and poor support,1
101,PhonePe,Failed transactions and money deducted,2
102,Paytm,UPI server delay error,2
103,CRED,Failed transactions and money deducted,3
104,GPay,UPI server delay error,2
105,GPay,Failed transactions and money deducted,2
106,GPay,Slow refunds and poor support,2
107,GPay,Slow refunds and poor support,1
108,CRED,Transaction failed due to bank server down,3
109,Paytm,App freezes during payment,1
110,CRED,App freezes during payment,3
111,Paytm,Failed transactions and money deducted,2
112,CRED,App freezes during payment,1
113,CRED,Transaction failed due to bank server down,2
114,CRED,App freezes during payment,1
115,CRED,Transaction failed due to bank server down,1
116,CRED,Transaction failed due to bank server down,1
117,SBI YONO,App freezes during payment,1
118,CRED,UPI server delay error,2
119,CRED,UPI server delay error,3
120,CRED,Transaction failed due to bank server down,1
121,CRED,UPI server delay error,2
122,CRED,Slow refunds and poor support,1
123,PhonePe,Slow refunds and poor support,1
124,CRED,Slow refunds and poor support,1
125,PhonePe,Failed transactions and money deducted,2
126,PhonePe,Transaction failed due to bank server down,3
127,Paytm,App freezes during payment,2
128,Paytm,Transaction failed due to bank server down,1
129,Paytm,Transaction failed due to bank server down,3
130,PhonePe,Transaction failed due to bank server down,1
131,Paytm,Failed transactions and money deducted,1
132,PhonePe,UPI server delay error,2
133,SBI YONO,Failed transactions and money deducted,3
134,PhonePe,UPI server delay error,3
135,CRED,App freezes during payment,3
136,Paytm,Failed transactions and money deducted,1
137,CRED,UPI server delay error,3
138,CRED,Slow refunds and poor support,2
139,CRED,Failed transactions and money deducted,1
140,SBI YONO,Slow refunds and poor support,2
141,SBI YONO,UPI server delay error,1
142,PhonePe,App freezes during payment,3
143,Paytm,App freezes during payment,1
144,PhonePe,Failed transactions and money deducted,3
145,PhonePe,UPI server delay error,2
146,PhonePe,Failed transactions and money deducted,1
147,PhonePe,Failed transactions and money deducted,3
148,Paytm,App freezes during payment,2
149,Paytm,Slow refunds and poor support,3
150,Paytm,Slow refunds and poor support,2
151,GPay,UPI server delay error,1
152,GPay,Failed transactions and money deducted,1
153,PhonePe,App freezes during payment,1
154,SBI YONO,Failed transactions and money deducted,3
155,SBI YONO,Slow refunds and poor support,2
156,GPay,Transaction failed due to bank server down,3
157,CRED,Transaction failed due to bank server down,2
158,CRED,UPI server delay error,2
159,Paytm,Transaction failed due to bank server down,3
160,Paytm,App freezes during payment,1
161,GPay,App freezes during payment,3
162,GPay,UPI server delay error,3
163,PhonePe,Slow refunds and poor support,3
164,CRED,Transaction failed due to bank server down,3
165,CRED,Slow refunds and poor support,1
166,SBI YONO,Transaction failed due to bank server down,1
167,Paytm,Transaction failed due to bank server down,3
168,PhonePe,Failed transactions and money deducted,1
169,CRED,Failed transactions and money deducted,1
170,CRED,Slow refunds and poor support,1
171,PhonePe,Transaction failed due to bank server down,1
172,PhonePe,UPI server delay error,3
173,GPay,UPI server delay error,3
174,Paytm,Transaction failed due to bank server down,1
175,PhonePe,Slow refunds and poor support,1
176,SBI YONO,Slow refunds and poor support,2
177,PhonePe,Transaction failed due to bank server down,1
178,Paytm,Failed transactions and money deducted,2
179,PhonePe,Failed transactions and money deducted,3
180,CRED,UPI server delay error,1
181,Paytm,Failed transactions and money deducted,2
182,PhonePe,App freezes during payment,1
183,SBI YONO,Transaction failed due to bank server down,3
184,PhonePe,App freezes during payment,1
185,PhonePe,UPI server delay error,3
186,PhonePe,Transaction failed due to bank server down,1
187,CRED,Failed transactions and money deducted,3
188,Paytm,App freezes during payment,2
189,GPay,UPI server delay error,1
190,PhonePe,App freezes during payment,2
191,CRED,App freezes during payment,2
192,SBI YONO,UPI server delay error,2
193,GPay,App freezes during payment,2
194,CRED,UPI server delay error,1
195,CRED,Transaction failed due to bank server down,1
196,SBI YONO,Transaction failed due to bank server down,2
197,GPay,Transaction failed due to bank server down,3
198,Paytm,App freezes during payment,3
199,SBI YONO,App freezes during payment,2
200,PhonePe,App freezes during payment,1
201,PhonePe,Transaction failed due to bank server down,1
202,CRED,Failed transactions and money deducted,2
203,Paytm,Slow refunds and poor support,2
204,PhonePe,Transaction failed due to bank server down,1
205,Paytm,App freezes during payment,2
206,Paytm,Transaction failed due to bank server down,1
207,CRED,Transaction failed due to bank server down,1
208,SBI YONO,App freezes during payment,2
209,CRED,Failed transactions and money deducted,2
210,Paytm,Transaction failed due to bank server down,2
211,CRED,Slow refunds and poor support,3
212,CRED,Transaction failed due to bank server down,1
213,PhonePe,Slow refunds and poor support,2
214,GPay,Transaction failed due to bank server down,1
215,Paytm,Failed transactions and money deducted,1
216,SBI YONO,App freezes during payment,2
217,PhonePe,Transaction failed due to bank server down,2
218,PhonePe,App freezes during payment,3
219,PhonePe,UPI server delay error,3
220,CRED,Slow refunds and poor support,1
221,GPay,Slow refunds and poor support,1
222,PhonePe,App freezes during payment,3
223,CRED,Transaction failed due to bank server down,1
224,SBI YONO,Slow refunds and poor support,2
225,Paytm,Slow refunds and poor support,2
226,SBI YONO,App freezes during payment,3
227,PhonePe,UPI server delay error,1
228,PhonePe,UPI server delay error,1
229,Paytm,Transaction failed due to bank server down,3
230,PhonePe,Failed transactions and money deducted,3
231,SBI YONO,App freezes during payment,1
232,PhonePe,Slow refunds and poor support,3
233,PhonePe,Transaction failed due to bank server down,3
234,CRED,UPI server delay error,1
235,Paytm,Slow refunds and poor support,1
236,SBI YONO,Failed transactions and money deducted,1
237,SBI YONO,Failed transactions and money deducted,2
238,Paytm,Failed transactions and money deducted,3
239,CRED,Failed transactions and money deducted,3
240,PhonePe,Transaction failed due to bank server down,1
241,GPay,Transaction failed due to bank server down,1
242,Paytm,Slow refunds and poor support,2
243,Paytm,Slow refunds and poor support,2
244,GPay,Failed transactions and money deducted,3
245,Paytm,App freezes during payment,2
246,Paytm,Failed transactions and money deducted,2
247,Paytm,Slow refunds and poor support,3
248,Paytm,App freezes during payment,2
249,Paytm,Transaction failed due to bank server down,1
250,Paytm,Failed transactions and money deducted,2
251,CRED,Failed transactions and money deducted,2
252,Paytm,UPI server delay error,2
253,SBI YONO,Failed transactions and money deducted,2
254,Paytm,Slow refunds and poor support,1
255,SBI YONO,Failed transactions and money deducted,3
256,Paytm,Transaction failed due to bank server down,3
257,CRED,Transaction failed due to bank server down,2
258,CRED,Slow refunds and poor support,1
259,PhonePe,Transaction failed due to bank server down,2
260,SBI YONO,Slow refunds and poor support,3
261,Paytm,UPI server delay error,1
262,CRED,Transaction failed due to bank server down,1
263,CRED,UPI server delay error,3
264,SBI YONO,Transaction failed due to bank server down,2
265,PhonePe,App freezes during payment,1
266,GPay,UPI server delay error,1
267,CRED,Slow refunds and poor support,3
268,GPay,App freezes during payment,1
269,GPay,Transaction failed due to bank server down,1
270,PhonePe,UPI server delay error,2
271,CRED,App freezes during payment,3
272,GPay,Slow refunds and poor support,3
273,SBI YONO,Failed transactions and money deducted,1
274,CRED,App freezes during payment,2
275,PhonePe,Slow refunds and poor support,3
276,CRED,Transaction failed due to bank server down,2
277,Paytm,Transaction failed due to bank server down,3
278,CRED,Transaction failed due to bank server down,1
279,SBI YONO,App freezes during payment,3
280,Paytm,Slow refunds and poor support,3
281,SBI YONO,Slow refunds and poor support,2
282,PhonePe,Transaction failed due to bank server down,3
283,GPay,Transaction failed due to bank server down,3
284,GPay,Transaction failed due to bank server down,3
285,CRED,Slow refunds and poor support,3
286,Paytm,Transaction failed due to bank server down,1
287,SBI YONO,App freezes during payment,3
288,Paytm,Transaction failed due to bank server down,2
289,GPay,Failed transactions and money deducted,2
290,Paytm,Failed transactions and money deducted,2
291,Paytm,Slow refunds and poor support,1
292,GPay,Failed transactions and money deducted,2
293,SBI YONO,App freezes during payment,3
294,GPay,Failed transactions and money deducted,2
295,CRED,App freezes during payment,2
296,Paytm,Slow refunds and poor support,2
297,CRED,App freezes during payment,3
298,CRED,Transaction failed due to bank server down,2
299,SBI YONO,Slow refunds and poor support,3
300,Paytm,UPI server delay error,3
301,Paytm,Slow refunds and poor support,2
302,CRED,Transaction failed due to bank server down,3
303,Paytm,Slow refunds and poor support,1
304,PhonePe,Slow refunds and poor support,3
305,SBI YONO,App freezes during payment,1
306,PhonePe,Transaction failed due to bank server down,2
307,Paytm,UPI server delay error,2
308,Paytm,Slow refunds and poor support,2
309,CRED,Failed transactions and money deducted,1
310,Paytm,App freezes during payment,2
311,PhonePe,UPI server delay error,1
312,SBI YONO,UPI server delay error,1
313,CRED,App freezes during payment,3
314,SBI YONO,Failed transactions and money deducted,1
315,CRED,Failed transactions and money deducted,3
316,CRED,UPI server delay error,1
317,PhonePe,UPI server delay error,2
318,PhonePe,Failed transactions and money deducted,3
319,Paytm,Slow refunds and poor support,3
320,SBI YONO,Transaction failed due to bank server down,1
321,CRED,UPI server delay error,2
322,Paytm,Failed transactions and money deducted,2
323,CRED,App freezes during payment,1
324,CRED,App freezes during payment,1
325,CRED,Failed transactions and money deducted,1
326,PhonePe,App freezes during payment,1
327,Paytm,Slow refunds and poor support,2
328,GPay,UPI server delay error,2
329,GPay,UPI server delay error,1
330,CRED,Transaction failed due to bank server down,1
331,PhonePe,UPI server delay error,3
332,CRED,Transaction failed due to bank server down,2
333,GPay,App freezes during payment,3
334,CRED,App freezes during payment,1
335,PhonePe,UPI server delay error,2
336,PhonePe,Slow refunds and poor support,3
337,GPay,App freezes during payment,1
338,CRED,UPI server delay error,2
339,PhonePe,Failed transactions and money deducted,3
340,Paytm,Failed transactions and money deducted,2
341,CRED,Slow refunds and poor support,3
342,Paytm,Transaction failed due to bank server down,3
343,GPay,Failed transactions and money deducted,2
344,GPay,UPI server delay error,3
345,Paytm,Slow refunds and poor support,1
346,PhonePe,UPI server delay error,2
347,Paytm,Slow refunds and poor support,3
348,Paytm,App freezes during payment,2
349,Paytm,Slow refunds and poor support,3
350,SBI YONO,App freezes during payment,3
351,GPay,Slow refunds and poor support,2
352,Paytm,Failed transactions and money deducted,2
353,PhonePe,Transaction failed due to bank server down,1
354,CRED,Failed transactions and money deducted,1
355,CRED,Failed transactions and money deducted,1
356,CRED,UPI server delay error,1
357,PhonePe,Failed transactions and money deducted,3
358,GPay,Transaction failed due to bank server down,3
359,SBI YONO,Transaction failed due to bank server down,3
360,GPay,App freezes during payment,3
361,PhonePe,UPI server delay error,1
362,SBI YONO,Transaction failed due to bank server down,3
363,PhonePe,UPI server delay error,1
364,Paytm,Slow refunds and poor support,1
365,SBI YONO,Failed transactions and money deducted,3
366,SBI YONO,Failed transactions and money deducted,3
367,Paytm,UPI server delay error,2
368,PhonePe,Transaction failed due to bank server down,1
369,PhonePe,UPI server delay error,2
370,SBI YONO,UPI server delay error,2
371,CRED,App freezes during payment,1
372,CRED,Slow refunds and poor support,2
373,Paytm,Failed transactions and money deducted,3
374,Paytm,Transaction failed due to bank server down,2
375,CRED,Failed transactions and money deducted,2
376,CRED,Transaction failed due to bank server down,1
377,GPay,Failed transactions and money deducted,2
378,PhonePe,Slow refunds and poor support,1
379,SBI YONO,App freezes during payment,3
380,SBI YONO,UPI server delay error,2
381,CRED,Slow refunds and poor support,1
382,CRED,Transaction failed due to bank server down,3
383,PhonePe,Transaction failed due to bank server down,1
384,GPay,Failed transactions and money deducted,2
385,CRED,App freezes during payment,3
386,SBI YONO,Transaction failed due to bank server down,2
387,SBI YONO,Slow refunds and poor support,1
388,CRED,Failed transactions and money deducted,2
389,GPay,App freezes during payment,1
390,GPay,Transaction failed due to bank server down,2
391,PhonePe,UPI server delay error,2
392,CRED,Failed transactions and money deducted,1
393,SBI YONO,Slow refunds and poor support,1
394,CRED,Transaction failed due to bank server down,2
395,GPay,UPI server delay error,2
396,Paytm,App freezes during payment,1
397,CRED,Transaction failed due to bank server down,3
398,Paytm,UPI server delay error,3
399,GPay,UPI server delay error,2
400,PhonePe,App freezes during payment,3
401,SBI YONO,App freezes during payment,1
402,Paytm,App freezes during payment,1
403,Paytm,Slow refunds and poor support,2
404,CRED,App freezes during payment,3
405,PhonePe,Failed transactions and money deducted,3
406,CRED,Transaction failed due to bank server down,3
407,PhonePe,Slow refunds and poor support,3
408,PhonePe,Failed transactions and money deducted,2
409,Paytm,App freezes during payment,1
410,PhonePe,Failed transactions and money deducted,2
411,SBI YONO,Transaction failed due to bank server down,3
412,PhonePe,Slow refunds and poor support,2
413,CRED,UPI server delay error,3
414,Paytm,App freezes during payment,2
415,GPay,Failed transactions and money deducted,2
416,GPay,Transaction failed due to bank server down,1
417,PhonePe,Transaction failed due to bank server down,3
418,PhonePe,Slow refunds and poor support,1
419,PhonePe,Transaction failed due to bank server down,1
420,Paytm,Failed transactions and money deducted,2
421,GPay,Slow refunds and poor support,1
422,PhonePe,App freezes during payment,3
423,GPay,Failed transactions and money deducted,1
424,Paytm,Transaction failed due to bank server down,3
425,GPay,Slow refunds and poor support,2
426,SBI YONO,App freezes during payment,2
427,PhonePe,Failed transactions and money deducted,3
428,GPay,UPI server delay error,1
429,Paytm,UPI server delay error,3
430,SBI YONO,App freezes during payment,1
431,SBI YONO,UPI server delay error,3
432,GPay,UPI server delay error,3
433,SBI YONO,UPI server delay error,1
434,SBI YONO,App freezes during payment,1
435,GPay,UPI server delay error,2
436,CRED,Slow refunds and poor support,1
437,SBI YONO,UPI server delay error,2
438,CRED,Slow refunds and poor support,3
439,SBI YONO,Slow refunds and poor support,3
440,PhonePe,Slow refunds and poor support,1
441,PhonePe,Failed transactions and money deducted,3
442,CRED,Failed transactions and money deducted,2
443,PhonePe,UPI server delay error,1
444,CRED,UPI server delay error,1
445,Paytm,App freezes during payment,3
446,Paytm,App freezes during payment,1
447,CRED,Failed transactions and money deducted,2
448,PhonePe,Slow refunds and poor support,3
449,GPay,App freezes during payment,3
450,GPay,Slow refunds and poor support,3
451,Paytm,Slow refunds and poor support,2
452,SBI YONO,Failed transactions and money deducted,2
453,PhonePe,App freezes during payment,1
454,GPay,UPI server delay error,2
455,SBI YONO,UPI server delay error,2
456,GPay,Slow refunds and poor support,3
457,PhonePe,UPI server delay error,3
458,CRED,App freezes during payment,2
459,GPay,UPI server delay error,3
460,Paytm,App freezes during payment,2
461,PhonePe,App freezes during payment,1
462,GPay,Transaction failed due to bank server down,3
463,Paytm,Failed transactions and money deducted,3
464,SBI YONO,Failed transactions and money deducted,1
465,SBI YONO,Transaction failed due to bank server down,1
466,CRED,Failed transactions and money deducted,2
467,PhonePe,Transaction failed due to bank server down,3
468,CRED,Transaction failed due to bank server down,1
469,Paytm,Slow refunds and poor support,2
470,PhonePe,Failed transactions and money deducted,1
471,Paytm,UPI server delay error,2
472,CRED,Failed transactions and money deducted,3
473,PhonePe,Failed transactions and money deducted,2
474,CRED,UPI server delay error,1
475,SBI YONO,Transaction failed due to bank server down,1
476,GPay,Failed transactions and money deducted,3
477,GPay,App freezes during payment,3
478,CRED,Failed transactions and money deducted,1
479,Paytm,Failed transactions and money deducted,1
480,Paytm,Slow refunds and poor support,2
481,Paytm,App freezes during payment,1
482,PhonePe,Slow refunds and poor support,1
483,PhonePe,Transaction failed due to bank server down,2
484,PhonePe,App freezes during payment,1
485,CRED,Failed transactions and money deducted,3
486,CRED,UPI server delay error,3
487,Paytm,Transaction failed due to bank server down,3
488,Paytm,UPI server delay error,2
489,PhonePe,Failed transactions and money deducted,1
490,GPay,Slow refunds and poor support,3
491,Paytm,App freezes during payment,3
492,CRED,Slow refunds and poor support,1
493,GPay,Slow refunds and poor support,2
494,SBI YONO,Slow refunds and poor support,1
495,SBI YONO,Failed transactions and money deducted,3
496,Paytm,Transaction failed due to bank server down,3
497,SBI YONO,UPI server delay error,3
498,Paytm,Transaction failed due to bank server down,1
499,PhonePe,UPI server delay error,2
500,PhonePe,Transaction failed due to bank server down,1
501,GPay,Transaction failed due to bank server down,2
502,SBI YONO,Transaction failed due to bank server down,3
503,SBI YONO,Transaction failed due to bank server down,3
504,SBI YONO,Slow refunds and poor support,1
505,PhonePe,Failed transactions and money deducted,3
506,CRED,App freezes during payment,2
507,GPay,Transaction failed due to bank server down,1
508,CRED,Transaction failed due to bank server down,1
509,Paytm,Transaction failed due to bank server down,2
510,PhonePe,UPI server delay error,2
511,GPay,App freezes during payment,3
512,GPay,UPI server delay error,3
513,GPay,Slow refunds and poor support,2
514,GPay,UPI server delay error,1
515,SBI YONO,Failed transactions and money deducted,3
516,PhonePe,Slow refunds and poor support,2
517,CRED,Transaction failed due to bank server down,1
518,GPay,Transaction failed due to bank server down,1
519,Paytm,UPI server delay error,3
520,SBI YONO,Transaction failed due to bank server down,3
521,SBI YONO,App freezes during payment,1
522,GPay,Failed transactions and money deducted,3
523,SBI YONO,UPI server delay error,3
524,CRED,UPI server delay error,2
525,SBI YONO,App freezes during payment,1
526,PhonePe,UPI server delay error,1
527,GPay,Slow refunds and poor support,3
528,GPay,Failed transactions and money deducted,2
529,GPay,Failed transactions and money deducted,3
530,CRED,Transaction failed due to bank server down,3
531,Paytm,Failed transactions and money deducted,2
532,CRED,Failed transactions and money deducted,3
533,CRED,Transaction failed due to bank server down,1
534,PhonePe,Transaction failed due to bank server down,2
535,GPay,App freezes during payment,1
536,PhonePe,Failed transactions and money deducted,3
537,SBI YONO,Transaction failed due to bank server down,3
538,GPay,Slow refunds and poor support,2
539,Paytm,Transaction failed due to bank server down,1
540,PhonePe,UPI server delay error,3
541,CRED,Slow refunds and poor support,2
542,SBI YONO,Slow refunds and poor support,1
543,SBI YONO,UPI server delay error,2
544,SBI YONO,App freezes during payment,1
545,CRED,Slow refunds and poor support,3
546,CRED,Failed transactions and money deducted,1
547,Paytm,UPI server delay error,2
548,PhonePe,Slow refunds and poor support,3
549,SBI YONO,Slow refunds and poor support,2
550,PhonePe,Transaction failed due to bank server down,2
551,Paytm,Transaction failed due to bank server down,3
552,Paytm,Slow refunds and poor support,1
553,SBI YONO,App freezes during payment,2
554,Paytm,App freezes during payment,1
555,Paytm,Failed transactions and money deducted,2
556,GPay,Slow refunds and poor support,1
557,Paytm,App freezes during payment,3
558,GPay,UPI server delay error,1
559,CRED,App freezes during payment,1
560,SBI YONO,Slow refunds and poor support,2
561,PhonePe,Transaction failed due to bank server down,1
562,SBI YONO,Failed transactions and money deducted,3
563,CRED,Transaction failed due to bank server down,3
564,SBI YONO,Transaction failed due to bank server down,2
565,PhonePe,UPI server delay error,3
566,Paytm,UPI server delay error,2
567,PhonePe,Failed transactions and money deducted,3
568,SBI YONO,Slow refunds and poor support,3
569,PhonePe,App freezes during payment,1
570,CRED,App freezes during payment,1
571,CRED,Slow refunds and poor support,3
572,SBI YONO,UPI server delay error,3
573,GPay,Slow refunds and poor support,2
574,SBI YONO,Slow refunds and poor support,3
575,PhonePe,UPI server delay error,1
576,PhonePe,UPI server delay error,2
577,Paytm,UPI server delay error,1
578,CRED,App freezes during payment,2
579,Paytm,Slow refunds and poor support,3
580,CRED,Failed transactions and money deducted,2
581,SBI YONO,Failed transactions and money deducted,2
582,PhonePe,UPI server delay error,1
583,CRED,Transaction failed due to bank server down,2
584,GPay,Slow refunds and poor support,3
585,Paytm,Slow refunds and poor support,3
586,SBI YONO,Transaction failed due to bank server down,1
587,CRED,UPI server delay error,2
588,CRED,Failed transactions and money deducted,1
589,Paytm,App freezes during payment,3
590,CRED,App freezes during payment,3
591,PhonePe,App freezes during payment,3
592,CRED,Transaction failed due to bank server down,1
593,Paytm,Slow refunds and poor support,2
594,Paytm,Slow refunds and poor support,3
595,PhonePe,Transaction failed due to bank server down,3
596,PhonePe,UPI server delay error,1
597,GPay,UPI server delay error,2
598,SBI YONO,UPI server delay error,1
599,CRED,Failed transactions and money deducted,2
600,PhonePe,Transaction failed due to bank server down,1
601,Paytm,Failed transactions and money deducted,3
602,Paytm,Transaction failed due to bank server down,2
603,GPay,Transaction failed due to bank server down,2
604,Paytm,Transaction failed due to bank server down,3
605,GPay,Transaction failed due to bank server down,3
606,Paytm,Failed transactions and money deducted,2
607,SBI YONO,Slow refunds and poor support,2
608,CRED,Transaction failed due to bank server down,3
609,GPay,Failed transactions and money deducted,3
610,CRED,Slow refunds and poor support,1
611,GPay,UPI server delay error,2
612,SBI YONO,UPI server delay error,1
613,Paytm,UPI server delay error,1
614,CRED,App freezes during payment,1
615,CRED,UPI server delay error,2
616,GPay,Transaction failed due to bank server down,3
617,CRED,Slow refunds and poor support,1
618,GPay,Transaction failed due to bank server down,2
619,CRED,Slow refunds and poor support,3
620,CRED,Transaction failed due to bank server down,3
621,SBI YONO,Transaction failed due to bank server down,1
622,CRED,App freezes during payment,1
623,CRED,Failed transactions and money deducted,2
624,CRED,UPI server delay error,2
625,GPay,UPI server delay error,1
626,PhonePe,Slow refunds and poor support,1
627,PhonePe,App freezes during payment,3
628,PhonePe,Failed transactions and money deducted,2
629,PhonePe,Slow refunds and poor support,1
630,PhonePe,Transaction failed due to bank server down,1
631,PhonePe,Transaction failed due to bank server down,2
632,SBI YONO,Transaction failed due to bank server down,1
633,GPay,Transaction failed due to bank server down,1
634,SBI YONO,Failed transactions and money deducted,1
635,PhonePe,Transaction failed due to bank server down,3
636,PhonePe,UPI server delay error,2
637,SBI YONO,App freezes during payment,3
638,CRED,Failed transactions and money deducted,2
639,Paytm,App freezes during payment,2
640,GPay,App freezes during payment,1
641,CRED,Failed transactions and money deducted,1
642,CRED,App freezes during payment,2
643,GPay,Failed transactions and money deducted,2
644,CRED,Transaction failed due to bank server down,1
645,CRED,Failed transactions and money deducted,3
646,PhonePe,Slow refunds and poor support,3
647,GPay,App freezes during payment,2
648,GPay,Transaction failed due to bank server down,3
649,GPay,Failed transactions and money deducted,3
650,CRED,Slow refunds and poor support,1
651,GPay,Transaction failed due to bank server down,1
652,PhonePe,UPI server delay error,2
653,CRED,Failed transactions and money deducted,3
654,CRED,Failed transactions and money deducted,1
655,CRED,App freezes during payment,1
656,PhonePe,Transaction failed due to bank server down,2
657,SBI YONO,Failed transactions and money deducted,1
658,PhonePe,Transaction failed due to bank server down,2
659,SBI YONO,Slow refunds and poor support,2
660,Paytm,Failed transactions and money deducted,2
661,CRED,Transaction failed due to bank server down,2
662,GPay,Failed transactions and money deducted,3
663,Paytm,UPI server delay error,3
664,CRED,Slow refunds and poor support,1
665,CRED,Failed transactions and money deducted,1
666,PhonePe,Slow refunds and poor support,3
667,GPay,Slow refunds and poor support,2
668,Paytm,Failed transactions and money deducted,2
669,CRED,UPI server delay error,1
670,CRED,UPI server delay error,1
671,CRED,App freezes during payment,2
672,SBI YONO,UPI server delay error,3
673,CRED,Transaction failed due to bank server down,1
674,Paytm,Slow refunds and poor support,1
675,Paytm,Transaction failed due to bank server down,1
676,Paytm,Slow refunds and poor support,1
677,PhonePe,Slow refunds and poor support,2
678,Paytm,Slow refunds and poor support,2
679,GPay,Failed transactions and money deducted,3
680,GPay,App freezes during payment,1
681,SBI YONO,App freezes during payment,3
682,SBI YONO,Failed transactions and money deducted,1
683,GPay,Failed transactions and money deducted,3
684,SBI YONO,Transaction failed due to bank server down,3
685,Paytm,Slow refunds and poor support,2
686,CRED,Slow refunds and poor support,2
687,SBI YONO,Failed transactions and money deducted,1
688,PhonePe,UPI server delay error,2
689,SBI YONO,UPI server delay error,1
690,SBI YONO,Transaction failed due to bank server down,3
691,SBI YONO,Slow refunds and poor support,1
692,Paytm,Failed transactions and money deducted,2
693,PhonePe,UPI server delay error,1
694,Paytm,Failed transactions and money deducted,2
695,SBI YONO,App freezes during payment,3
696,PhonePe,Transaction failed due to bank server down,3
697,SBI YONO,UPI server delay error,3
698,CRED,App freezes during payment,1
699,Paytm,Failed transactions and money deducted,3
700,GPay,Failed transactions and money deducted,3
701,GPay,App freezes during payment,2
702,Paytm,Failed transactions and money deducted,1
703,PhonePe,App freezes during payment,1
704,PhonePe,UPI server delay error,1
705,Paytm,App freezes during payment,2
706,Paytm,Slow refunds and poor support,3
707,SBI YONO,Slow refunds and poor support,1
708,Paytm,Transaction failed due to bank server down,3
709,CRED,App freezes during payment,2
710,Paytm,App freezes during payment,3
711,CRED,UPI server delay error,3
712,SBI YONO,Transaction failed due to bank server down,1
713,GPay,App freezes during payment,2
714,Paytm,Failed transactions and money deducted,3
715,PhonePe,App freezes during payment,1
716,PhonePe,Failed transactions and money deducted,2
717,SBI YONO,UPI server delay error,2
718,GPay,Transaction failed due to bank server down,1
719,SBI YONO,UPI server delay error,3
720,Paytm,UPI server delay error,3
721,SBI YONO,UPI server delay error,1
722,CRED,Transaction failed due to bank server down,1
723,PhonePe,Transaction failed due to bank server down,3
724,SBI YONO,UPI server delay error,1
725,CRED,App freezes during payment,3
726,SBI YONO,Failed transactions and money deducted,2
727,GPay,Slow refunds and poor support,3
728,SBI YONO,App freezes during payment,3
729,PhonePe,App freezes during payment,1
730,Paytm,Failed transactions and money deducted,1
731,Paytm,App freezes during payment,2
732,CRED,Slow refunds and poor support,3
733,PhonePe,Slow refunds and poor support,3
734,CRED,Failed transactions and money deducted,2
735,PhonePe,Transaction failed due to bank server down,3
736,CRED,App freezes during payment,1
737,GPay,App freezes during payment,2
738,Paytm,Transaction failed due to bank server down,1
739,Paytm,App freezes during payment,3
740,PhonePe,Slow refunds and poor support,2
741,SBI YONO,App freezes during payment,2
742,CRED,UPI server delay error,1
743,SBI YONO,Failed transactions and money deducted,1
744,CRED,Failed transactions and money deducted,2
745,Paytm,Transaction failed due to bank server down,3
746,Paytm,UPI server delay error,1
747,CRED,Transaction failed due to bank server down,1
748,SBI YONO,UPI server delay error,1
749,GPay,Slow refunds and poor support,2
750,GPay,UPI server delay error,1
751,SBI YONO,App freezes during payment,1
752,PhonePe,App freezes during payment,1
753,PhonePe,Slow refunds and poor support,1
754,CRED,App freezes during payment,3
755,Paytm,UPI server delay error,3
756,SBI YONO,Failed transactions and money deducted,1
757,Paytm,App freezes during payment,1
758,SBI YONO,Failed transactions and money deducted,3
759,SBI YONO,Slow refunds and poor support,3
760,PhonePe,UPI server delay error,2
761,GPay,Transaction failed due to bank server down,3
762,GPay,UPI server delay error,1
763,PhonePe,Slow refunds and poor support,1
764,SBI YONO,App freezes during payment,2
765,Paytm,App freezes during payment,2
766,SBI YONO,UPI server delay error,1
767,PhonePe,App freezes during payment,2
768,CRED,UPI server delay error,3
769,GPay,Transaction failed due to bank server down,2
770,Paytm,Transaction failed due to bank server down,2
771,SBI YONO,Slow refunds and poor support,3
772,PhonePe,App freezes during payment,3
773,PhonePe,UPI server delay error,2
774,GPay,App freezes during payment,2
775,CRED,UPI server delay error,1
776,GPay,App freezes during payment,3
777,SBI YONO,Slow refunds and poor support,3
778,PhonePe,Failed transactions and money deducted,2
779,GPay,Failed transactions and money deducted,2
780,Paytm,Failed transactions and money deducted,3
781,GPay,UPI server delay error,2
782,SBI YONO,Failed transactions and money deducted,2
783,Paytm,Slow refunds and poor support,1
784,CRED,UPI server delay error,3
785,SBI YONO,Failed transactions and money deducted,2
786,SBI YONO,App freezes during payment,1
787,PhonePe,UPI server delay error,3
788,PhonePe,App freezes during payment,3
789,GPay,Slow refunds and poor support,1
790,PhonePe,Slow refunds and poor support,2
791,Paytm,UPI server delay error,2
792,CRED,Failed transactions and money deducted,1
793,CRED,Slow refunds and poor support,3
794,SBI YONO,Transaction failed due to bank server down,3
795,CRED,Slow refunds and poor support,1
796,Paytm,Failed transactions and money deducted,2
797,CRED,Transaction failed due to bank server down,1
798,SBI YONO,Transaction failed due to bank server down,3
799,CRED,Transaction failed due to bank server down,3
800,CRED,Failed transactions and money deducted,1
801,CRED,Slow refunds and poor support,3
802,Paytm,Slow refunds and poor support,3
803,PhonePe,Slow refunds and poor support,3
804,Paytm,Transaction failed due to bank server down,2
805,GPay,UPI server delay error,3
806,PhonePe,Failed transactions and money deducted,3
807,Paytm,UPI server delay error,2
808,SBI YONO,UPI server delay error,2
809,SBI YONO,Slow refunds and poor support,3
810,SBI YONO,Transaction failed due to bank server down,3
811,GPay,Failed transactions and money deducted,2
812,GPay,App freezes during payment,1
813,SBI YONO,Transaction failed due to bank server down,2
814,GPay,Slow refunds and poor support,3
815,PhonePe,Failed transactions and money deducted,2
816,SBI YONO,App freezes during payment,1
817,Paytm,Slow refunds and poor support,1
818,Paytm,Transaction failed due to bank server down,3
819,SBI YONO,Failed transactions and money deducted,3
820,GPay,App freezes during payment,2
821,CRED,Failed transactions and money deducted,2
822,CRED,Slow refunds and poor support,1
823,GPay,UPI server delay error,3
824,GPay,UPI server delay error,3
825,SBI YONO,Slow refunds and poor support,3
826,PhonePe,Transaction failed due to bank server down,3
827,SBI YONO,App freezes during payment,2
828,CRED,Failed transactions and money deducted,1
829,CRED,App freezes during payment,3
830,Paytm,Transaction failed due to bank server down,3
831,PhonePe,Slow refunds and poor support,1
832,PhonePe,Slow refunds and poor support,2
833,CRED,Transaction failed due to bank server down,1
834,SBI YONO,App freezes during payment,1
835,CRED,Slow refunds and poor support,3
836,CRED,App freezes during payment,3
837,PhonePe,Slow refunds and poor support,3
838,GPay,App freezes during payment,2
839,CRED,UPI server delay error,2
840,SBI YONO,UPI server delay error,3
841,Paytm,Transaction failed due to bank server down,3
842,CRED,App freezes during payment,2
843,CRED,UPI server delay error,1
844,CRED,Transaction failed due to bank server down,3
845,GPay,App freezes during payment,2
846,CRED,App freezes during payment,1
847,Paytm,App freezes during payment,3
848,SBI YONO,UPI server delay error,1
849,PhonePe,Failed transactions and money deducted,2
850,PhonePe,UPI server delay error,1
851,PhonePe,Transaction failed due to bank server down,3
852,Paytm,Transaction failed due to bank server down,3
853,Paytm,Failed transactions and money deducted,3
854,PhonePe,Slow refunds and poor support,2
855,GPay,App freezes during payment,2
856,PhonePe,UPI server delay error,1
857,Paytm,UPI server delay error,3
858,GPay,Slow refunds and poor support,1
859,CRED,Transaction failed due to bank server down,1
860,SBI YONO,Transaction failed due to bank server down,3
861,Paytm,Failed transactions and money deducted,3
862,PhonePe,Transaction failed due to bank server down,3
863,CRED,Transaction failed due to bank server down,2
864,PhonePe,App freezes during payment,3
865,GPay,Transaction failed due to bank server down,1
866,SBI YONO,Transaction failed due to bank server down,1
867,SBI YONO,Failed transactions and money deducted,2
868,GPay,Transaction failed due to bank server down,2
869,Paytm,Transaction failed due to bank server down,3
870,CRED,Transaction failed due to bank server down,1
871,CRED,App freezes during payment,1
872,SBI YONO,App freezes during payment,1
873,GPay,Failed transactions and money deducted,3
874,GPay,Transaction failed due to bank server down,3
875,CRED,UPI server delay error,1
876,CRED,Failed transactions and money deducted,3
877,Paytm,Failed transactions and money deducted,1
878,SBI YONO,Slow refunds and poor support,3
879,CRED,UPI server delay error,3
880,CRED,Slow refunds and poor support,3
881,SBI YONO,Failed transactions and money deducted,1
882,CRED,App freezes during payment,1
883,CRED,App freezes during payment,1
884,SBI YONO,UPI server delay error,1
885,GPay,Slow refunds and poor support,3
886,CRED,Slow refunds and poor support,3
887,Paytm,Transaction failed due to bank server down,3
888,GPay,UPI server delay error,3
889,PhonePe,App freezes during payment,1
890,GPay,Slow refunds and poor support,1
891,PhonePe,Transaction failed due to bank server down,2
892,CRED,UPI server delay error,3
893,SBI YONO,Transaction failed due to bank server down,3
894,CRED,Failed transactions and money deducted,2
895,SBI YONO,Slow refunds and poor support,2
896,CRED,Transaction failed due to bank server down,3
897,SBI YONO,Transaction failed due to bank server down,3
898,CRED,Failed transactions and money deducted,1
899,PhonePe,App freezes during payment,3
900,SBI YONO,UPI server delay error,2
901,Paytm,App freezes during payment,3
902,SBI YONO,UPI server delay error,3
903,Paytm,Failed transactions and money deducted,3
904,Paytm,UPI server delay error,1
905,CRED,App freezes during payment,1
906,GPay,App freezes during payment,2
907,Paytm,Failed transactions and money deducted,2
908,CRED,App freezes during payment,1
909,CRED,Slow refunds and poor support,2
910,GPay,Failed transactions and money deducted,2
911,CRED,App freezes during payment,3
912,PhonePe,Transaction failed due to bank server down,2
913,PhonePe,Failed transactions and money deducted,1
914,PhonePe,Transaction failed due to bank server down,3
915,PhonePe,Slow refunds and poor support,1
916,SBI YONO,Transaction failed due to bank server down,2
917,PhonePe,UPI server delay error,1
918,GPay,Transaction failed due to bank server down,2
919,CRED,Transaction failed due to bank server down,1
920,CRED,Failed transactions and money deducted,3
921,CRED,UPI server delay error,3
922,Paytm,Failed transactions and money deducted,2
923,GPay,Failed transactions and money deducted,1
924,SBI YONO,Slow refunds and poor support,1
925,Paytm,Slow refunds and poor support,1
926,PhonePe,Slow refunds and poor support,3
927,SBI YONO,Transaction failed due to bank server down,1
928,CRED,Slow refunds and poor support,3
929,CRED,Slow refunds and poor support,1
930,SBI YONO,Transaction failed due to bank server down,1
931,PhonePe,Transaction failed due to bank server down,2
932,PhonePe,UPI server delay error,3
933,PhonePe,Transaction failed due to bank server down,2
934,PhonePe,Transaction failed due to bank server down,2
935,SBI YONO,Transaction failed due to bank server down,2
936,SBI YONO,Slow refunds and poor support,1
937,SBI YONO,Slow refunds and poor support,3
938,SBI YONO,Transaction failed due to bank server down,3
939,GPay,Slow refunds and poor support,1
940,Paytm,Failed transactions and money deducted,3
941,Paytm,App freezes during payment,2
942,GPay,UPI server delay error,2
943,Paytm,App freezes during payment,3
944,Paytm,Slow refunds and poor support,3
945,Paytm,UPI server delay error,2
946,GPay,App freezes during payment,2
947,SBI YONO,Failed transactions and money deducted,1
948,SBI YONO,UPI server delay error,2
949,Paytm,UPI server delay error,3
950,PhonePe,Slow refunds and poor support,2
951,SBI YONO,Failed transactions and money deducted,1
952,CRED,App freezes during payment,3
953,Paytm,Failed transactions and money deducted,3
954,SBI YONO,Transaction failed due to bank server down,2
955,CRED,Transaction failed due to bank server down,1
956,CRED,UPI server delay error,1
957,SBI YONO,Slow refunds and poor support,3
958,Paytm,App freezes during payment,1
959,GPay,App freezes during payment,3
960,Paytm,Transaction failed due to bank server down,3
961,CRED,Failed transactions and money deducted,1
962,Paytm,Transaction failed due to bank server down,1
963,CRED,Slow refunds and poor support,2
964,GPay,UPI server delay error,2
965,GPay,App freezes during payment,2
966,PhonePe,Failed transactions and money deducted,2
967,Paytm,Failed transactions and money deducted,3
968,SBI YONO,Transaction failed due to bank server down,2
969,GPay,UPI server delay error,3
970,GPay,Transaction failed due to bank server down,1
971,Paytm,Slow refunds and poor support,1
972,Paytm,Slow refunds and poor support,1
973,CRED,Failed transactions and money deducted,3
974,PhonePe,Failed transactions and money deducted,1
975,SBI YONO,Slow refunds and poor support,2
976,GPay,Slow refunds and poor support,1
977,SBI YONO,App freezes during payment,1
978,Paytm,Slow refunds and poor support,2
979,Paytm,UPI server delay error,1
980,PhonePe,Transaction failed due to bank server down,3
981,SBI YONO,Failed transactions and money deducted,3
982,CRED,App freezes during payment,2
983,CRED,App freezes during payment,2
984,Paytm,UPI server delay error,1
985,Paytm,Failed transactions and money deducted,3
986,Paytm,UPI server delay error,2
987,Paytm,Transaction failed due to bank server down,2
988,PhonePe,Failed transactions and money deducted,2
989,Paytm,Slow refunds and poor support,1
990,PhonePe,App freezes during payment,3
991,Paytm,Transaction failed due to bank server down,1
992,CRED,UPI server delay error,3
993,GPay,App freezes during payment,2
994,GPay,App freezes during payment,2
995,Paytm,App freezes during payment,2
996,CRED,Transaction failed due to bank server down,2
997,PhonePe,Transaction failed due to bank server down,2
998,Paytm,App freezes during payment,3
999,CRED,App freezes during payment,3
1000,CRED,Transaction failed due to bank server down,3
1001,SBI YONO,Transaction failed due to bank server down,1
1002,GPay,Failed transactions and money deducted,2
1003,PhonePe,UPI server delay error,1
1004,Paytm,Failed transactions and money deducted,2
1005,CRED,App freezes during payment,1
1006,SBI YONO,UPI server delay error,3
1007,GPay,Slow refunds and poor support,2
1008,GPay,App freezes during payment,1
1009,PhonePe,Slow refunds and poor support,2
1010,SBI YONO,Slow refunds and poor support,1
1011,Paytm,UPI server delay error,1
1012,CRED,Transaction failed due to bank server down,3
1013,SBI YONO,UPI server delay error,2
1014,PhonePe,UPI server delay error,1
1015,SBI YONO,Slow refunds and poor support,2
1016,CRED,Transaction failed due to bank server down,3
1017,Paytm,Failed transactions and money deducted,1
1018,SBI YONO,Transaction failed due to bank server down,1
1019,GPay,UPI server delay error,2
1020,Paytm,App freezes during payment,3
1021,CRED,App freezes during payment,2
1022,PhonePe,Slow refunds and poor support,1
1023,SBI YONO,Failed transactions and money deducted,3
1024,CRED,Transaction failed due to bank server down,2
1025,Paytm,App freezes during payment,1
1026,PhonePe,UPI server delay error,1
1027,GPay,UPI server delay error,3
1028,Paytm,Failed transactions and money deducted,3
1029,GPay,Slow refunds and poor support,3
1030,PhonePe,UPI server delay error,2
1031,CRED,Failed transactions and money deducted,1
1032,SBI YONO,Transaction failed due to bank server down,2
1033,Paytm,Failed transactions and money deducted,2
1034,PhonePe,App freezes during payment,2
1035,GPay,Failed transactions and money deducted,2
1036,PhonePe,App freezes during payment,2
1037,Paytm,Slow refunds and poor support,2
1038,SBI YONO,App freezes during payment,1
1039,Paytm,Slow refunds and poor support,2
1040,Paytm,Slow refunds and poor support,1
1041,Paytm,Transaction failed due to bank server down,2
1042,SBI YONO,UPI server delay error,2
1043,GPay,Failed transactions and money deducted,3
1044,PhonePe,UPI server delay error,3
1045,CRED,UPI server delay error,3
1046,PhonePe,Slow refunds and poor support,2
1047,GPay,Transaction failed due to bank server down,3
1048,PhonePe,Slow refunds and poor support,2
1049,PhonePe,Transaction failed due to bank server down,3
1050,Paytm,UPI server delay error,2
1051,Paytm,App freezes during payment,3
1052,PhonePe,Slow refunds and poor support,3
1053,SBI YONO,Transaction failed due to bank server down,1
1054,SBI YONO,UPI server delay error,1
1055,SBI YONO,UPI server delay error,1
1056,PhonePe,UPI server delay error,3
1057,SBI YONO,UPI server delay error,1
1058,Paytm,UPI server delay error,1
1059,GPay,Failed transactions and money deducted,2
1060,PhonePe,Failed transactions and money deducted,2
1061,GPay,App freezes during payment,1
1062,CRED,UPI server delay error,3
1063,Paytm,Slow refunds and poor support,3
1064,Paytm,Slow refunds and poor support,2
1065,Paytm,Transaction failed due to bank server down,3
1066,Paytm,App freezes during payment,3
1067,CRED,UPI server delay error,2
1068,SBI YONO,App freezes during payment,1
1069,GPay,Slow refunds and poor support,1
1070,SBI YONO,UPI server delay error,2
1071,Paytm,Transaction failed due to bank server down,1
1072,GPay,Failed transactions and money deducted,3
1073,CRED,Transaction failed due to bank server down,2
1074,SBI YONO,Failed transactions and money deducted,2
1075,CRED,Failed transactions and money deducted,3
1076,CRED,Transaction failed due to bank server down,2
1077,Paytm,UPI server delay error,3
1078,Paytm,UPI server delay error,2
1079,SBI YONO,UPI server delay error,2
1080,CRED,Transaction failed due to bank server down,2
1081,CRED,Slow refunds and poor support,3
1082,SBI YONO,UPI server delay error,3
1083,GPay,App freezes during payment,3
1084,PhonePe,UPI server delay error,1
1085,Paytm,Slow refunds and poor support,2
1086,GPay,Failed transactions and money deducted,1
1087,GPay,App freezes during payment,1
1088,SBI YONO,Failed transactions and money deducted,2
1089,SBI YONO,App freezes during payment,1
1090,CRED,UPI server delay error,1
1091,Paytm,Slow refunds and poor support,2
1092,PhonePe,Slow refunds and poor support,1
1093,GPay,Slow refunds and poor support,1
1094,CRED,Transaction failed due to bank server down,3
1095,GPay,Slow refunds and poor support,1
1096,CRED,Transaction failed due to bank server down,2
1097,GPay,App freezes during payment,1
1098,CRED,Slow refunds and poor support,3
1099,Paytm,Slow refunds and poor support,3
1100,GPay,UPI server delay error,1
1101,CRED,Transaction failed due to bank server down,3
1102,GPay,Slow refunds and poor support,1
1103,CRED,Failed transactions and money deducted,2
1104,CRED,App freezes during payment,1
1105,CRED,App freezes during payment,1
1106,CRED,App freezes during payment,1
1107,CRED,UPI server delay error,2
1108,CRED,App freezes during payment,1
1109,CRED,Slow refunds and poor support,1
1110,Paytm,UPI server delay error,3
1111,SBI YONO,Failed transactions and money deducted,3
1112,PhonePe,Slow refunds and poor support,3
1113,Paytm,App freezes during payment,3
1114,Paytm,Slow refunds and poor support,1
1115,Paytm,UPI server delay error,2
1116,GPay,App freezes during payment,2
1117,GPay,UPI server delay error,1
1118,SBI YONO,Slow refunds and poor support,1
1119,GPay,Failed transactions and money deducted,3
1120,Paytm,Slow refunds and poor support,1
1121,PhonePe,App freezes during payment,1
1122,PhonePe,Failed transactions and money deducted,1
1123,SBI YONO,Slow refunds and poor support,3
1124,PhonePe,Slow refunds and poor support,3
1125,Paytm,UPI server delay error,2
1126,CRED,Transaction failed due to bank server down,2
1127,Paytm,Failed transactions and money deducted,3
1128,PhonePe,UPI server delay error,3
1129,GPay,UPI server delay error,2
1130,GPay,Transaction failed due to bank server down,2
1131,GPay,Failed transactions and money deducted,2
1132,SBI YONO,Transaction failed due to bank server down,3
1133,PhonePe,App freezes during payment,1
1134,PhonePe,App freezes during payment,3
1135,CRED,App freezes during payment,2
1136,CRED,App freezes during payment,3
1137,SBI YONO,Slow refunds and poor support,3
1138,CRED,UPI server delay error,1
1139,GPay,Transaction failed due to bank server down,1
1140,CRED,Failed transactions and money deducted,2
1141,Paytm,App freezes during payment,3
1142,Paytm,UPI server delay error,3
1143,GPay,UPI server delay error,3
1144,Paytm,Failed transactions and money deducted,1
1145,SBI YONO,Slow refunds and poor support,3
1146,CRED,Slow refunds and poor support,2
1147,CRED,App freezes during payment,1
1148,SBI YONO,Transaction failed due to bank server down,3
1149,PhonePe,Failed transactions and money deducted,2
1150,Paytm,UPI server delay error,1
1151,PhonePe,Transaction failed due to bank server down,3
1152,GPay,UPI server delay error,2
1153,SBI YONO,Transaction failed due to bank server down,3
1154,GPay,UPI server delay error,3
1155,CRED,Transaction failed due to bank server down,3
1156,PhonePe,Failed transactions and money deducted,2
1157,PhonePe,App freezes during payment,2
1158,CRED,UPI server delay error,2
1159,GPay,App freezes during payment,3
1160,PhonePe,Failed transactions and money deducted,1
1161,PhonePe,Failed transactions and money deducted,2
1162,SBI YONO,Failed transactions and money deducted,3
1163,Paytm,App freezes during payment,2
1164,Paytm,Failed transactions and money deducted,1
1165,Paytm,App freezes during payment,3
1166,PhonePe,Failed transactions and money deducted,3
1167,SBI YONO,Slow refunds and poor support,2
1168,SBI YONO,UPI server delay error,1
1169,SBI YONO,App freezes during payment,1
1170,CRED,Slow refunds and poor support,2
1171,Paytm,Transaction failed due to bank server down,3
1172,GPay,Transaction failed due to bank server down,2
1173,SBI YONO,UPI server delay error,3
1174,PhonePe,Slow refunds and poor support,1
1175,Paytm,Slow refunds and poor support,2
1176,CRED,Transaction failed due to bank server down,1
1177,PhonePe,Failed transactions and money deducted,1
1178,GPay,Failed transactions and money deducted,2
1179,Paytm,Slow refunds and poor support,1
1180,SBI YONO,Failed transactions and money deducted,2
1181,GPay,Failed transactions and money deducted,3
1182,Paytm,UPI server delay error,1
1183,Paytm,Slow refunds and poor support,3
1184,PhonePe,Transaction failed due to bank server down,1
1185,GPay,Transaction failed due to bank server down,2
1186,SBI YONO,Failed transactions and money deducted,1
1187,GPay,Slow refunds and poor support,3
1188,GPay,App freezes during payment,1
1189,SBI YONO,App freezes during payment,1
1190,GPay,App freezes during payment,2
1191,SBI YONO,App freezes during payment,1
1192,CRED,App freezes during payment,2
1193,Paytm,Transaction failed due to bank server down,3
1194,GPay,Slow refunds and poor support,2
1195,PhonePe,App freezes during payment,3
1196,CRED,Failed transactions and money deducted,3
1197,PhonePe,App freezes during payment,2
1198,PhonePe,App freezes during payment,1
1199,GPay,Slow refunds and poor support,1
1200,PhonePe,UPI server delay error,2
1201,SBI YONO,Failed transactions and money deducted,1
1202,Paytm,Slow refunds and poor support,3
1203,PhonePe,Failed transactions and money deducted,1
1204,CRED,App freezes during payment,2
1205,CRED,App freezes during payment,1
1206,SBI YONO,Failed transactions and money deducted,3
1207,PhonePe,App freezes during payment,3
1208,SBI YONO,App freezes during payment,1
1209,GPay,Transaction failed due to bank server down,2
1210,SBI YONO,App freezes during payment,3
1211,CRED,UPI server delay error,1
1212,Paytm,App freezes during payment,2
1213,CRED,Transaction failed due to bank server down,1
1214,SBI YONO,Transaction failed due to bank server down,1
1215,CRED,App freezes during payment,3
1216,SBI YONO,Failed transactions and money deducted,2
1217,GPay,Transaction failed due to bank server down,2
1218,GPay,UPI server delay error,3
1219,Paytm,App freezes during payment,3
1220,CRED,Slow refunds and poor support,1
1221,PhonePe,Failed transactions and money deducted,3
1222,CRED,UPI server delay error,3
1223,CRED,Transaction failed due to bank server down,1
1224,Paytm,Transaction failed due to bank server down,3
1225,PhonePe,Transaction failed due to bank server down,2
1226,PhonePe,Transaction failed due to bank server down,1
1227,GPay,UPI server delay error,2
1228,PhonePe,App freezes during payment,3
1229,SBI YONO,UPI server delay error,2
1230,GPay,Failed transactions and money deducted,2
1231,PhonePe,Failed transactions and money deducted,2
1232,GPay,App freezes during payment,1
1233,PhonePe,Transaction failed due to bank server down,1
1234,GPay,Failed transactions and money deducted,3
1235,Paytm,Transaction failed due to bank server down,3
1236,GPay,Transaction failed due to bank server down,3
1237,CRED,Failed transactions and money deducted,2
1238,SBI YONO,Transaction failed due to bank server down,3
1239,SBI YONO,Slow refunds and poor support,3
1240,Paytm,App freezes during payment,1
1241,PhonePe,Failed transactions and money deducted,3
1242,Paytm,Failed transactions and money deducted,1
1243,PhonePe,Slow refunds and poor support,2
1244,CRED,Failed transactions and money deducted,1
1245,CRED,Slow refunds and poor support,1
1246,GPay,Slow refunds and poor support,1
1247,GPay,Slow refunds and poor support,1
1248,SBI YONO,Failed transactions and money deducted,3
1249,Paytm,Slow refunds and poor support,2
1250,Paytm,Failed transactions and money deducted,2
1251,CRED,App freezes during payment,2
1252,PhonePe,App freezes during payment,2
1253,Paytm,App freezes during payment,2
1254,SBI YONO,App freezes during payment,1
1255,SBI YONO,Failed transactions and money deducted,3
1256,SBI YONO,UPI server delay error,1
1257,SBI YONO,UPI server delay error,3
1258,SBI YONO,Transaction failed due to bank server down,3
1259,GPay,Failed transactions and money deducted,2
1260,SBI YONO,Transaction failed due to bank server down,3
1261,PhonePe,Slow refunds and poor support,1
1262,PhonePe,Failed transactions and money deducted,2
1263,CRED,Transaction failed due to bank server down,1
1264,GPay,UPI server delay error,1
1265,CRED,UPI server delay error,2
1266,PhonePe,Slow refunds and poor support,1
1267,SBI YONO,UPI server delay error,3
1268,Paytm,Slow refunds and poor support,2
1269,SBI YONO,UPI server delay error,1
1270,Paytm,Slow refunds and poor support,3
1271,SBI YONO,Failed transactions and money deducted,1
1272,SBI YONO,UPI server delay error,3
1273,PhonePe,Slow refunds and poor support,3
1274,SBI YONO,UPI server delay error,2
1275,Paytm,UPI server delay error,3
1276,PhonePe,UPI server delay error,1
1277,PhonePe,UPI server delay error,1
1278,CRED,UPI server delay error,3
1279,GPay,App freezes during payment,1
1280,PhonePe,Slow refunds and poor support,3
1281,PhonePe,Transaction failed due to bank server down,1
1282,PhonePe,Slow refunds and poor support,3
1283,GPay,Transaction failed due to bank server down,3
1284,CRED,App freezes during payment,3
1285,CRED,App freezes during payment,3
1286,PhonePe,Failed transactions and money deducted,1
1287,GPay,UPI server delay error,2
1288,Paytm,UPI server delay error,1
1289,Paytm,Slow refunds and poor support,3
1290,CRED,UPI server delay error,2
1291,SBI YONO,Slow refunds and poor support,3
1292,CRED,App freezes during payment,2
1293,SBI YONO,Failed transactions and money deducted,1
1294,GPay,Failed transactions and money deducted,1
1295,PhonePe,Slow refunds and poor support,3
1296,PhonePe,Slow refunds and poor support,1
1297,PhonePe,Failed transactions and money deducted,2
1298,CRED,Slow refunds and poor support,1
1299,GPay,Failed transactions and money deducted,1
1300,PhonePe,Failed transactions and money deducted,3
1301,PhonePe,UPI server delay error,1
1302,Paytm,App freezes during payment,2
1303,SBI YONO,Failed transactions and money deducted,3
1304,PhonePe,Transaction failed due to bank server down,2
1305,SBI YONO,Transaction failed due to bank server down,2
1306,Paytm,App freezes during payment,2
1307,SBI YONO,Transaction failed due to bank server down,2
1308,PhonePe,Failed transactions and money deducted,3
1309,GPay,App freezes during payment,2
1310,PhonePe,UPI server delay error,3
1311,GPay,UPI server delay error,1
1312,Paytm,Transaction failed due to bank server down,1
1313,Paytm,Transaction failed due to bank server down,2
1314,Paytm,Slow refunds and poor support,3
1315,PhonePe,Transaction failed due to bank server down,3
1316,CRED,Slow refunds and poor support,2
1317,Paytm,App freezes during payment,3
1318,CRED,Slow refunds and poor support,3
1319,CRED,Slow refunds and poor support,2
1320,GPay,Failed transactions and money deducted,1
1321,CRED,UPI server delay error,2
1322,PhonePe,App freezes during payment,3
1323,GPay,UPI server delay error,2
1324,SBI YONO,UPI server delay error,3
1325,Paytm,Slow refunds and poor support,3
1326,PhonePe,Failed transactions and money deducted,3
1327,GPay,Transaction failed due to bank server down,2
1328,GPay,UPI server delay error,1
1329,CRED,UPI server delay error,1
1330,Paytm,Slow refunds and poor support,3
1331,PhonePe,Failed transactions and money deducted,3
1332,PhonePe,Transaction failed due to bank server down,2
1333,Paytm,Failed transactions and money deducted,1
1334,Paytm,Transaction failed due to bank server down,2
1335,SBI YONO,UPI server delay error,3
1336,SBI YONO,UPI server delay error,3
1337,Paytm,Slow refunds and poor support,3
1338,PhonePe,App freezes during payment,2
1339,Paytm,Transaction failed due to bank server down,1
1340,GPay,UPI server delay error,1
1341,CRED,App freezes during payment,3
1342,PhonePe,Transaction failed due to bank server down,2
1343,PhonePe,App freezes during payment,2
1344,GPay,UPI server delay error,1
1345,PhonePe,Transaction failed due to bank server down,1
1346,PhonePe,Slow refunds and poor support,2
1347,SBI YONO,Failed transactions and money deducted,1
1348,SBI YONO,Failed transactions and money deducted,3
1349,CRED,UPI server delay error,1
1350,SBI YONO,UPI server delay error,2
1351,SBI YONO,UPI server delay error,3
1352,GPay,UPI server delay error,1
1353,CRED,Slow refunds and poor support,2
1354,PhonePe,Transaction failed due to bank server down,1
1355,PhonePe,UPI server delay error,2
1356,SBI YONO,Slow refunds and poor support,3
1357,SBI YONO,App freezes during payment,2
1358,CRED,Failed transactions and money deducted,1
1359,PhonePe,Transaction failed due to bank server down,1
1360,Paytm,Failed transactions and money deducted,3
1361,Paytm,App freezes during payment,2
1362,PhonePe,Transaction failed due to bank server down,2
1363,SBI YONO,Failed transactions and money deducted,1
1364,SBI YONO,Slow refunds and poor support,2
1365,PhonePe,Transaction failed due to bank server down,1
1366,PhonePe,App freezes during payment,2
1367,CRED,Transaction failed due to bank server down,1
1368,CRED,Slow refunds and poor support,1
1369,GPay,UPI server delay error,1
1370,GPay,App freezes during payment,3
1371,Paytm,UPI server delay error,1
1372,GPay,Transaction failed due to bank server down,1
1373,Paytm,UPI server delay error,3
1374,SBI YONO,App freezes during payment,3
1375,CRED,App freezes during payment,2
1376,SBI YONO,Transaction failed due to bank server down,1
1377,CRED,Slow refunds and poor support,2
1378,SBI YONO,UPI server delay error,1
1379,PhonePe,Failed transactions and money deducted,1
1380,CRED,Transaction failed due to bank server down,2
1381,PhonePe,Failed transactions and money deducted,3
1382,GPay,Failed transactions and money deducted,3
1383,GPay,App freezes during payment,1
1384,SBI YONO,App freezes during payment,2
1385,CRED,App freezes during payment,2
1386,PhonePe,Slow refunds and poor support,3
1387,PhonePe,Transaction failed due to bank server down,3
1388,Paytm,Failed transactions and money deducted,3
1389,Paytm,Transaction failed due to bank server down,3
1390,PhonePe,UPI server delay error,1
1391,Paytm,Transaction failed due to bank server down,3
1392,PhonePe,UPI server delay error,3
1393,CRED,Slow refunds and poor support,1
1394,GPay,App freezes during payment,2
1395,SBI YONO,Slow refunds and poor support,2
1396,Paytm,UPI server delay error,3
1397,Paytm,UPI server delay error,3
1398,PhonePe,Failed transactions and money deducted,3
1399,Paytm,App freezes during payment,3
1400,CRED,Transaction failed due to bank server down,2
1401,SBI YONO,Transaction failed due to bank server down,2
1402,Paytm,UPI server delay error,3
1403,PhonePe,Transaction failed due to bank server down,2
1404,Paytm,UPI server delay error,3
1405,SBI YONO,Slow refunds and poor support,3
1406,Paytm,Failed transactions and money deducted,3
1407,GPay,Slow refunds and poor support,1
1408,GPay,Slow refunds and poor support,1
1409,SBI YONO,Slow refunds and poor support,2
1410,SBI YONO,UPI server delay error,3
1411,CRED,App freezes during payment,1
1412,Paytm,Transaction failed due to bank server down,1
1413,Paytm,UPI server delay error,1
1414,PhonePe,App freezes during payment,2
1415,PhonePe,App freezes during payment,2
1416,Paytm,Slow refunds and poor support,1
1417,GPay,Transaction failed due to bank server down,2
1418,SBI YONO,Failed transactions and money deducted,1
1419,SBI YONO,Slow refunds and poor support,3
1420,SBI YONO,App freezes during payment,1
1421,PhonePe,Failed transactions and money deducted,3
1422,GPay,Failed transactions and money deducted,1
1423,CRED,Slow refunds and poor support,3
1424,PhonePe,Slow refunds and poor support,2
1425,PhonePe,App freezes during payment,3
1426,Paytm,Transaction failed due to bank server down,3
1427,Paytm,App freezes during payment,2
1428,SBI YONO,UPI server delay error,2
1429,Paytm,Slow refunds and poor support,1
1430,CRED,Failed transactions and money deducted,1
1431,PhonePe,UPI server delay error,2
1432,PhonePe,UPI server delay error,1
1433,SBI YONO,Transaction failed due to bank server down,1
1434,Paytm,Slow refunds and poor support,2
1435,SBI YONO,Slow refunds and poor support,1
1436,PhonePe,Failed transactions and money deducted,1
1437,SBI YONO,Slow refunds and poor support,2
1438,GPay,Failed transactions and money deducted,1
1439,PhonePe,Transaction failed due to bank server down,3
1440,CRED,Transaction failed due to bank server down,1
1441,GPay,UPI server delay error,2
1442,Paytm,UPI server delay error,1
1443,Paytm,Slow refunds and poor support,1
1444,SBI YONO,App freezes during payment,3
1445,SBI YONO,Slow refunds and poor support,2
1446,Paytm,Failed transactions and money deducted,1
1447,Paytm,Transaction failed due to bank server down,2
1448,GPay,Transaction failed due to bank server down,2
1449,SBI YONO,App freezes during payment,1
1450,PhonePe,App freezes during payment,1
1451,GPay,Failed transactions and money deducted,1
1452,Paytm,Slow refunds and poor support,3
1453,GPay,Transaction failed due to bank server down,3
1454,Paytm,Transaction failed due to bank server down,1
1455,GPay,Slow refunds and poor support,3
1456,CRED,Failed transactions and money deducted,2
1457,Paytm,App freezes during payment,3
1458,PhonePe,App freezes during payment,2
1459,Paytm,App freezes during payment,2
1460,SBI YONO,Slow refunds and poor support,3
1461,Paytm,Transaction failed due to bank server down,1
1462,SBI YONO,Failed transactions and money deducted,1
1463,SBI YONO,Slow refunds and poor support,2
1464,Paytm,Transaction failed due to bank server down,2
1465,CRED,Transaction failed due to bank server down,2
1466,Paytm,UPI server delay error,2
1467,GPay,App freezes during payment,2
1468,PhonePe,UPI server delay error,1
1469,SBI YONO,Transaction failed due to bank server down,1
1470,GPay,Slow refunds and poor support,1
1471,Paytm,UPI server delay error,1
1472,SBI YONO,Slow refunds and poor support,2
1473,CRED,UPI server delay error,3
1474,SBI YONO,Slow refunds and poor support,2
1475,SBI YONO,Transaction failed due to bank server down,2
1476,Paytm,Transaction failed due to bank server down,1
1477,PhonePe,Slow refunds and poor support,1
1478,GPay,Failed transactions and money deducted,2
1479,PhonePe,Failed transactions and money deducted,2
1480,PhonePe,Transaction failed due to bank server down,1
1481,CRED,Transaction failed due to bank server down,3
1482,PhonePe,Slow refunds and poor support,1
1483,Paytm,Transaction failed due to bank server down,3
1484,SBI YONO,Slow refunds and poor support,1
1485,SBI YONO,App freezes during payment,2
1486,GPay,Failed transactions and money deducted,2
1487,GPay,App freezes during payment,2
1488,GPay,Failed transactions and money deducted,3
1489,PhonePe,UPI server delay error,3
1490,CRED,Slow refunds and poor support,1
1491,CRED,Slow refunds and poor support,1
1492,SBI YONO,UPI server delay error,2
1493,Paytm,App freezes during payment,3
1494,PhonePe,Slow refunds and poor support,1
1495,GPay,App freezes during payment,1
1496,GPay,App freezes during payment,3
1497,GPay,UPI server delay error,3
1498,SBI YONO,UPI server delay error,2
1499,SBI YONO,UPI server delay error,1
1500,SBI YONO,Failed transactions and money deducted,2
1501,SBI YONO,UPI server delay error,3
1502,CRED,Slow refunds and poor support,2
1503,CRED,Transaction failed due to bank server down,2
1504,Paytm,Failed transactions and money deducted,2
1505,CRED,Slow refunds and poor support,2
1506,PhonePe,Slow refunds and poor support,1
1507,SBI YONO,Slow refunds and poor support,3
1508,Paytm,Slow refunds and poor support,2
1509,Paytm,Failed transactions and money deducted,1
1510,PhonePe,Transaction failed due to bank server down,2
1511,CRED,UPI server delay error,3
1512,CRED,Slow refunds and poor support,2
1513,Paytm,Failed transactions and money deducted,3
1514,Paytm,Transaction failed due to bank server down,2
1515,CRED,Transaction failed due to bank server down,3
1516,PhonePe,UPI server delay error,2
1517,SBI YONO,Failed transactions and money deducted,1
1518,SBI YONO,App freezes during payment,3
1519,PhonePe,Transaction failed due to bank server down,1
1520,CRED,Failed transactions and money deducted,1
1521,SBI YONO,Transaction failed due to bank server down,3
1522,PhonePe,UPI server delay error,3
1523,GPay,App freezes during payment,2
1524,PhonePe,App freezes during payment,1
1525,Paytm,Failed transactions and money deducted,3
1526,CRED,Failed transactions and money deducted,1
1527,Paytm,Slow refunds and poor support,2
1528,Paytm,UPI server delay error,2
1529,GPay,App freezes during payment,2
1530,PhonePe,Transaction failed due to bank server down,1
1531,GPay,Transaction failed due to bank server down,1
1532,GPay,Transaction failed due to bank server down,1
1533,PhonePe,Slow refunds and poor support,2
1534,CRED,Transaction failed due to bank server down,2
1535,SBI YONO,UPI server delay error,2
1536,SBI YONO,Transaction failed due to bank server down,1
1537,CRED,Failed transactions and money deducted,2
1538,PhonePe,UPI server delay error,3
1539,CRED,UPI server delay error,2
1540,Paytm,Transaction failed due to bank server down,1
1541,CRED,Failed transactions and money deducted,3
1542,PhonePe,Failed transactions and money deducted,2
1543,SBI YONO,Slow refunds and poor support,2
1544,CRED,Slow refunds and poor support,3
1545,PhonePe,UPI server delay error,2
1546,PhonePe,Failed transactions and money deducted,2
1547,GPay,Transaction failed due to bank server down,2
1548,SBI YONO,Transaction failed due to bank server down,2
1549,GPay,UPI server delay error,3
1550,SBI YONO,Transaction failed due to bank server down,2
1551,GPay,UPI server delay error,2
1552,CRED,Failed transactions and money deducted,3
1553,Paytm,Transaction failed due to bank server down,1
1554,Paytm,UPI server delay error,1
1555,PhonePe,App freezes during payment,1
1556,GPay,App freezes during payment,3
1557,SBI YONO,Transaction failed due to bank server down,3
1558,PhonePe,Transaction failed due to bank server down,1
1559,SBI YONO,Transaction failed due to bank server down,1
1560,Paytm,Slow refunds and poor support,1
1561,SBI YONO,App freezes during payment,1
1562,CRED,UPI server delay error,1
1563,Paytm,Slow refunds and poor support,2
1564,Paytm,Slow refunds and poor support,2
1565,CRED,Failed transactions and money deducted,1
1566,GPay,Failed transactions and money deducted,3
1567,GPay,App freezes during payment,2
1568,PhonePe,App freezes during payment,3
1569,PhonePe,Slow refunds and poor support,3
1570,Paytm,App freezes during payment,1
1571,CRED,Transaction failed due to bank server down,1
1572,CRED,Failed transactions and money deducted,3
1573,PhonePe,UPI server delay error,1
1574,GPay,App freezes during payment,2
1575,PhonePe,Transaction failed due to bank server down,2
1576,CRED,Transaction failed due to bank server down,2
1577,SBI YONO,App freezes during payment,1
1578,PhonePe,Transaction failed due to bank server down,3
1579,CRED,Transaction failed due to bank server down,2
1580,Paytm,Transaction failed due to bank server down,3
1581,CRED,App freezes during payment,3
1582,GPay,UPI server delay error,1
1583,SBI YONO,Transaction failed due to bank server down,2
1584,GPay,Failed transactions and money deducted,2
1585,PhonePe,App freezes during payment,2
1586,CRED,App freezes during payment,1
1587,SBI YONO,Slow refunds and poor support,3
1588,GPay,UPI server delay error,1
1589,SBI YONO,Transaction failed due to bank server down,3
1590,SBI YONO,Failed transactions and money deducted,1
1591,Paytm,UPI server delay error,1
1592,CRED,App freezes during payment,3
1593,PhonePe,App freezes during payment,2
1594,GPay,Failed transactions and money deducted,1
1595,CRED,Failed transactions and money deducted,2
1596,SBI YONO,Failed transactions and money deducted,3
1597,SBI YONO,Slow refunds and poor support,2
1598,CRED,Transaction failed due to bank server down,2
1599,SBI YONO,UPI server delay error,3
1600,GPay,Failed transactions and money deducted,1
1601,Paytm,UPI server delay error,1
1602,PhonePe,Slow refunds and poor support,3
1603,PhonePe,App freezes during payment,2
1604,GPay,Failed transactions and money deducted,3
1605,Paytm,UPI server delay error,2
1606,SBI YONO,Transaction failed due to bank server down,1
1607,CRED,UPI server delay error,1
1608,SBI YONO,Slow refunds and poor support,2
1609,GPay,App freezes during payment,2
1610,Paytm,Transaction failed due to bank server down,2
1611,PhonePe,Slow refunds and poor support,1
1612,SBI YONO,App freezes during payment,1
1613,CRED,Failed transactions and money deducted,2
1614,GPay,Transaction failed due to bank server down,3
1615,SBI YONO,App freezes during payment,3
1616,PhonePe,Failed transactions and money deducted,3
1617,SBI YONO,Transaction failed due to bank server down,2
1618,SBI YONO,Slow refunds and poor support,3
1619,SBI YONO,Slow refunds and poor support,1
1620,SBI YONO,UPI server delay error,3
1621,PhonePe,Transaction failed due to bank server down,1
1622,SBI YONO,Failed transactions and money deducted,1
1623,PhonePe,App freezes during payment,2
1624,SBI YONO,Slow refunds and poor support,3
1625,CRED,Transaction failed due to bank server down,3
1626,CRED,App freezes during payment,1
1627,CRED,UPI server delay error,3
1628,GPay,Slow refunds and poor support,3
1629,GPay,UPI server delay error,3
1630,GPay,App freezes during payment,1
1631,PhonePe,Failed transactions and money deducted,1
1632,SBI YONO,Slow refunds and poor support,3
1633,SBI YONO,Transaction failed due to bank server down,3
1634,Paytm,Transaction failed due to bank server down,2
1635,CRED,Transaction failed due to bank server down,1
1636,GPay,Slow refunds and poor support,2
1637,CRED,Slow refunds and poor support,2
1638,GPay,UPI server delay error,2
1639,SBI YONO,Slow refunds and poor support,1
1640,CRED,Slow refunds and poor support,3
1641,CRED,App freezes during payment,1
1642,Paytm,UPI server delay error,1
1643,CRED,Transaction failed due to bank server down,3
1644,CRED,Transaction failed due to bank server down,3
1645,CRED,Transaction failed due to bank server down,2
1646,PhonePe,App freezes during payment,3
1647,PhonePe,UPI server delay error,1
1648,CRED,Failed transactions and money deducted,3
1649,CRED,App freezes during payment,3
1650,SBI YONO,Slow refunds and poor support,1
1651,GPay,App freezes during payment,2
1652,SBI YONO,Failed transactions and money deducted,1
1653,GPay,Slow refunds and poor support,1
1654,PhonePe,UPI server delay error,1
1655,CRED,Slow refunds and poor support,3
1656,Paytm,Transaction failed due to bank server down,2
1657,CRED,Slow refunds and poor support,2
1658,GPay,Transaction failed due to bank server down,1
1659,GPay,Slow refunds and poor support,1
1660,PhonePe,App freezes during payment,2
1661,GPay,Failed transactions and money deducted,3
1662,GPay,UPI server delay error,2
1663,CRED,Failed transactions and money deducted,2
1664,GPay,Transaction failed due to bank server down,2
1665,GPay,UPI server delay error,2
1666,SBI YONO,Failed transactions and money deducted,2
1667,CRED,Slow refunds and poor support,1
1668,CRED,Slow refunds and poor support,3
1669,PhonePe,App freezes during payment,2
1670,PhonePe,Slow refunds and poor support,3
1671,CRED,Failed transactions and money deducted,1
1672,PhonePe,UPI server delay error,2
1673,GPay,App freezes during payment,1
1674,PhonePe,Slow refunds and poor support,2
1675,GPay,Slow refunds and poor support,2
1676,CRED,Slow refunds and poor support,2
1677,PhonePe,UPI server delay error,1
1678,PhonePe,Transaction failed due to bank server down,3
1679,CRED,Transaction failed due to bank server down,3
1680,SBI YONO,Transaction failed due to bank server down,2
1681,PhonePe,UPI server delay error,3
1682,Paytm,UPI server delay error,1
1683,PhonePe,Transaction failed due to bank server down,3
1684,CRED,Failed transactions and money deducted,2
1685,GPay,UPI server delay error,3
1686,Paytm,Failed transactions and money deducted,3
1687,SBI YONO,UPI server delay error,1
1688,GPay,Transaction failed due to bank server down,1
1689,PhonePe,Transaction failed due to bank server down,1
1690,CRED,Failed transactions and money deducted,2
1691,PhonePe,Slow refunds and poor support,3
1692,Paytm,UPI server delay error,2
1693,GPay,Slow refunds and poor support,2
1694,Paytm,Slow refunds and poor support,3
1695,SBI YONO,App freezes during payment,3
1696,CRED,Transaction failed due to bank server down,3
1697,CRED,App freezes during payment,1
1698,SBI YONO,UPI server delay error,1
1699,Paytm,Failed transactions and money deducted,2
1700,Paytm,UPI server delay error,2
1701,Paytm,Failed transactions and money deducted,1
1702,SBI YONO,Slow refunds and poor support,1
1703,CRED,Failed transactions and money deducted,1
1704,GPay,Slow refunds and poor support,2
1705,SBI YONO,UPI server delay error,1
1706,Paytm,UPI server delay error,1
1707,SBI YONO,Transaction failed due to bank server down,3
1708,Paytm,App freezes during payment,3
1709,CRED,UPI server delay error,3
1710,PhonePe,UPI server delay error,2
1711,CRED,Transaction failed due to bank server down,2
1712,GPay,UPI server delay error,3
1713,CRED,UPI server delay error,2
1714,PhonePe,UPI server delay error,3
1715,CRED,Failed transactions and money deducted,2
1716,Paytm,Failed transactions and money deducted,1
1717,PhonePe,App freezes during payment,2
1718,Paytm,UPI server delay error,3
1719,GPay,UPI server delay error,1
1720,Paytm,Failed transactions and money deducted,1
1721,GPay,Slow refunds and poor support,3
1722,CRED,App freezes during payment,1
1723,PhonePe,Transaction failed due to bank server down,1
1724,SBI YONO,UPI server delay error,2
1725,SBI YONO,Slow refunds and poor support,1
1726,PhonePe,Failed transactions and money deducted,3
1727,PhonePe,Slow refunds and poor support,3
1728,GPay,Transaction failed due to bank server down,1
1729,CRED,UPI server delay error,1
1730,PhonePe,Transaction failed due to bank server down,2
1731,GPay,App freezes during payment,3
1732,SBI YONO,Transaction failed due to bank server down,2
1733,PhonePe,UPI server delay error,1
1734,SBI YONO,App freezes during payment,2
1735,CRED,UPI server delay error,3
1736,GPay,Transaction failed due to bank server down,2
1737,CRED,Slow refunds and poor support,2
1738,SBI YONO,UPI server delay error,1
1739,CRED,Slow refunds and poor support,1
1740,GPay,UPI server delay error,3
1741,PhonePe,Failed transactions and money deducted,1
1742,SBI YONO,Failed transactions and money deducted,2
1743,PhonePe,Failed transactions and money deducted,2
1744,PhonePe,Slow refunds and poor support,2
1745,Paytm,Transaction failed due to bank server down,1
1746,PhonePe,Slow refunds and poor support,1
1747,SBI YONO,UPI server delay error,3
1748,GPay,Slow refunds and poor support,1
1749,Paytm,UPI server delay error,1
1750,SBI YONO,Failed transactions and money deducted,1
1751,GPay,Transaction failed due to bank server down,3
1752,CRED,UPI server delay error,3
1753,Paytm,Slow refunds and poor support,3
1754,GPay,UPI server delay error,2
1755,SBI YONO,Failed transactions and money deducted,2
1756,SBI YONO,Transaction failed due to bank server down,1
1757,CRED,Transaction failed due to bank server down,1
1758,SBI YONO,UPI server delay error,2
1759,Paytm,UPI server delay error,2
1760,GPay,Slow refunds and poor support,1
1761,CRED,UPI server delay error,1
1762,GPay,Failed transactions and money deducted,2
1763,SBI YONO,Slow refunds and poor support,1
1764,GPay,Transaction failed due to bank server down,2
1765,CRED,App freezes during payment,2
1766,SBI YONO,Slow refunds and poor support,2
1767,GPay,Failed transactions and money deducted,1
1768,CRED,UPI server delay error,1
1769,Paytm,Failed transactions and money deducted,1
1770,CRED,Transaction failed due to bank server down,2
1771,GPay,UPI server delay error,1
1772,PhonePe,Slow refunds and poor support,3
1773,Paytm,Failed transactions and money deducted,1
1774,PhonePe,Transaction failed due to bank server down,1
1775,SBI YONO,App freezes during payment,1
1776,Paytm,UPI server delay error,2
1777,CRED,Slow refunds and poor support,3
1778,GPay,UPI server delay error,2
1779,SBI YONO,Failed transactions and money deducted,2
1780,GPay,App freezes during payment,1
1781,PhonePe,Transaction failed due to bank server down,1
1782,PhonePe,Transaction failed due to bank server down,3
1783,CRED,Transaction failed due to bank server down,1
1784,Paytm,Transaction failed due to bank server down,3
1785,Paytm,Transaction failed due to bank server down,1
1786,CRED,Failed transactions and money deducted,1
1787,CRED,Failed transactions and money deducted,3
1788,PhonePe,Slow refunds and poor support,3
1789,SBI YONO,UPI server delay error,3
1790,SBI YONO,Failed transactions and money deducted,1
1791,SBI YONO,Transaction failed due to bank server down,3
1792,Paytm,App freezes during payment,2
1793,CRED,Transaction failed due to bank server down,2
1794,GPay,Failed transactions and money deducted,3
1795,PhonePe,UPI server delay error,3
1796,GPay,App freezes during payment,3
1797,CRED,Transaction failed due to bank server down,2
1798,CRED,UPI server delay error,3
1799,SBI YONO,Slow refunds and poor support,1
1800,CRED,Failed transactions and money deducted,2
1801,PhonePe,Transaction failed due to bank server down,1
1802,CRED,Failed transactions and money deducted,1
1803,CRED,Slow refunds and poor support,3
1804,CRED,UPI server delay error,2
1805,SBI YONO,Slow refunds and poor support,3
1806,GPay,Transaction failed due to bank server down,3
1807,PhonePe,Slow refunds and poor support,3
1808,SBI YONO,App freezes during payment,2
1809,GPay,Failed transactions and money deducted,3
1810,CRED,Failed transactions and money deducted,3
1811,CRED,Failed transactions and money deducted,2
1812,SBI YONO,Failed transactions and money deducted,2
1813,GPay,Slow refunds and poor support,2
1814,Paytm,App freezes during payment,2
1815,GPay,Failed transactions and money deducted,3
1816,CRED,App freezes during payment,1
1817,CRED,Failed transactions and money deducted,3
1818,SBI YONO,App freezes during payment,1
1819,CRED,UPI server delay error,1
1820,Paytm,App freezes during payment,2
1821,Paytm,UPI server delay error,1
1822,GPay,App freezes during payment,2
1823,PhonePe,UPI server delay error,2
1824,PhonePe,App freezes during payment,2
1825,GPay,App freezes during payment,1
1826,GPay,Slow refunds and poor support,3
1827,GPay,App freezes during payment,1
1828,CRED,Slow refunds and poor support,1
1829,SBI YONO,Transaction failed due to bank server down,1
1830,CRED,App freezes during payment,3
1831,GPay,App freezes during payment,3
1832,GPay,UPI server delay error,1
1833,SBI YONO,App freezes during payment,2
1834,CRED,Transaction failed due to bank server down,3
1835,CRED,Transaction failed due to bank server down,1
1836,GPay,Failed transactions and money deducted,2
1837,CRED,Failed transactions and money deducted,1
1838,PhonePe,App freezes during payment,2
1839,CRED,UPI server delay error,3
1840,Paytm,Failed transactions and money deducted,3
1841,GPay,Transaction failed due to bank server down,2
1842,PhonePe,App freezes during payment,1
1843,SBI YONO,Slow refunds and poor support,3
1844,PhonePe,Transaction failed due to bank server down,3
1845,Paytm,UPI server delay error,1
1846,Paytm,Failed transactions and money deducted,3
1847,SBI YONO,App freezes during payment,1
1848,Paytm,UPI server delay error,3
1849,CRED,Failed transactions and money deducted,1
1850,PhonePe,Transaction failed due to bank server down,2
1851,SBI YONO,Failed transactions and money deducted,1
1852,CRED,App freezes during payment,1
1853,PhonePe,UPI server delay error,1
1854,Paytm,Slow refunds and poor support,3
1855,PhonePe,Transaction failed due to bank server down,3
1856,PhonePe,App freezes during payment,1
1857,SBI YONO,App freezes during payment,2
1858,CRED,Failed transactions and money deducted,3
1859,PhonePe,Transaction failed due to bank server down,1
1860,GPay,Failed transactions and money deducted,2
1861,CRED,Transaction failed due to bank server down,2
1862,GPay,Transaction failed due to bank server down,1
1863,CRED,Transaction failed due to bank server down,1
1864,SBI YONO,Transaction failed due to bank server down,1
1865,SBI YONO,Failed transactions and money deducted,3
1866,PhonePe,UPI server delay error,3
1867,PhonePe,Failed transactions and money deducted,2
1868,Paytm,App freezes during payment,3
1869,SBI YONO,Transaction failed due to bank server down,2
1870,CRED,App freezes during payment,3
1871,PhonePe,Failed transactions and money deducted,3
1872,SBI YONO,App freezes during payment,2
1873,CRED,Transaction failed due to bank server down,1
1874,CRED,Slow refunds and poor support,1
1875,GPay,App freezes during payment,3
1876,PhonePe,Slow refunds and poor support,1
1877,PhonePe,Failed transactions and money deducted,2
1878,PhonePe,App freezes during payment,1
1879,GPay,Slow refunds and poor support,3
1880,CRED,UPI server delay error,3
1881,Paytm,UPI server delay error,2
1882,GPay,Transaction failed due to bank server down,2
1883,SBI YONO,Failed transactions and money deducted,3
1884,CRED,App freezes during payment,3
1885,CRED,Failed transactions and money deducted,1
1886,PhonePe,UPI server delay error,1
1887,SBI YONO,App freezes during payment,1
1888,Paytm,App freezes during payment,1
1889,GPay,Transaction failed due to bank server down,3
1890,GPay,Failed transactions and money deducted,3
1891,PhonePe,UPI server delay error,3
1892,PhonePe,Transaction failed due to bank server down,1
1893,CRED,Slow refunds and poor support,1
1894,PhonePe,Transaction failed due to bank server down,1
1895,Paytm,App freezes during payment,2
1896,PhonePe,Slow refunds and poor support,3
1897,Paytm,Failed transactions and money deducted,3
1898,CRED,Failed transactions and money deducted,2
1899,SBI YONO,Slow refunds and poor support,3
1900,GPay,UPI server delay error,3
1901,SBI YONO,Transaction failed due to bank server down,3
1902,GPay,App freezes during payment,1
1903,GPay,Slow refunds and poor support,3
1904,CRED,Failed transactions and money deducted,3
1905,GPay,UPI server delay error,2
1906,SBI YONO,Slow refunds and poor support,1
1907,CRED,App freezes during payment,3
1908,Paytm,UPI server delay error,2
1909,CRED,App freezes during payment,3
1910,GPay,Failed transactions and money deducted,1
1911,CRED,Failed transactions and money deducted,2
1912,CRED,Failed transactions and money deducted,3
1913,CRED,Failed transactions and money deducted,2
1914,CRED,Failed transactions and money deducted,1
1915,PhonePe,App freezes during payment,2
1916,Paytm,App freezes during payment,2
1917,GPay,UPI server delay error,2
1918,GPay,App freezes during payment,1
1919,GPay,UPI server delay error,2
1920,PhonePe,Failed transactions and money deducted,2
1921,CRED,Transaction failed due to bank server down,1
1922,CRED,Slow refunds and poor support,3
1923,SBI YONO,Transaction failed due to bank server down,1
1924,PhonePe,Failed transactions and money deducted,1
1925,Paytm,App freezes during payment,2
1926,SBI YONO,UPI server delay error,1
1927,SBI YONO,App freezes during payment,2
1928,CRED,Failed transactions and money deducted,1
1929,CRED,Transaction failed due to bank server down,2
1930,SBI YONO,App freezes during payment,2
1931,GPay,App freezes during payment,3
1932,GPay,UPI server delay error,2
1933,Paytm,UPI server delay error,1
1934,PhonePe,UPI server delay error,3
1935,PhonePe,UPI server delay error,3
1936,SBI YONO,App freezes during payment,3
1937,Paytm,App freezes during payment,2
1938,PhonePe,App freezes during payment,3
1939,PhonePe,Failed transactions and money deducted,2
1940,PhonePe,Transaction failed due to bank server down,3
1941,CRED,Slow refunds and poor support,1
1942,SBI YONO,App freezes during payment,3
1943,SBI YONO,Transaction failed due to bank server down,2
1944,Paytm,Slow refunds and poor support,3
1945,SBI YONO,Slow refunds and poor support,2
1946,GPay,UPI server delay error,2
1947,CRED,App freezes during payment,2
1948,Paytm,Failed transactions and money deducted,2
1949,CRED,Slow refunds and poor support,2
1950,GPay,UPI server delay error,1
1951,PhonePe,Transaction failed due to bank server down,1
1952,PhonePe,Failed transactions and money deducted,3
1953,PhonePe,App freezes during payment,1
1954,Paytm,Transaction failed due to bank server down,1
1955,GPay,Slow refunds and poor support,2
1956,Paytm,Failed transactions and money deducted,3
1957,PhonePe,Transaction failed due to bank server down,2
1958,PhonePe,Failed transactions and money deducted,1
1959,PhonePe,Transaction failed due to bank server down,2
1960,CRED,Failed transactions and money deducted,1
1961,CRED,App freezes during payment,2
1962,PhonePe,Failed transactions and money deducted,2
1963,Paytm,Transaction failed due to bank server down,1
1964,Paytm,Transaction failed due to bank server down,3
1965,CRED,Slow refunds and poor support,2
1966,SBI YONO,App freezes during payment,2
1967,CRED,Transaction failed due to bank server down,1
1968,PhonePe,Failed transactions and money deducted,3
1969,Paytm,Transaction failed due to bank server down,1
1970,CRED,Slow refunds and poor support,2
1971,Paytm,Transaction failed due to bank server down,3
1972,GPay,Failed transactions and money deducted,2
1973,Paytm,UPI server delay error,2
1974,SBI YONO,Slow refunds and poor support,3
1975,CRED,Slow refunds and poor support,2
1976,SBI YONO,UPI server delay error,3
1977,PhonePe,Transaction failed due to bank server down,1
1978,SBI YONO,Failed transactions and money deducted,2
1979,CRED,UPI server delay error,1
1980,PhonePe,App freezes during payment,2
1981,SBI YONO,Failed transactions and money deducted,1
1982,GPay,Transaction failed due to bank server down,3
1983,GPay,Slow refunds and poor support,2
1984,CRED,UPI server delay error,2
1985,Paytm,Slow refunds and poor support,1
1986,GPay,App freezes during payment,2
1987,Paytm,App freezes during payment,2
1988,GPay,UPI server delay error,1
1989,CRED,Failed transactions and money deducted,2
1990,GPay,App freezes during payment,3
1991,PhonePe,UPI server delay error,3
1992,GPay,Transaction failed due to bank server down,1
1993,Paytm,Slow refunds and poor support,3
1994,PhonePe,Failed transactions and money deducted,2
1995,Paytm,App freezes during payment,3
1996,CRED,App freezes during payment,2
1997,GPay,Failed transactions and money deducted,2
1998,Paytm,UPI server delay error,1
1999,PhonePe,Slow refunds and poor support,3
2000,CRED,Transaction failed due to bank server down,3
2001,GPay,Slow refunds and poor support,2
2002,PhonePe,Transaction failed due to bank server down,1
2003,CRED,UPI server delay error,2
2004,CRED,UPI server delay error,3
2005,CRED,Failed transactions and money deducted,3
2006,CRED,App freezes during payment,3
2007,Paytm,Slow refunds and poor support,3
2008,SBI YONO,Slow refunds and poor support,2
2009,PhonePe,App freezes during payment,3
2010,PhonePe,App freezes during payment,1
2011,CRED,App freezes during payment,1
2012,GPay,UPI server delay error,1
2013,SBI YONO,Failed transactions and money deducted,3
2014,PhonePe,App freezes during payment,3
2015,GPay,Failed transactions and money deducted,1
2016,SBI YONO,Failed transactions and money deducted,1
2017,CRED,App freezes during payment,2
2018,GPay,App freezes during payment,2
2019,GPay,Slow refunds and poor support,3
2020,GPay,Failed transactions and money deducted,2
2021,CRED,Failed transactions and money deducted,2
2022,CRED,UPI server delay error,2
2023,CRED,UPI server delay error,3
2024,PhonePe,Slow refunds and poor support,3
2025,CRED,UPI server delay error,2
2026,PhonePe,App freezes during payment,1
2027,GPay,App freezes during payment,1
2028,GPay,Failed transactions and money deducted,2
2029,SBI YONO,Slow refunds and poor support,2
2030,SBI YONO,Transaction failed due to bank server down,3
2031,SBI YONO,UPI server delay error,1
2032,SBI YONO,Transaction failed due to bank server down,1
2033,CRED,Slow refunds and poor support,2
2034,SBI YONO,Slow refunds and poor support,3
2035,PhonePe,UPI server delay error,1
2036,CRED,App freezes during payment,3
2037,SBI YONO,Slow refunds and poor support,1
2038,CRED,Failed transactions and money deducted,2
2039,Paytm,Slow refunds and poor support,3
2040,CRED,Slow refunds and poor support,1
2041,Paytm,Slow refunds and poor support,1
2042,PhonePe,Transaction failed due to bank server down,3
2043,PhonePe,UPI server delay error,1
2044,CRED,Slow refunds and poor support,2
2045,Paytm,App freezes during payment,1
2046,Paytm,Failed transactions and money deducted,3
2047,Paytm,Slow refunds and poor support,2
2048,PhonePe,Failed transactions and money deducted,3
2049,SBI YONO,Transaction failed due to bank server down,2
2050,PhonePe,Transaction failed due to bank server down,1
2051,SBI YONO,UPI server delay error,2
2052,PhonePe,App freezes during payment,2
2053,SBI YONO,Slow refunds and poor support,2
2054,SBI YONO,Slow refunds and poor support,3
2055,GPay,App freezes during payment,3
2056,PhonePe,UPI server delay error,3
2057,Paytm,App freezes during payment,1
2058,SBI YONO,Slow refunds and poor support,1
2059,PhonePe,App freezes during payment,1
2060,Paytm,App freezes during payment,3
2061,SBI YONO,App freezes during payment,2
2062,CRED,UPI server delay error,2
2063,SBI YONO,Slow refunds and poor support,3
2064,SBI YONO,UPI server delay error,2
2065,SBI YONO,Slow refunds and poor support,1
2066,GPay,Failed transactions and money deducted,1
2067,CRED,App freezes during payment,1
2068,SBI YONO,Transaction failed due to bank server down,1
2069,CRED,UPI server delay error,3
2070,CRED,App freezes during payment,2
2071,CRED,Slow refunds and poor support,3
2072,PhonePe,Slow refunds and poor support,3
2073,PhonePe,UPI server delay error,1
2074,SBI YONO,App freezes during payment,3
2075,CRED,Transaction failed due to bank server down,1
2076,CRED,Slow refunds and poor support,1
2077,SBI YONO,Transaction failed due to bank server down,3
2078,GPay,App freezes during payment,1
2079,PhonePe,App freezes during payment,3
2080,PhonePe,Slow refunds and poor support,1
2081,CRED,Transaction failed due to bank server down,1
2082,CRED,Slow refunds and poor support,3
2083,PhonePe,App freezes during payment,2
2084,PhonePe,App freezes during payment,2
2085,SBI YONO,Slow refunds and poor support,2
2086,Paytm,Transaction failed due to bank server down,1
2087,Paytm,Failed transactions and money deducted,1
2088,PhonePe,Transaction failed due to bank server down,3
2089,PhonePe,App freezes during payment,1
2090,CRED,UPI server delay error,1
2091,GPay,Slow refunds and poor support,2
2092,PhonePe,Failed transactions and money deducted,2
2093,CRED,Transaction failed due to bank server down,3
2094,GPay,Failed transactions and money deducted,1
2095,PhonePe,Slow refunds and poor support,1
2096,Paytm,Failed transactions and money deducted,1
2097,Paytm,UPI server delay error,1
2098,GPay,Transaction failed due to bank server down,1
2099,CRED,Transaction failed due to bank server down,2
2100,PhonePe,Slow refunds and poor support,1
2101,GPay,Slow refunds and poor support,3
2102,SBI YONO,Transaction failed due to bank server down,2
2103,GPay,Failed transactions and money deducted,1
2104,SBI YONO,Failed transactions and money deducted,3
2105,Paytm,UPI server delay error,2
2106,CRED,Failed transactions and money deducted,2
2107,PhonePe,App freezes during payment,2
2108,SBI YONO,Transaction failed due to bank server down,3
2109,Paytm,Slow refunds and poor support,2
2110,CRED,Transaction failed due to bank server down,2
2111,SBI YONO,Transaction failed due to bank server down,3
2112,PhonePe,Slow refunds and poor support,3
2113,SBI YONO,Transaction failed due to bank server down,2
2114,CRED,Slow refunds and poor support,3
2115,PhonePe,UPI server delay error,2
2116,PhonePe,Failed transactions and money deducted,2
2117,SBI YONO,UPI server delay error,3
2118,SBI YONO,Transaction failed due to bank server down,2
2119,PhonePe,UPI server delay error,2
2120,SBI YONO,App freezes during payment,3
2121,CRED,Failed transactions and money deducted,1
2122,CRED,Transaction failed due to bank server down,1
2123,Paytm,Transaction failed due to bank server down,1
2124,PhonePe,Transaction failed due to bank server down,1
2125,PhonePe,Failed transactions and money deducted,2
2126,SBI YONO,App freezes during payment,2
2127,CRED,Transaction failed due to bank server down,2
2128,CRED,Slow refunds and poor support,3
2129,SBI YONO,Failed transactions and money deducted,2
2130,CRED,UPI server delay error,1
2131,CRED,Slow refunds and poor support,2
2132,GPay,Slow refunds and poor support,1
2133,SBI YONO,Transaction failed due to bank server down,1
2134,PhonePe,Failed transactions and money deducted,3
2135,CRED,UPI server delay error,1
2136,GPay,Slow refunds and poor support,2
2137,PhonePe,UPI server delay error,2
2138,CRED,Failed transactions and money deducted,1
2139,SBI YONO,Transaction failed due to bank server down,2
2140,SBI YONO,Transaction failed due to bank server down,2
2141,CRED,Transaction failed due to bank server down,2
2142,Paytm,UPI server delay error,3
2143,SBI YONO,App freezes during payment,3
2144,GPay,Failed transactions and money deducted,1
2145,CRED,Failed transactions and money deducted,3
2146,Paytm,UPI server delay error,1
2147,GPay,Transaction failed due to bank server down,3
2148,SBI YONO,Failed transactions and money deducted,3
2149,CRED,UPI server delay error,2
2150,GPay,UPI server delay error,1
2151,GPay,UPI server delay error,2
2152,PhonePe,Slow refunds and poor support,2
2153,GPay,Slow refunds and poor support,1
2154,SBI YONO,Transaction failed due to bank server down,1
2155,GPay,Transaction failed due to bank server down,2
2156,SBI YONO,Failed transactions and money deducted,2
2157,SBI YONO,Slow refunds and poor support,3
2158,GPay,Slow refunds and poor support,2
2159,SBI YONO,Failed transactions and money deducted,3
2160,CRED,Transaction failed due to bank server down,3
2161,GPay,Slow refunds and poor support,3
2162,Paytm,UPI server delay error,1
2163,SBI YONO,UPI server delay error,2
2164,GPay,App freezes during payment,2
2165,CRED,Failed transactions and money deducted,1
2166,Paytm,App freezes during payment,3
2167,GPay,Failed transactions and money deducted,1
2168,GPay,Slow refunds and poor support,1
2169,CRED,Failed transactions and money deducted,1
2170,CRED,App freezes during payment,3
2171,SBI YONO,App freezes during payment,3
2172,PhonePe,Failed transactions and money deducted,2
2173,CRED,Failed transactions and money deducted,3
2174,SBI YONO,Slow refunds and poor support,2
2175,CRED,Failed transactions and money deducted,2
2176,CRED,Transaction failed due to bank server down,1
2177,CRED,Transaction failed due to bank server down,1
2178,SBI YONO,Slow refunds and poor support,2
2179,SBI YONO,Failed transactions and money deducted,1
2180,PhonePe,Slow refunds and poor support,1
2181,CRED,UPI server delay error,3
2182,CRED,Failed transactions and money deducted,1
2183,GPay,Slow refunds and poor support,2
2184,SBI YONO,Failed transactions and money deducted,2
2185,SBI YONO,Failed transactions and money deducted,3
2186,SBI YONO,UPI server delay error,2
2187,Paytm,Slow refunds and poor support,3
2188,PhonePe,UPI server delay error,2
2189,SBI YONO,App freezes during payment,3
2190,Paytm,Failed transactions and money deducted,1
2191,PhonePe,Transaction failed due to bank server down,3
2192,Paytm,Failed transactions and money deducted,1
2193,GPay,UPI server delay error,1
2194,GPay,UPI server delay error,3
2195,Paytm,Slow refunds and poor support,2
2196,Paytm,App freezes during payment,2
2197,GPay,Transaction failed due to bank server down,3
2198,CRED,UPI server delay error,3
2199,GPay,Transaction failed due to bank server down,2
2200,Paytm,Transaction failed due to bank server down,3
2201,PhonePe,Transaction failed due to bank server down,2
2202,PhonePe,UPI server delay error,3
2203,Paytm,UPI server delay error,1
2204,CRED,Failed transactions and money deducted,1
2205,PhonePe,UPI server delay error,3
2206,SBI YONO,UPI server delay error,2
2207,SBI YONO,App freezes during payment,3
2208,Paytm,Slow refunds and poor support,1
2209,PhonePe,UPI server delay error,3
2210,SBI YONO,Slow refunds and poor support,1
2211,CRED,Failed transactions and money deducted,1
2212,GPay,UPI server delay error,1
2213,SBI YONO,App freezes during payment,2
2214,GPay,App freezes during payment,1
2215,GPay,UPI server delay error,3
2216,SBI YONO,Failed transactions and money deducted,2
2217,PhonePe,Slow refunds and poor support,1
2218,GPay,Slow refunds and poor support,2
2219,SBI YONO,App freezes during payment,2
2220,CRED,Failed transactions and money deducted,3
2221,SBI YONO,Failed transactions and money deducted,2
2222,GPay,Failed transactions and money deducted,1
2223,CRED,Slow refunds and poor support,1
2224,PhonePe,Slow refunds and poor support,3
2225,Paytm,Failed transactions and money deducted,3
2226,Paytm,Slow refunds and poor support,1
2227,GPay,Failed transactions and money deducted,2
2228,PhonePe,Transaction failed due to bank server down,2
2229,PhonePe,UPI server delay error,1
2230,PhonePe,Transaction failed due to bank server down,1
2231,PhonePe,App freezes during payment,3
2232,PhonePe,Slow refunds and poor support,1
2233,SBI YONO,UPI server delay error,1
2234,CRED,Transaction failed due to bank server down,1
2235,PhonePe,UPI server delay error,2
2236,PhonePe,App freezes during payment,3
2237,CRED,Transaction failed due to bank server down,1
2238,SBI YONO,App freezes during payment,1
2239,Paytm,App freezes during payment,1
2240,PhonePe,Transaction failed due to bank server down,1
2241,SBI YONO,Failed transactions and money deducted,2
2242,GPay,UPI server delay error,2
2243,CRED,App freezes during payment,2
2244,GPay,Slow refunds and poor support,3
2245,GPay,Failed transactions and money deducted,3
2246,PhonePe,UPI server delay error,3
2247,SBI YONO,UPI server delay error,3
2248,CRED,App freezes during payment,1
2249,PhonePe,Slow refunds and poor support,2
2250,SBI YONO,Failed transactions and money deducted,1
2251,PhonePe,UPI server delay error,2
2252,CRED,Slow refunds and poor support,3
2253,SBI YONO,App freezes during payment,3
2254,PhonePe,App freezes during payment,2
2255,Paytm,Slow refunds and poor support,3
2256,SBI YONO,Slow refunds and poor support,3
2257,CRED,Transaction failed due to bank server down,1
2258,Paytm,UPI server delay error,1
2259,Paytm,Failed transactions and money deducted,3
2260,CRED,Slow refunds and poor support,2
2261,PhonePe,Slow refunds and poor support,2
2262,PhonePe,App freezes during payment,1
2263,PhonePe,Failed transactions and money deducted,3
2264,Paytm,Slow refunds and poor support,2
2265,Paytm,App freezes during payment,2
2266,GPay,Transaction failed due to bank server down,1
2267,SBI YONO,App freezes during payment,2
2268,CRED,UPI server delay error,1
2269,PhonePe,UPI server delay error,2
2270,GPay,UPI server delay error,2
2271,SBI YONO,Slow refunds and poor support,3
2272,SBI YONO,App freezes during payment,2
2273,GPay,Transaction failed due to bank server down,3
2274,SBI YONO,UPI server delay error,3
2275,CRED,Transaction failed due to bank server down,3
2276,SBI YONO,App freezes during payment,2
2277,Paytm,Failed transactions and money deducted,2
2278,CRED,UPI server delay error,3
2279,CRED,Transaction failed due to bank server down,1
2280,CRED,Transaction failed due to bank server down,1
2281,SBI YONO,App freezes during payment,1
2282,CRED,UPI server delay error,3
2283,GPay,Failed transactions and money deducted,3
2284,GPay,Transaction failed due to bank server down,3
2285,Paytm,Slow refunds and poor support,1
2286,SBI YONO,Slow refunds and poor support,1
2287,GPay,App freezes during payment,1
2288,Paytm,Slow refunds and poor support,3
2289,GPay,Slow refunds and poor support,1
2290,Paytm,Slow refunds and poor support,1
2291,GPay,Slow refunds and poor support,3
2292,Paytm,Slow refunds and poor support,2
2293,CRED,Slow refunds and poor support,3
2294,CRED,App freezes during payment,1
2295,CRED,Transaction failed due to bank server down,3
2296,SBI YONO,Failed transactions and money deducted,3
2297,Paytm,Failed transactions and money deducted,1
2298,CRED,Transaction failed due to bank server down,1
2299,PhonePe,Transaction failed due to bank server down,3
2300,CRED,UPI server delay error,2
2301,GPay,Failed transactions and money deducted,3
2302,PhonePe,App freezes during payment,2
2303,CRED,UPI server delay error,1
2304,PhonePe,App freezes during payment,1
2305,PhonePe,Failed transactions and money deducted,3
2306,PhonePe,UPI server delay error,1
2307,GPay,Transaction failed due to bank server down,1
2308,SBI YONO,App freezes during payment,1
2309,GPay,Failed transactions and money deducted,3
2310,CRED,Slow refunds and poor support,1
2311,Paytm,UPI server delay error,3
2312,CRED,Failed transactions and money deducted,3
2313,GPay,App freezes during payment,2
2314,SBI YONO,Transaction failed due to bank server down,1
2315,PhonePe,Failed transactions and money deducted,1
2316,SBI YONO,Transaction failed due to bank server down,3
2317,SBI YONO,Failed transactions and money deducted,3
2318,GPay,UPI server delay error,2
2319,PhonePe,Transaction failed due to bank server down,2
2320,PhonePe,Failed transactions and money deducted,1
2321,SBI YONO,UPI server delay error,1
2322,SBI YONO,UPI server delay error,1
2323,GPay,Failed transactions and money deducted,2
2324,SBI YONO,Transaction failed due to bank server down,2
2325,SBI YONO,Transaction failed due to bank server down,2
2326,CRED,UPI server delay error,2
2327,GPay,Transaction failed due to bank server down,3
2328,CRED,Failed transactions and money deducted,2
2329,PhonePe,Transaction failed due to bank server down,1
2330,GPay,App freezes during payment,1
2331,SBI YONO,UPI server delay error,2
2332,SBI YONO,Failed transactions and money deducted,1
2333,Paytm,Slow refunds and poor support,1
2334,GPay,App freezes during payment,3
2335,GPay,App freezes during payment,1
2336,CRED,Slow refunds and poor support,1
2337,CRED,UPI server delay error,1
2338,SBI YONO,App freezes during payment,2
2339,CRED,UPI server delay error,1
2340,CRED,Failed transactions and money deducted,2
2341,PhonePe,App freezes during payment,1
2342,SBI YONO,UPI server delay error,1
2343,PhonePe,UPI server delay error,1
2344,Paytm,Transaction failed due to bank server down,1
2345,CRED,Slow refunds and poor support,2
2346,SBI YONO,UPI server delay error,2
2347,Paytm,Transaction failed due to bank server down,1
2348,Paytm,Transaction failed due to bank server down,2
2349,GPay,Transaction failed due to bank server down,3
2350,GPay,UPI server delay error,3
2351,GPay,Failed transactions and money deducted,1
2352,GPay,Transaction failed due to bank server down,2
2353,CRED,UPI server delay error,3
2354,CRED,App freezes during payment,2
2355,Paytm,App freezes during payment,3
2356,GPay,UPI server delay error,2
2357,CRED,App freezes during payment,1
2358,SBI YONO,Failed transactions and money deducted,1
2359,GPay,Slow refunds and poor support,1
2360,GPay,Failed transactions and money deducted,1
2361,Paytm,App freezes during payment,1
2362,SBI YONO,UPI server delay error,3
2363,GPay,App freezes during payment,2
2364,Paytm,Failed transactions and money deducted,3
2365,SBI YONO,Slow refunds and poor support,1
2366,GPay,Slow refunds and poor support,1
2367,GPay,Transaction failed due to bank server down,2
2368,CRED,Slow refunds and poor support,3
2369,SBI YONO,Failed transactions and money deducted,1
2370,CRED,App freezes during payment,2
2371,GPay,Slow refunds and poor support,1
2372,SBI YONO,App freezes during payment,3
2373,GPay,Slow refunds and poor support,1
2374,GPay,Transaction failed due to bank server down,2
2375,GPay,Failed transactions and money deducted,2
2376,Paytm,App freezes during payment,2
2377,CRED,Slow refunds and poor support,1
2378,Paytm,Transaction failed due to bank server down,3
2379,SBI YONO,Slow refunds and poor support,2
2380,CRED,Failed transactions and money deducted,3
2381,PhonePe,Slow refunds and poor support,3
2382,CRED,Transaction failed due to bank server down,3
2383,GPay,Failed transactions and money deducted,3
2384,Paytm,Slow refunds and poor support,2
2385,PhonePe,Slow refunds and poor support,3
2386,GPay,Slow refunds and poor support,1
2387,PhonePe,Transaction failed due to bank server down,1
2388,SBI YONO,App freezes during payment,3
2389,GPay,Transaction failed due to bank server down,1
2390,GPay,Failed transactions and money deducted,2
2391,CRED,App freezes during payment,1
2392,SBI YONO,Slow refunds and poor support,1
2393,GPay,App freezes during payment,3
2394,PhonePe,UPI server delay error,2
2395,Paytm,UPI server delay error,3
2396,CRED,Transaction failed due to bank server down,2
2397,PhonePe,Slow refunds and poor support,2
2398,GPay,App freezes during payment,1
2399,Paytm,UPI server delay error,2
2400,PhonePe,Slow refunds and poor support,1
2401,PhonePe,Slow refunds and poor support,3
2402,PhonePe,App freezes during payment,2
2403,CRED,Slow refunds and poor support,2
2404,Paytm,App freezes during payment,3
2405,CRED,Failed transactions and money deducted,2
2406,Paytm,Failed transactions and money deducted,2
2407,PhonePe,Failed transactions and money deducted,2
2408,SBI YONO,Failed transactions and money deducted,2
2409,SBI YONO,App freezes during payment,1
2410,PhonePe,Failed transactions and money deducted,3
2411,PhonePe,Transaction failed due to bank server down,2
2412,SBI YONO,UPI server delay error,2
2413,Paytm,App freezes during payment,2
2414,GPay,UPI server delay error,3
2415,GPay,App freezes during payment,3
2416,Paytm,Failed transactions and money deducted,1
2417,CRED,Transaction failed due to bank server down,1
2418,GPay,Transaction failed due to bank server down,1
2419,Paytm,Failed transactions and money deducted,1
2420,PhonePe,UPI server delay error,2
2421,Paytm,App freezes during payment,3
2422,CRED,App freezes during payment,3
2423,PhonePe,Slow refunds and poor support,1
2424,GPay,Failed transactions and money deducted,1
2425,Paytm,App freezes during payment,3
2426,PhonePe,Transaction failed due to bank server down,3
2427,Paytm,Slow refunds and poor support,3
2428,CRED,Failed transactions and money deducted,2
2429,CRED,App freezes during payment,3
2430,GPay,Failed transactions and money deducted,1
2431,GPay,Transaction failed due to bank server down,1
2432,PhonePe,Transaction failed due to bank server down,1
2433,SBI YONO,App freezes during payment,2
2434,Paytm,UPI server delay error,3
2435,SBI YONO,UPI server delay error,2
2436,PhonePe,Transaction failed due to bank server down,1
2437,Paytm,Failed transactions and money deducted,2
2438,Paytm,Transaction failed due to bank server down,3
2439,GPay,Transaction failed due to bank server down,2
2440,Paytm,Failed transactions and money deducted,3
2441,CRED,UPI server delay error,2
2442,Paytm,Transaction failed due to bank server down,1
2443,PhonePe,Transaction failed due to bank server down,3
2444,CRED,Failed transactions and money deducted,2
2445,CRED,Slow refunds and poor support,2
2446,Paytm,App freezes during payment,1
2447,GPay,App freezes during payment,3
2448,CRED,UPI server delay error,2
2449,PhonePe,Transaction failed due to bank server down,2
2450,GPay,Failed transactions and money deducted,2
2451,CRED,Slow refunds and poor support,1
2452,GPay,Transaction failed due to bank server down,3
2453,PhonePe,App freezes during payment,3
2454,Paytm,Failed transactions and money deducted,1
2455,CRED,Transaction failed due to bank server down,1
2456,SBI YONO,App freezes during payment,1
2457,GPay,App freezes during payment,1
2458,PhonePe,Slow refunds and poor support,2
2459,GPay,Failed transactions and money deducted,3
2460,GPay,Transaction failed due to bank server down,2
2461,GPay,UPI server delay error,2
2462,CRED,Failed transactions and money deducted,3
2463,GPay,Transaction failed due to bank server down,3
2464,PhonePe,Slow refunds and poor support,1
2465,CRED,Transaction failed due to bank server down,3
2466,Paytm,Slow refunds and poor support,2
2467,SBI YONO,App freezes during payment,2
2468,GPay,Failed transactions and money deducted,3
2469,PhonePe,App freezes during payment,3
2470,CRED,App freezes during payment,3
2471,GPay,App freezes during payment,1
2472,CRED,UPI server delay error,1
2473,GPay,Slow refunds and poor support,1
2474,PhonePe,UPI server delay error,2
2475,PhonePe,UPI server delay error,2
2476,PhonePe,UPI server delay error,1
2477,PhonePe,App freezes during payment,2
2478,PhonePe,Transaction failed due to bank server down,2
2479,SBI YONO,UPI server delay error,3
2480,PhonePe,Failed transactions and money deducted,2
2481,CRED,Slow refunds and poor support,3
2482,Paytm,UPI server delay error,3
2483,PhonePe,Transaction failed due to bank server down,3
2484,PhonePe,Slow refunds and poor support,3
2485,SBI YONO,App freezes during payment,1
2486,GPay,UPI server delay error,3
2487,Paytm,UPI server delay error,1
2488,PhonePe,Failed transactions and money deducted,3
2489,Paytm,Slow refunds and poor support,1
2490,GPay,Failed transactions and money deducted,2
2491,SBI YONO,UPI server delay error,1
2492,CRED,Transaction failed due to bank server down,2
2493,SBI YONO,UPI server delay error,1
2494,CRED,Failed transactions and money deducted,1
2495,GPay,Slow refunds and poor support,2
2496,PhonePe,Slow refunds and poor support,3
2497,SBI YONO,UPI server delay error,2
2498,PhonePe,Transaction failed due to bank server down,3
2499,SBI YONO,Failed transactions and money deducted,3
2500,Paytm,App freezes during payment,1
2501,SBI YONO,UPI server delay error,3
2502,GPay,Transaction failed due to bank server down,2
2503,PhonePe,UPI server delay error,3
2504,PhonePe,App freezes during payment,1
2505,GPay,App freezes during payment,2
2506,SBI YONO,Slow refunds and poor support,2
2507,GPay,UPI server delay error,1
2508,Paytm,Slow refunds and poor support,1
2509,PhonePe,UPI server delay error,3
2510,SBI YONO,UPI server delay error,2
2511,GPay,Slow refunds and poor support,1
2512,CRED,Transaction failed due to bank server down,3
2513,CRED,Slow refunds and poor support,3
2514,PhonePe,UPI server delay error,2
2515,Paytm,Slow refunds and poor support,3
2516,PhonePe,App freezes during payment,3
2517,PhonePe,App freezes during payment,1
2518,SBI YONO,Slow refunds and poor support,3
2519,SBI YONO,App freezes during payment,2
2520,GPay,UPI server delay error,3
2521,GPay,Transaction failed due to bank server down,3
2522,GPay,Slow refunds and poor support,2
2523,Paytm,Slow refunds and poor support,2
2524,SBI YONO,Transaction failed due to bank server down,1
2525,CRED,Slow refunds and poor support,2
2526,PhonePe,UPI server delay error,3
2527,Paytm,UPI server delay error,2
2528,GPay,Slow refunds and poor support,1
2529,Paytm,UPI server delay error,2
2530,GPay,Slow refunds and poor support,1
2531,SBI YONO,Slow refunds and poor support,3
2532,CRED,Slow refunds and poor support,3
2533,SBI YONO,Slow refunds and poor support,2
2534,PhonePe,Slow refunds and poor support,1
2535,Paytm,Slow refunds and poor support,2
2536,CRED,UPI server delay error,3
2537,PhonePe,Slow refunds and poor support,1
2538,PhonePe,Failed transactions and money deducted,1
2539,PhonePe,Slow refunds and poor support,1
2540,PhonePe,Slow refunds and poor support,2
2541,CRED,Failed transactions and money deducted,1
2542,PhonePe,Transaction failed due to bank server down,1
2543,SBI YONO,Transaction failed due to bank server down,3
2544,CRED,Transaction failed due to bank server down,3
2545,SBI YONO,Failed transactions and money deducted,2
2546,CRED,Slow refunds and poor support,1
2547,PhonePe,UPI server delay error,2
2548,SBI YONO,UPI server delay error,1
2549,GPay,Failed transactions and money deducted,1
2550,SBI YONO,App freezes during payment,3
2551,Paytm,UPI server delay error,1
2552,Paytm,Slow refunds and poor support,1
2553,Paytm,Failed transactions and money deducted,2
2554,GPay,UPI server delay error,3
2555,GPay,Slow refunds and poor support,1
2556,CRED,Slow refunds and poor support,2
2557,PhonePe,UPI server delay error,2
2558,GPay,Slow refunds and poor support,2
2559,SBI YONO,Slow refunds and poor support,2
2560,GPay,App freezes during payment,3
2561,CRED,Failed transactions and money deducted,3
2562,GPay,UPI server delay error,3
2563,Paytm,Failed transactions and money deducted,1
2564,PhonePe,Failed transactions and money deducted,1
2565,CRED,UPI server delay error,2
2566,Paytm,Slow refunds and poor support,3
2567,PhonePe,Failed transactions and money deducted,3
2568,SBI YONO,Slow refunds and poor support,3
2569,Paytm,Slow refunds and poor support,3
2570,CRED,App freezes during payment,3
2571,PhonePe,App freezes during payment,3
2572,CRED,Failed transactions and money deducted,3
2573,CRED,App freezes during payment,3
2574,PhonePe,Slow refunds and poor support,3
2575,SBI YONO,Transaction failed due to bank server down,3
2576,Paytm,Slow refunds and poor support,1
2577,SBI YONO,UPI server delay error,1
2578,PhonePe,Failed transactions and money deducted,2
2579,GPay,Transaction failed due to bank server down,1
2580,SBI YONO,UPI server delay error,1
2581,Paytm,Transaction failed due to bank server down,1
2582,GPay,App freezes during payment,3
2583,SBI YONO,UPI server delay error,1
2584,PhonePe,App freezes during payment,1
2585,PhonePe,Slow refunds and poor support,2
2586,CRED,App freezes during payment,3
2587,PhonePe,UPI server delay error,3
2588,SBI YONO,Transaction failed due to bank server down,3
2589,Paytm,Slow refunds and poor support,3
2590,GPay,Transaction failed due to bank server down,2
2591,Paytm,UPI server delay error,2
2592,PhonePe,Failed transactions and money deducted,2
2593,SBI YONO,Failed transactions and money deducted,1
2594,PhonePe,Failed transactions and money deducted,1
2595,PhonePe,Slow refunds and poor support,3
2596,Paytm,Slow refunds and poor support,2
2597,CRED,UPI server delay error,3
2598,Paytm,Transaction failed due to bank server down,1
2599,SBI YONO,App freezes during payment,1
2600,CRED,Transaction failed due to bank server down,2
2601,SBI YONO,App freezes during payment,1
2602,GPay,App freezes during payment,3
2603,Paytm,UPI server delay error,1
2604,GPay,UPI server delay error,3
2605,PhonePe,Slow refunds and poor support,1
2606,GPay,Transaction failed due to bank server down,3
2607,GPay,Slow refunds and poor support,3
2608,Paytm,Transaction failed due to bank server down,1
2609,GPay,Failed transactions and money deducted,1
2610,Paytm,App freezes during payment,1
2611,Paytm,Transaction failed due to bank server down,2
2612,PhonePe,UPI server delay error,1
2613,Paytm,App freezes during payment,1
2614,PhonePe,Failed transactions and money deducted,1
2615,GPay,Slow refunds and poor support,1
2616,SBI YONO,Transaction failed due to bank server down,2
2617,CRED,UPI server delay error,2
2618,Paytm,Slow refunds and poor support,2
2619,Paytm,Slow refunds and poor support,1
2620,SBI YONO,Transaction failed due to bank server down,2
2621,GPay,Slow refunds and poor support,3
2622,PhonePe,Failed transactions and money deducted,2
2623,SBI YONO,Transaction failed due to bank server down,3
2624,GPay,Failed transactions and money deducted,2
2625,CRED,Transaction failed due to bank server down,2
2626,Paytm,App freezes during payment,3
2627,PhonePe,Failed transactions and money deducted,1
2628,SBI YONO,UPI server delay error,1
2629,GPay,Failed transactions and money deducted,1
2630,SBI YONO,Transaction failed due to bank server down,3
2631,GPay,Slow refunds and poor support,3
2632,SBI YONO,Slow refunds and poor support,1
2633,SBI YONO,Slow refunds and poor support,3
2634,SBI YONO,App freezes during payment,3
2635,PhonePe,Failed transactions and money deducted,1
2636,SBI YONO,Failed transactions and money deducted,3
2637,GPay,App freezes during payment,1
2638,GPay,Slow refunds and poor support,3
2639,SBI YONO,Failed transactions and money deducted,1
2640,SBI YONO,UPI server delay error,3
2641,GPay,Slow refunds and poor support,2
2642,GPay,Slow refunds and poor support,2
2643,GPay,Transaction failed due to bank server down,3
2644,SBI YONO,Slow refunds and poor support,3
2645,PhonePe,Slow refunds and poor support,1
2646,Paytm,UPI server delay error,1
2647,CRED,App freezes during payment,2
2648,Paytm,UPI server delay error,2
2649,Paytm,UPI server delay error,2
2650,PhonePe,Slow refunds and poor support,1
2651,Paytm,Transaction failed due to bank server down,3
2652,Paytm,Transaction failed due to bank server down,2
2653,CRED,Transaction failed due to bank server down,3
2654,Paytm,App freezes during payment,1
2655,GPay,Slow refunds and poor support,2
2656,GPay,Failed transactions and money deducted,3
2657,CRED,Slow refunds and poor support,2
2658,Paytm,UPI server delay error,2
2659,PhonePe,App freezes during payment,1
2660,GPay,App freezes during payment,1
2661,GPay,UPI server delay error,3
2662,GPay,Slow refunds and poor support,3
2663,Paytm,Failed transactions and money deducted,1
2664,PhonePe,Transaction failed due to bank server down,1
2665,Paytm,UPI server delay error,3
2666,PhonePe,Failed transactions and money deducted,3
2667,CRED,App freezes during payment,1
2668,Paytm,Slow refunds and poor support,2
2669,PhonePe,App freezes during payment,3
2670,CRED,Failed transactions and money deducted,1
2671,SBI YONO,Failed transactions and money deducted,1
2672,GPay,Slow refunds and poor support,3
2673,GPay,App freezes during payment,1
2674,Paytm,Slow refunds and poor support,3
2675,Paytm,UPI server delay error,3
2676,PhonePe,Slow refunds and poor support,1
2677,PhonePe,UPI server delay error,2
2678,CRED,Transaction failed due to bank server down,1
2679,Paytm,App freezes during payment,3
2680,SBI YONO,Failed transactions and money deducted,1
2681,PhonePe,UPI server delay error,2
2682,SBI YONO,UPI server delay error,1
2683,SBI YONO,Failed transactions and money deducted,1
2684,Paytm,Failed transactions and money deducted,3
2685,GPay,UPI server delay error,2
2686,PhonePe,UPI server delay error,3
2687,Paytm,Transaction failed due to bank server down,3
2688,CRED,Failed transactions and money deducted,1
2689,SBI YONO,Slow refunds and poor support,1
2690,Paytm,Failed transactions and money deducted,1
2691,Paytm,App freezes during payment,1
2692,SBI YONO,Transaction failed due to bank server down,3
2693,PhonePe,Failed transactions and money deducted,1
2694,GPay,UPI server delay error,1
2695,Paytm,UPI server delay error,3
2696,GPay,App freezes during payment,1
2697,CRED,Slow refunds and poor support,2
2698,GPay,Slow refunds and poor support,1
2699,PhonePe,Failed transactions and money deducted,1
2700,GPay,App freezes during payment,2
2701,CRED,Failed transactions and money deducted,3
2702,Paytm,App freezes during payment,3
2703,Paytm,App freezes during payment,1
2704,CRED,App freezes during payment,3
2705,Paytm,Failed transactions and money deducted,1
2706,GPay,UPI server delay error,2
2707,GPay,UPI server delay error,2
2708,PhonePe,App freezes during payment,3
2709,SBI YONO,Transaction failed due to bank server down,1
2710,SBI YONO,App freezes during payment,2
2711,SBI YONO,UPI server delay error,3
2712,GPay,Failed transactions and money deducted,2
2713,GPay,App freezes during payment,2
2714,PhonePe,UPI server delay error,3
2715,PhonePe,Transaction failed due to bank server down,1
2716,SBI YONO,App freezes during payment,1
2717,GPay,App freezes during payment,2
2718,PhonePe,Failed transactions and money deducted,3
2719,Paytm,Failed transactions and money deducted,2
2720,GPay,UPI server delay error,2
2721,CRED,App freezes during payment,3
2722,CRED,UPI server delay error,2
2723,CRED,Failed transactions and money deducted,3
2724,SBI YONO,UPI server delay error,3
2725,SBI YONO,UPI server delay error,3
2726,SBI YONO,Failed transactions and money deducted,3
2727,CRED,App freezes during payment,2
2728,Paytm,App freezes during payment,3
2729,PhonePe,Transaction failed due to bank server down,2
2730,CRED,Slow refunds and poor support,1
2731,Paytm,Slow refunds and poor support,3
2732,SBI YONO,Failed transactions and money deducted,3
2733,SBI YONO,App freezes during payment,3
2734,PhonePe,UPI server delay error,1
2735,CRED,App freezes during payment,1
2736,Paytm,UPI server delay error,3
2737,PhonePe,Transaction failed due to bank server down,3
2738,SBI YONO,Transaction failed due to bank server down,1
2739,SBI YONO,Transaction failed due to bank server down,3
2740,PhonePe,Transaction failed due to bank server down,3
2741,SBI YONO,Transaction failed due to bank server down,3
2742,GPay,Slow refunds and poor support,3
2743,SBI YONO,Slow refunds and poor support,3
2744,Paytm,Transaction failed due to bank server down,1
2745,PhonePe,Failed transactions and money deducted,1
2746,GPay,UPI server delay error,3
2747,CRED,Transaction failed due to bank server down,2
2748,Paytm,UPI server delay error,3
2749,GPay,App freezes during payment,1
2750,GPay,Slow refunds and poor support,3
2751,GPay,Failed transactions and money deducted,2
2752,SBI YONO,Transaction failed due to bank server down,3
2753,GPay,App freezes during payment,1
2754,GPay,Slow refunds and poor support,3
2755,CRED,Slow refunds and poor support,2
2756,SBI YONO,Failed transactions and money deducted,1
2757,CRED,Slow refunds and poor support,3
2758,Paytm,App freezes during payment,2
2759,PhonePe,Failed transactions and money deducted,3
2760,SBI YONO,Slow refunds and poor support,3
2761,GPay,Slow refunds and poor support,2
2762,PhonePe,App freezes during payment,3
2763,CRED,Transaction failed due to bank server down,3
2764,GPay,App freezes during payment,2
2765,PhonePe,UPI server delay error,2
2766,Paytm,UPI server delay error,1
2767,SBI YONO,Slow refunds and poor support,2
2768,PhonePe,Slow refunds and poor support,1
2769,GPay,App freezes during payment,1
2770,GPay,Transaction failed due to bank server down,1
2771,CRED,UPI server delay error,1
2772,PhonePe,UPI server delay error,1
2773,PhonePe,App freezes during payment,1
2774,GPay,UPI server delay error,1
2775,SBI YONO,Transaction failed due to bank server down,3
2776,CRED,UPI server delay error,3
2777,GPay,Transaction failed due to bank server down,3
2778,GPay,Transaction failed due to bank server down,2
2779,GPay,Slow refunds and poor support,2
2780,SBI YONO,Slow refunds and poor support,3
2781,PhonePe,Transaction failed due to bank server down,2
2782,GPay,App freezes during payment,1
2783,SBI YONO,App freezes during payment,2
2784,PhonePe,Transaction failed due to bank server down,3
2785,PhonePe,Slow refunds and poor support,3
2786,CRED,Slow refunds and poor support,2
2787,GPay,UPI server delay error,2
2788,CRED,App freezes during payment,2
2789,PhonePe,Transaction failed due to bank server down,2
2790,PhonePe,UPI server delay error,2
2791,GPay,Transaction failed due to bank server down,1
2792,GPay,Transaction failed due to bank server down,3
2793,GPay,Slow refunds and poor support,2
2794,SBI YONO,Transaction failed due to bank server down,2
2795,CRED,Failed transactions and money deducted,2
2796,SBI YONO,Failed transactions and money deducted,1
2797,CRED,Slow refunds and poor support,2
2798,GPay,UPI server delay error,3
2799,CRED,UPI server delay error,3
2800,Paytm,App freezes during payment,2
2801,SBI YONO,Failed transactions and money deducted,1
2802,PhonePe,UPI server delay error,2
2803,SBI YONO,Transaction failed due to bank server down,3
2804,Paytm,Failed transactions and money deducted,1
2805,GPay,Transaction failed due to bank server down,2
2806,PhonePe,Transaction failed due to bank server down,1
2807,CRED,App freezes during payment,1
2808,PhonePe,App freezes during payment,2
2809,CRED,UPI server delay error,1
2810,GPay,App freezes during payment,3
2811,PhonePe,Slow refunds and poor support,3
2812,Paytm,UPI server delay error,2
2813,Paytm,App freezes during payment,3
2814,SBI YONO,App freezes during payment,1
2815,CRED,Slow refunds and poor support,3
2816,SBI YONO,Slow refunds and poor support,2
2817,GPay,Transaction failed due to bank server down,3
2818,CRED,Failed transactions and money deducted,1
2819,SBI YONO,UPI server delay error,1
2820,CRED,UPI server delay error,3
2821,PhonePe,Transaction failed due to bank server down,2
2822,GPay,App freezes during payment,1
2823,CRED,Transaction failed due to bank server down,3
2824,PhonePe,UPI server delay error,2
2825,Paytm,Transaction failed due to bank server down,1
2826,PhonePe,Failed transactions and money deducted,1
2827,SBI YONO,Slow refunds and poor support,2
2828,PhonePe,UPI server delay error,1
2829,CRED,Transaction failed due to bank server down,3
2830,CRED,App freezes during payment,3
2831,GPay,Transaction failed due to bank server down,1
2832,Paytm,Transaction failed due to bank server down,3
2833,PhonePe,UPI server delay error,1
2834,GPay,Transaction failed due to bank server down,3
2835,Paytm,Slow refunds and poor support,3
2836,PhonePe,Failed transactions and money deducted,1
2837,SBI YONO,Slow refunds and poor support,2
2838,GPay,App freezes during payment,1
2839,Paytm,Transaction failed due to bank server down,1
2840,SBI YONO,Failed transactions and money deducted,1
2841,PhonePe,Slow refunds and poor support,1
2842,CRED,Failed transactions and money deducted,1
2843,SBI YONO,Failed transactions and money deducted,1
2844,PhonePe,Transaction failed due to bank server down,3
2845,PhonePe,Failed transactions and money deducted,3
2846,GPay,Slow refunds and poor support,2
2847,GPay,Failed transactions and money deducted,3
2848,PhonePe,Transaction failed due to bank server down,1
2849,Paytm,UPI server delay error,1
2850,SBI YONO,App freezes during payment,3
2851,Paytm,UPI server delay error,2
2852,PhonePe,UPI server delay error,3
2853,SBI YONO,UPI server delay error,1
2854,Paytm,UPI server delay error,1
2855,GPay,Transaction failed due to bank server down,2
2856,GPay,App freezes during payment,1
2857,SBI YONO,Slow refunds and poor support,3
2858,GPay,App freezes during payment,1
2859,PhonePe,UPI server delay error,2
2860,SBI YONO,Slow refunds and poor support,1
2861,CRED,Slow refunds and poor support,2
2862,CRED,Failed transactions and money deducted,1
2863,SBI YONO,Slow refunds and poor support,2
2864,SBI YONO,Slow refunds and poor support,3
2865,PhonePe,App freezes during payment,1
2866,PhonePe,Slow refunds and poor support,3
2867,PhonePe,Slow refunds and poor support,2
2868,GPay,UPI server delay error,1
2869,GPay,Transaction failed due to bank server down,1
2870,SBI YONO,Failed transactions and money deducted,2
2871,CRED,UPI server delay error,1
2872,PhonePe,Slow refunds and poor support,2
2873,SBI YONO,Slow refunds and poor support,1
2874,Paytm,Failed transactions and money deducted,1
2875,SBI YONO,Failed transactions and money deducted,2
2876,CRED,UPI server delay error,1
2877,GPay,App freezes during payment,1
2878,SBI YONO,Failed transactions and money deducted,2
2879,GPay,Failed transactions and money deducted,2
2880,PhonePe,UPI server delay error,3
2881,Paytm,Slow refunds and poor support,3
2882,PhonePe,Slow refunds and poor support,3
2883,SBI YONO,UPI server delay error,2
2884,SBI YONO,App freezes during payment,2
2885,GPay,UPI server delay error,1
2886,Paytm,UPI server delay error,2
2887,PhonePe,Slow refunds and poor support,2
2888,Paytm,App freezes during payment,2
2889,GPay,Failed transactions and money deducted,3
2890,Paytm,UPI server delay error,3
2891,GPay,App freezes during payment,1
2892,SBI YONO,App freezes during payment,1
2893,SBI YONO,Failed transactions and money deducted,1
2894,Paytm,App freezes during payment,1
2895,CRED,App freezes during payment,3
2896,Paytm,Slow refunds and poor support,1
2897,SBI YONO,Failed transactions and money deducted,2
2898,GPay,UPI server delay error,2
2899,SBI YONO,App freezes during payment,2
2900,GPay,Transaction failed due to bank server down,2
2901,CRED,Failed transactions and money deducted,2
2902,CRED,Transaction failed due to bank server down,2
2903,Paytm,Transaction failed due to bank server down,3
2904,GPay,Slow refunds and poor support,1
2905,CRED,Transaction failed due to bank server down,3
2906,Paytm,Slow refunds and poor support,1
2907,PhonePe,Failed transactions and money deducted,2
2908,GPay,Failed transactions and money deducted,2
2909,SBI YONO,App freezes during payment,3
2910,Paytm,Failed transactions and money deducted,2
2911,GPay,UPI server delay error,3
2912,CRED,Transaction failed due to bank server down,2
2913,GPay,Slow refunds and poor support,3
2914,CRED,Slow refunds and poor support,3
2915,CRED,Slow refunds and poor support,3
2916,Paytm,App freezes during payment,3
2917,CRED,UPI server delay error,3
2918,GPay,Transaction failed due to bank server down,1
2919,SBI YONO,Failed transactions and money deducted,1
2920,CRED,Transaction failed due to bank server down,2
2921,Paytm,App freezes during payment,2
2922,GPay,Failed transactions and money deducted,2
2923,CRED,App freezes during payment,1
2924,Paytm,UPI server delay error,2
2925,GPay,App freezes during payment,2
2926,PhonePe,Failed transactions and money deducted,2
2927,SBI YONO,Transaction failed due to bank server down,3
2928,GPay,App freezes during payment,3
2929,GPay,UPI server delay error,2
2930,SBI YONO,Transaction failed due to bank server down,2
2931,Paytm,Failed transactions and money deducted,1
2932,PhonePe,App freezes during payment,2
2933,PhonePe,UPI server delay error,2
2934,GPay,App freezes during payment,2
2935,PhonePe,Slow refunds and poor support,3
2936,GPay,Failed transactions and money deducted,1
2937,PhonePe,Failed transactions and money deducted,3
2938,SBI YONO,Slow refunds and poor support,3
2939,PhonePe,App freezes during payment,1
2940,SBI YONO,Slow refunds and poor support,3
2941,CRED,Transaction failed due to bank server down,1
2942,CRED,UPI server delay error,2
2943,GPay,Slow refunds and poor support,3
2944,SBI YONO,Transaction failed due to bank server down,1
2945,SBI YONO,Slow refunds and poor support,1
2946,Paytm,Transaction failed due to bank server down,3
2947,SBI YONO,UPI server delay error,2
2948,CRED,UPI server delay error,2
2949,CRED,Transaction failed due to bank server down,1
2950,CRED,Failed transactions and money deducted,2
2951,PhonePe,App freezes during payment,2
2952,PhonePe,UPI server delay error,3
2953,GPay,App freezes during payment,3
2954,GPay,Failed transactions and money deducted,3
2955,SBI YONO,Transaction failed due to bank server down,2
2956,SBI YONO,Transaction failed due to bank server down,2
2957,PhonePe,Transaction failed due to bank server down,1
2958,GPay,Failed transactions and money deducted,1
2959,CRED,Transaction failed due to bank server down,1
2960,GPay,UPI server delay error,3
2961,Paytm,Slow refunds and poor support,2
2962,SBI YONO,Transaction failed due to bank server down,1
2963,GPay,Transaction failed due to bank server down,3
2964,GPay,UPI server delay error,1
2965,PhonePe,Failed transactions and money deducted,3
2966,GPay,App freezes during payment,1
2967,PhonePe,Failed transactions and money deducted,2
2968,SBI YONO,App freezes during payment,3
2969,Paytm,Slow refunds and poor support,3
2970,CRED,Transaction failed due to bank server down,1
2971,CRED,App freezes during payment,3
2972,CRED,Failed transactions and money deducted,2
2973,GPay,Transaction failed due to bank server down,1
2974,SBI YONO,UPI server delay error,2
2975,GPay,UPI server delay error,2
2976,SBI YONO,Failed transactions and money deducted,1
2977,CRED,Slow refunds and poor support,1
2978,CRED,App freezes during payment,2
2979,CRED,UPI server delay error,3
2980,SBI YONO,App freezes during payment,3
2981,PhonePe,Transaction failed due to bank server down,2
2982,Paytm,Failed transactions and money deducted,2
2983,Paytm,Transaction failed due to bank server down,1
2984,GPay,Failed transactions and money deducted,1
2985,SBI YONO,UPI server delay error,1
2986,PhonePe,Failed transactions and money deducted,3
2987,Paytm,UPI server delay error,1
2988,PhonePe,Slow refunds and poor support,3
2989,GPay,App freezes during payment,3
2990,PhonePe,App freezes during payment,2
2991,SBI YONO,Failed transactions and money deducted,2
2992,GPay,Slow refunds and poor support,3
2993,CRED,Slow refunds and poor support,3
2994,PhonePe,Transaction failed due to bank server down,1
2995,GPay,Transaction failed due to bank server down,3
2996,CRED,Slow refunds and poor support,3
2997,GPay,UPI server delay error,1
2998,CRED,Failed transactions and money deducted,2
2999,GPay,Slow refunds and poor support,1
3000,SBI YONO,App freezes during payment,2
3001,GPay,UPI server delay error,3
3002,GPay,App freezes during payment,1
3003,SBI YONO,App freezes during payment,1
3004,SBI YONO,Slow refunds and poor support,3
3005,SBI YONO,App freezes during payment,3
3006,CRED,Slow refunds and poor support,2
3007,CRED,UPI server delay error,1
3008,GPay,Slow refunds and poor support,2
3009,GPay,Failed transactions and money deducted,2
3010,PhonePe,UPI server delay error,3
3011,CRED,UPI server delay error,1
3012,PhonePe,Slow refunds and poor support,2
3013,Paytm,Slow refunds and poor support,3
3014,GPay,Failed transactions and money deducted,2
3015,GPay,App freezes during payment,3
3016,Paytm,App freezes during payment,2
3017,Paytm,UPI server delay error,3
3018,CRED,Slow refunds and poor support,2
3019,PhonePe,UPI server delay error,1
3020,PhonePe,App freezes during payment,1
3021,Paytm,Transaction failed due to bank server down,3
3022,GPay,Failed transactions and money deducted,2
3023,CRED,UPI server delay error,3
3024,CRED,Failed transactions and money deducted,2
3025,SBI YONO,UPI server delay error,2
3026,GPay,Slow refunds and poor support,1
3027,CRED,Transaction failed due to bank server down,2
3028,SBI YONO,Slow refunds and poor support,1
3029,SBI YONO,UPI server delay error,1
3030,SBI YONO,UPI server delay error,2
3031,CRED,Transaction failed due to bank server down,1
3032,Paytm,App freezes during payment,1
3033,Paytm,Slow refunds and poor support,3
3034,PhonePe,UPI server delay error,3
3035,CRED,UPI server delay error,2
3036,GPay,App freezes during payment,1
3037,CRED,Failed transactions and money deducted,1
3038,Paytm,App freezes during payment,2
3039,CRED,Transaction failed due to bank server down,3
3040,CRED,Failed transactions and money deducted,1
3041,SBI YONO,Slow refunds and poor support,2
3042,SBI YONO,App freezes during payment,3
3043,SBI YONO,App freezes during payment,1
3044,Paytm,Transaction failed due to bank server down,2
3045,CRED,UPI server delay error,3
3046,PhonePe,Transaction failed due to bank server down,2
3047,SBI YONO,App freezes during payment,1
3048,SBI YONO,Failed transactions and money deducted,1
3049,SBI YONO,App freezes during payment,2
3050,SBI YONO,Slow refunds and poor support,3
3051,PhonePe,Transaction failed due to bank server down,3
3052,PhonePe,Transaction failed due to bank server down,3
3053,SBI YONO,UPI server delay error,3
3054,PhonePe,Slow refunds and poor support,1
3055,GPay,UPI server delay error,2
3056,GPay,Failed transactions and money deducted,3
3057,SBI YONO,App freezes during payment,2
3058,PhonePe,App freezes during payment,2
3059,SBI YONO,Transaction failed due to bank server down,2
3060,PhonePe,Failed transactions and money deducted,1
3061,Paytm,Slow refunds and poor support,3
3062,Paytm,UPI server delay error,2
3063,CRED,Failed transactions and money deducted,3
3064,GPay,UPI server delay error,3
3065,SBI YONO,UPI server delay error,2
3066,CRED,UPI server delay error,3
3067,SBI YONO,Failed transactions and money deducted,2
3068,CRED,App freezes during payment,2
3069,Paytm,Transaction failed due to bank server down,3
3070,SBI YONO,UPI server delay error,1
3071,Paytm,UPI server delay error,1
3072,Paytm,Slow refunds and poor support,2
3073,PhonePe,App freezes during payment,1
3074,PhonePe,Slow refunds and poor support,3
3075,PhonePe,UPI server delay error,1
3076,PhonePe,App freezes during payment,2
3077,Paytm,Transaction failed due to bank server down,2
3078,SBI YONO,App freezes during payment,2
3079,Paytm,Transaction failed due to bank server down,1
3080,CRED,App freezes during payment,3
3081,SBI YONO,App freezes during payment,1
3082,CRED,Slow refunds and poor support,2
3083,PhonePe,UPI server delay error,1
3084,CRED,Slow refunds and poor support,2
3085,SBI YONO,Slow refunds and poor support,2
3086,GPay,Failed transactions and money deducted,3
3087,SBI YONO,UPI server delay error,2
3088,Paytm,UPI server delay error,2
3089,GPay,Slow refunds and poor support,3
3090,PhonePe,Failed transactions and money deducted,2
3091,SBI YONO,Slow refunds and poor support,3
3092,CRED,Slow refunds and poor support,1
3093,GPay,App freezes during payment,3
3094,PhonePe,Failed transactions and money deducted,1
3095,CRED,Slow refunds and poor support,3
3096,GPay,Transaction failed due to bank server down,1
3097,Paytm,UPI server delay error,2
3098,Paytm,Failed transactions and money deducted,1
3099,Paytm,App freezes during payment,3
3100,CRED,Transaction failed due to bank server down,3
3101,PhonePe,Transaction failed due to bank server down,3
3102,SBI YONO,Transaction failed due to bank server down,3
3103,PhonePe,App freezes during payment,1
3104,GPay,UPI server delay error,1
3105,GPay,Slow refunds and poor support,2
3106,PhonePe,UPI server delay error,1
3107,SBI YONO,Slow refunds and poor support,3
3108,PhonePe,App freezes during payment,3
3109,GPay,Transaction failed due to bank server down,1
3110,CRED,UPI server delay error,2
3111,SBI YONO,Transaction failed due to bank server down,3
3112,SBI YONO,UPI server delay error,3
3113,SBI YONO,UPI server delay error,1
3114,SBI YONO,Slow refunds and poor support,1
3115,PhonePe,App freezes during payment,3
3116,Paytm,App freezes during payment,1
3117,CRED,Slow refunds and poor support,1
3118,PhonePe,Transaction failed due to bank server down,2
3119,GPay,Transaction failed due to bank server down,1
3120,PhonePe,Failed transactions and money deducted,3
3121,Paytm,Transaction failed due to bank server down,1
3122,PhonePe,App freezes during payment,1
3123,PhonePe,Slow refunds and poor support,1
3124,SBI YONO,App freezes during payment,3
3125,PhonePe,Transaction failed due to bank server down,1
3126,Paytm,Slow refunds and poor support,2
3127,SBI YONO,App freezes during payment,2
3128,PhonePe,Failed transactions and money deducted,3
3129,CRED,Transaction failed due to bank server down,3
3130,SBI YONO,Slow refunds and poor support,3
3131,PhonePe,Failed transactions and money deducted,3
3132,PhonePe,Slow refunds and poor support,3
3133,GPay,Transaction failed due to bank server down,3
3134,PhonePe,Transaction failed due to bank server down,3
3135,Paytm,Slow refunds and poor support,3
3136,Paytm,UPI server delay error,1
3137,Paytm,Slow refunds and poor support,1
3138,GPay,Failed transactions and money deducted,3
3139,GPay,Slow refunds and poor support,1
3140,SBI YONO,App freezes during payment,2
3141,Paytm,Failed transactions and money deducted,3
3142,GPay,App freezes during payment,2
3143,PhonePe,UPI server delay error,2
3144,Paytm,UPI server delay error,1
3145,Paytm,App freezes during payment,1
3146,Paytm,Transaction failed due to bank server down,1
3147,CRED,App freezes during payment,1
3148,CRED,Transaction failed due to bank server down,1
3149,PhonePe,Slow refunds and poor support,3
3150,Paytm,Transaction failed due to bank server down,1
3151,GPay,Failed transactions and money deducted,1
3152,CRED,Transaction failed due to bank server down,3
3153,Paytm,Transaction failed due to bank server down,1
3154,PhonePe,UPI server delay error,3
3155,SBI YONO,Slow refunds and poor support,3
3156,Paytm,App freezes during payment,2
3157,CRED,UPI server delay error,1
3158,Paytm,Transaction failed due to bank server down,1
3159,GPay,App freezes during payment,1
3160,GPay,Transaction failed due to bank server down,1
3161,GPay,Slow refunds and poor support,1
3162,PhonePe,App freezes during payment,2
3163,Paytm,UPI server delay error,1
3164,Paytm,Transaction failed due to bank server down,3
3165,PhonePe,App freezes during payment,3
3166,Paytm,UPI server delay error,3
3167,Paytm,Slow refunds and poor support,2
3168,GPay,App freezes during payment,3
3169,CRED,Transaction failed due to bank server down,3
3170,GPay,Transaction failed due to bank server down,3
3171,Paytm,App freezes during payment,1
3172,SBI YONO,Slow refunds and poor support,3
3173,CRED,Transaction failed due to bank server down,1
3174,SBI YONO,UPI server delay error,1
3175,SBI YONO,UPI server delay error,2
3176,Paytm,UPI server delay error,2
3177,CRED,Failed transactions and money deducted,2
3178,GPay,App freezes during payment,1
3179,CRED,UPI server delay error,1
3180,CRED,Slow refunds and poor support,2
3181,CRED,Transaction failed due to bank server down,1
3182,CRED,Failed transactions and money deducted,3
3183,Paytm,App freezes during payment,2
3184,GPay,UPI server delay error,1
3185,SBI YONO,Slow refunds and poor support,1
3186,Paytm,UPI server delay error,3
3187,PhonePe,UPI server delay error,1
3188,SBI YONO,Slow refunds and poor support,2
3189,SBI YONO,App freezes during payment,3
3190,CRED,UPI server delay error,1
3191,Paytm,Slow refunds and poor support,2
3192,PhonePe,UPI server delay error,1
3193,SBI YONO,Slow refunds and poor support,2
3194,GPay,Transaction failed due to bank server down,2
3195,SBI YONO,App freezes during payment,1
3196,Paytm,Transaction failed due to bank server down,3
3197,CRED,Transaction failed due to bank server down,1
3198,SBI YONO,Transaction failed due to bank server down,3
3199,GPay,Transaction failed due to bank server down,2
3200,SBI YONO,Slow refunds and poor support,1
3201,Paytm,Slow refunds and poor support,2
3202,GPay,Transaction failed due to bank server down,2
3203,SBI YONO,Failed transactions and money deducted,2
3204,CRED,Failed transactions and money deducted,3
3205,Paytm,Failed transactions and money deducted,1
3206,SBI YONO,Slow refunds and poor support,3
3207,Paytm,Transaction failed due to bank server down,1
3208,CRED,Failed transactions and money deducted,1
3209,Paytm,Slow refunds and poor support,1
3210,Paytm,App freezes during payment,3
3211,GPay,UPI server delay error,2
3212,CRED,Slow refunds and poor support,3
3213,GPay,UPI server delay error,2
3214,GPay,UPI server delay error,1
3215,PhonePe,Failed transactions and money deducted,1
3216,Paytm,Slow refunds and poor support,3
3217,CRED,UPI server delay error,3
3218,GPay,UPI server delay error,2
3219,SBI YONO,Failed transactions and money deducted,3
3220,CRED,Failed transactions and money deducted,2
3221,PhonePe,Transaction failed due to bank server down,3
3222,CRED,UPI server delay error,3
3223,Paytm,UPI server delay error,2
3224,GPay,Transaction failed due to bank server down,1
3225,Paytm,App freezes during payment,1
3226,PhonePe,Transaction failed due to bank server down,1
3227,GPay,Slow refunds and poor support,3
3228,CRED,Slow refunds and poor support,1
3229,SBI YONO,UPI server delay error,1
3230,CRED,UPI server delay error,2
3231,CRED,Slow refunds and poor support,1
3232,PhonePe,Failed transactions and money deducted,1
3233,CRED,Transaction failed due to bank server down,3
3234,GPay,Slow refunds and poor support,1
3235,CRED,UPI server delay error,3
3236,GPay,UPI server delay error,1
3237,Paytm,UPI server delay error,3
3238,Paytm,UPI server delay error,2
3239,PhonePe,Failed transactions and money deducted,2
3240,SBI YONO,UPI server delay error,3
3241,Paytm,UPI server delay error,1
3242,SBI YONO,Transaction failed due to bank server down,2
3243,PhonePe,UPI server delay error,2
3244,PhonePe,Slow refunds and poor support,2
3245,CRED,Failed transactions and money deducted,1
3246,PhonePe,UPI server delay error,1
3247,PhonePe,Transaction failed due to bank server down,1
3248,GPay,Slow refunds and poor support,1
3249,CRED,Failed transactions and money deducted,3
3250,PhonePe,Failed transactions and money deducted,1
3251,GPay,Slow refunds and poor support,3
3252,GPay,App freezes during payment,2
3253,SBI YONO,Failed transactions and money deducted,2
3254,PhonePe,Transaction failed due to bank server down,2
3255,SBI YONO,App freezes during payment,2
3256,PhonePe,App freezes during payment,2
3257,SBI YONO,Failed transactions and money deducted,2
3258,PhonePe,Failed transactions and money deducted,3
3259,GPay,Transaction failed due to bank server down,2
3260,Paytm,App freezes during payment,2
3261,Paytm,App freezes during payment,2
3262,GPay,Transaction failed due to bank server down,2
3263,GPay,Slow refunds and poor support,2
3264,CRED,Slow refunds and poor support,3
3265,CRED,Slow refunds and poor support,3
3266,SBI YONO,UPI server delay error,3
3267,GPay,App freezes during payment,1
3268,PhonePe,Transaction failed due to bank server down,3
3269,PhonePe,Transaction failed due to bank server down,3
3270,PhonePe,UPI server delay error,3
3271,SBI YONO,Failed transactions and money deducted,3
3272,Paytm,Transaction failed due to bank server down,2
3273,Paytm,Failed transactions and money deducted,2
3274,Paytm,Slow refunds and poor support,3
3275,SBI YONO,UPI server delay error,1
3276,Paytm,Transaction failed due to bank server down,2
3277,SBI YONO,Transaction failed due to bank server down,1
3278,SBI YONO,Transaction failed due to bank server down,1
3279,SBI YONO,UPI server delay error,2
3280,GPay,Transaction failed due to bank server down,2
3281,SBI YONO,Slow refunds and poor support,2
3282,SBI YONO,Transaction failed due to bank server down,1
3283,CRED,Slow refunds and poor support,3
3284,GPay,UPI server delay error,2
3285,GPay,Transaction failed due to bank server down,2
3286,Paytm,App freezes during payment,1
3287,CRED,App freezes during payment,1
3288,GPay,Failed transactions and money deducted,2
3289,CRED,Slow refunds and poor support,3
3290,CRED,Slow refunds and poor support,1
3291,SBI YONO,Slow refunds and poor support,3
3292,SBI YONO,Slow refunds and poor support,1
3293,GPay,Slow refunds and poor support,2
3294,CRED,Slow refunds and poor support,3
3295,GPay,Failed transactions and money deducted,1
3296,GPay,Slow refunds and poor support,3
3297,CRED,Slow refunds and poor support,2
3298,Paytm,Slow refunds and poor support,3
3299,PhonePe,Transaction failed due to bank server down,1
3300,GPay,Transaction failed due to bank server down,1
3301,SBI YONO,UPI server delay error,3
3302,PhonePe,Failed transactions and money deducted,3
3303,SBI YONO,App freezes during payment,2
3304,GPay,Failed transactions and money deducted,3
3305,Paytm,Transaction failed due to bank server down,2
3306,CRED,UPI server delay error,1
3307,GPay,Failed transactions and money deducted,3
3308,GPay,Slow refunds and poor support,2
3309,CRED,App freezes during payment,1
3310,PhonePe,App freezes during payment,2
3311,PhonePe,Failed transactions and money deducted,2
3312,CRED,Transaction failed due to bank server down,2
3313,SBI YONO,App freezes during payment,3
3314,PhonePe,Transaction failed due to bank server down,2
3315,PhonePe,Slow refunds and poor support,3
3316,Paytm,Slow refunds and poor support,2
3317,GPay,Failed transactions and money deducted,3
3318,Paytm,App freezes during payment,1
3319,GPay,Slow refunds and poor support,2
3320,SBI YONO,Failed transactions and money deducted,2
3321,PhonePe,App freezes during payment,2
3322,GPay,Failed transactions and money deducted,3
3323,CRED,App freezes during payment,1
3324,CRED,App freezes during payment,2
3325,GPay,Failed transactions and money deducted,2
3326,Paytm,Transaction failed due to bank server down,2
3327,PhonePe,UPI server delay error,1
3328,PhonePe,UPI server delay error,2
3329,Paytm,Failed transactions and money deducted,1
3330,Paytm,Transaction failed due to bank server down,3
3331,GPay,Failed transactions and money deducted,1
3332,GPay,Failed transactions and money deducted,2
3333,CRED,UPI server delay error,1
3334,SBI YONO,Failed transactions and money deducted,3
3335,SBI YONO,Slow refunds and poor support,1
3336,GPay,App freezes during payment,2
3337,SBI YONO,UPI server delay error,1
3338,GPay,Slow refunds and poor support,1
3339,GPay,Failed transactions and money deducted,2
3340,SBI YONO,UPI server delay error,1
3341,CRED,Transaction failed due to bank server down,3
3342,GPay,UPI server delay error,2
3343,PhonePe,Slow refunds and poor support,2
3344,GPay,UPI server delay error,2
3345,SBI YONO,Failed transactions and money deducted,1
3346,PhonePe,Slow refunds and poor support,3
3347,PhonePe,App freezes during payment,3
3348,Paytm,Failed transactions and money deducted,3
3349,Paytm,UPI server delay error,2
3350,PhonePe,Transaction failed due to bank server down,2
3351,Paytm,UPI server delay error,3
3352,CRED,UPI server delay error,1
3353,GPay,Transaction failed due to bank server down,1
3354,SBI YONO,Transaction failed due to bank server down,2
3355,Paytm,App freezes during payment,3
3356,CRED,UPI server delay error,2
3357,SBI YONO,Failed transactions and money deducted,2
3358,Paytm,Failed transactions and money deducted,1
3359,PhonePe,Transaction failed due to bank server down,3
3360,Paytm,Transaction failed due to bank server down,3
3361,GPay,App freezes during payment,2
3362,PhonePe,Failed transactions and money deducted,2
3363,PhonePe,UPI server delay error,1
3364,SBI YONO,UPI server delay error,1
3365,SBI YONO,Failed transactions and money deducted,3
3366,GPay,Slow refunds and poor support,3
3367,PhonePe,Transaction failed due to bank server down,3
3368,Paytm,Transaction failed due to bank server down,3
3369,SBI YONO,Slow refunds and poor support,3
3370,Paytm,Slow refunds and poor support,2
3371,Paytm,Failed transactions and money deducted,2
3372,Paytm,Transaction failed due to bank server down,1
3373,CRED,UPI server delay error,2
3374,SBI YONO,Slow refunds and poor support,2
3375,Paytm,Transaction failed due to bank server down,2
3376,PhonePe,UPI server delay error,3
3377,PhonePe,App freezes during payment,2
3378,CRED,Transaction failed due to bank server down,2
3379,PhonePe,Transaction failed due to bank server down,3
3380,CRED,Failed transactions and money deducted,2
3381,Paytm,Failed transactions and money deducted,1
3382,GPay,Failed transactions and money deducted,2
3383,Paytm,UPI server delay error,1
3384,GPay,Slow refunds and poor support,3
3385,CRED,Failed transactions and money deducted,2
3386,Paytm,UPI server delay error,2
3387,GPay,Transaction failed due to bank server down,2
3388,PhonePe,Failed transactions and money deducted,3
3389,CRED,Transaction failed due to bank server down,2
3390,GPay,App freezes during payment,1
3391,SBI YONO,UPI server delay error,2
3392,GPay,App freezes during payment,1
3393,Paytm,UPI server delay error,1
3394,Paytm,UPI server delay error,3
3395,CRED,Failed transactions and money deducted,3
3396,SBI YONO,UPI server delay error,1
3397,SBI YONO,Transaction failed due to bank server down,1
3398,CRED,UPI server delay error,1
3399,CRED,Slow refunds and poor support,3
3400,SBI YONO,Transaction failed due to bank server down,3
3401,CRED,Transaction failed due to bank server down,3
3402,PhonePe,App freezes during payment,3
3403,Paytm,UPI server delay error,2
3404,PhonePe,App freezes during payment,3
3405,Paytm,Transaction failed due to bank server down,2
3406,Paytm,Failed transactions and money deducted,3
3407,SBI YONO,Failed transactions and money deducted,1
3408,PhonePe,Slow refunds and poor support,1
3409,SBI YONO,UPI server delay error,2
3410,Paytm,App freezes during payment,2
3411,PhonePe,App freezes during payment,1
3412,GPay,Slow refunds and poor support,2
3413,CRED,Failed transactions and money deducted,2
3414,SBI YONO,UPI server delay error,1
3415,SBI YONO,Slow refunds and poor support,2
3416,Paytm,Slow refunds and poor support,2
3417,GPay,Slow refunds and poor support,3
3418,SBI YONO,UPI server delay error,1
3419,Paytm,UPI server delay error,3
3420,CRED,Transaction failed due to bank server down,2
3421,Paytm,App freezes during payment,3
3422,GPay,UPI server delay error,3
3423,SBI YONO,UPI server delay error,1
3424,GPay,Failed transactions and money deducted,2
3425,GPay,App freezes during payment,1
3426,SBI YONO,Transaction failed due to bank server down,3
3427,GPay,Slow refunds and poor support,1
3428,CRED,Failed transactions and money deducted,3
3429,PhonePe,Transaction failed due to bank server down,1
3430,CRED,Slow refunds and poor support,3
3431,CRED,Transaction failed due to bank server down,2
3432,GPay,Transaction failed due to bank server down,1
3433,Paytm,Slow refunds and poor support,2
3434,PhonePe,Failed transactions and money deducted,2
3435,PhonePe,Transaction failed due to bank server down,2
3436,GPay,Transaction failed due to bank server down,3
3437,GPay,UPI server delay error,2
3438,CRED,Transaction failed due to bank server down,3
3439,GPay,UPI server delay error,1
3440,SBI YONO,Transaction failed due to bank server down,2
3441,SBI YONO,Transaction failed due to bank server down,1
3442,Paytm,Transaction failed due to bank server down,2
3443,SBI YONO,UPI server delay error,1
3444,CRED,Failed transactions and money deducted,3
3445,GPay,App freezes during payment,3
3446,GPay,Slow refunds and poor support,1
3447,SBI YONO,UPI server delay error,3
3448,Paytm,Slow refunds and poor support,2
3449,CRED,Transaction failed due to bank server down,2
3450,CRED,UPI server delay error,3
3451,GPay,App freezes during payment,1
3452,SBI YONO,Transaction failed due to bank server down,3
3453,SBI YONO,Transaction failed due to bank server down,3
3454,PhonePe,Failed transactions and money deducted,2
3455,PhonePe,UPI server delay error,2
3456,CRED,App freezes during payment,1
3457,Paytm,UPI server delay error,1
3458,GPay,Transaction failed due to bank server down,2
3459,SBI YONO,App freezes during payment,1
3460,Paytm,Slow refunds and poor support,2
3461,CRED,Transaction failed due to bank server down,3
3462,Paytm,App freezes during payment,3
3463,GPay,Transaction failed due to bank server down,3
3464,SBI YONO,App freezes during payment,3
3465,PhonePe,Failed transactions and money deducted,3
3466,GPay,Transaction failed due to bank server down,1
3467,CRED,Slow refunds and poor support,1
3468,CRED,Slow refunds and poor support,1
3469,SBI YONO,Slow refunds and poor support,1
3470,GPay,Transaction failed due to bank server down,2
3471,GPay,Transaction failed due to bank server down,3
3472,PhonePe,Transaction failed due to bank server down,3
3473,Paytm,App freezes during payment,1
3474,GPay,Failed transactions and money deducted,3
3475,CRED,UPI server delay error,3
3476,CRED,Transaction failed due to bank server down,3
3477,Paytm,Slow refunds and poor support,2
3478,Paytm,Transaction failed due to bank server down,2
3479,GPay,Failed transactions and money deducted,1
3480,GPay,Failed transactions and money deducted,3
3481,GPay,Transaction failed due to bank server down,3
3482,CRED,Failed transactions and money deducted,1
3483,Paytm,App freezes during payment,2
3484,SBI YONO,Transaction failed due to bank server down,1
3485,GPay,App freezes during payment,3
3486,Paytm,Slow refunds and poor support,3
3487,CRED,UPI server delay error,3
3488,GPay,Slow refunds and poor support,3
3489,CRED,UPI server delay error,1
3490,GPay,UPI server delay error,2
3491,Paytm,UPI server delay error,2
3492,SBI YONO,UPI server delay error,3
3493,PhonePe,Failed transactions and money deducted,1
3494,SBI YONO,Transaction failed due to bank server down,2
3495,Paytm,Slow refunds and poor support,2
3496,CRED,Slow refunds and poor support,1
3497,Paytm,Failed transactions and money deducted,2
3498,SBI YONO,UPI server delay error,2
3499,CRED,App freezes during payment,3
3500,SBI YONO,UPI server delay error,1
3501,PhonePe,App freezes during payment,1
3502,PhonePe,App freezes during payment,1
3503,CRED,UPI server delay error,3
3504,GPay,Failed transactions and money deducted,3
3505,CRED,UPI server delay error,3
3506,GPay,UPI server delay error,3
3507,GPay,Slow refunds and poor support,1
3508,Paytm,Failed transactions and money deducted,2
3509,CRED,Slow refunds and poor support,2
3510,PhonePe,Failed transactions and money deducted,1
3511,SBI YONO,Slow refunds and poor support,3
3512,CRED,App freezes during payment,3
3513,CRED,Slow refunds and poor support,1
3514,PhonePe,App freezes during payment,2
3515,CRED,UPI server delay error,3
3516,CRED,UPI server delay error,2
3517,Paytm,UPI server delay error,2
3518,Paytm,Transaction failed due to bank server down,3
3519,SBI YONO,App freezes during payment,2
3520,PhonePe,UPI server delay error,2
3521,SBI YONO,Slow refunds and poor support,3
3522,GPay,Slow refunds and poor support,3
3523,CRED,Slow refunds and poor support,2
3524,PhonePe,Failed transactions and money deducted,3
3525,Paytm,Failed transactions and money deducted,3
3526,Paytm,UPI server delay error,2
3527,SBI YONO,Slow refunds and poor support,2
3528,GPay,Slow refunds and poor support,2
3529,GPay,Slow refunds and poor support,2
3530,Paytm,Failed transactions and money deducted,3
3531,SBI YONO,Transaction failed due to bank server down,2
3532,Paytm,App freezes during payment,1
3533,PhonePe,Transaction failed due to bank server down,2
3534,Paytm,UPI server delay error,1
3535,GPay,Failed transactions and money deducted,3
3536,CRED,Slow refunds and poor support,3
3537,Paytm,Failed transactions and money deducted,1
3538,Paytm,Slow refunds and poor support,2
3539,CRED,Failed transactions and money deducted,1
3540,SBI YONO,Transaction failed due to bank server down,3
3541,Paytm,Failed transactions and money deducted,2
3542,SBI YONO,UPI server delay error,1
3543,PhonePe,Slow refunds and poor support,3
3544,CRED,App freezes during payment,1
3545,SBI YONO,UPI server delay error,3
3546,PhonePe,Transaction failed due to bank server down,3
3547,GPay,Slow refunds and poor support,3
3548,GPay,Slow refunds and poor support,2
3549,SBI YONO,Slow refunds and poor support,1
3550,CRED,Failed transactions and money deducted,2
3551,Paytm,UPI server delay error,2
3552,SBI YONO,Failed transactions and money deducted,2
3553,CRED,UPI server delay error,1
3554,CRED,Transaction failed due to bank server down,1
3555,Paytm,Slow refunds and poor support,1
3556,CRED,UPI server delay error,1
3557,Paytm,App freezes during payment,1
3558,SBI YONO,Slow refunds and poor support,2
3559,PhonePe,UPI server delay error,2
3560,PhonePe,Failed transactions and money deducted,1
3561,Paytm,UPI server delay error,1
3562,CRED,Slow refunds and poor support,1
3563,PhonePe,Failed transactions and money deducted,3
3564,PhonePe,Transaction failed due to bank server down,2
3565,SBI YONO,UPI server delay error,3
3566,Paytm,App freezes during payment,2
3567,SBI YONO,Transaction failed due to bank server down,1
3568,Paytm,Slow refunds and poor support,1
3569,Paytm,Slow refunds and poor support,2
3570,PhonePe,Transaction failed due to bank server down,2
3571,GPay,Slow refunds and poor support,3
3572,CRED,Transaction failed due to bank server down,2
3573,CRED,Slow refunds and poor support,3
3574,PhonePe,App freezes during payment,1
3575,Paytm,Transaction failed due to bank server down,1
3576,SBI YONO,UPI server delay error,1
3577,GPay,Failed transactions and money deducted,2
3578,PhonePe,App freezes during payment,3
3579,CRED,Transaction failed due to bank server down,3
3580,CRED,Transaction failed due to bank server down,3
3581,CRED,Slow refunds and poor support,3
3582,GPay,Transaction failed due to bank server down,3
3583,GPay,Transaction failed due to bank server down,2
3584,CRED,Failed transactions and money deducted,2
3585,SBI YONO,App freezes during payment,2
3586,Paytm,Failed transactions and money deducted,3
3587,PhonePe,Slow refunds and poor support,2
3588,CRED,Transaction failed due to bank server down,2
3589,CRED,Transaction failed due to bank server down,2
3590,Paytm,Failed transactions and money deducted,3
3591,CRED,App freezes during payment,2
3592,Paytm,Transaction failed due to bank server down,2
3593,Paytm,App freezes during payment,2
3594,SBI YONO,Slow refunds and poor support,1
3595,GPay,Transaction failed due to bank server down,2
3596,Paytm,App freezes during payment,3
3597,Paytm,Slow refunds and poor support,1
3598,GPay,Transaction failed due to bank server down,3
3599,PhonePe,UPI server delay error,2
3600,GPay,Failed transactions and money deducted,3
3601,Paytm,Slow refunds and poor support,3
3602,Paytm,Failed transactions and money deducted,3
3603,Paytm,Transaction failed due to bank server down,3
3604,Paytm,Failed transactions and money deducted,3
3605,PhonePe,Failed transactions and money deducted,1
3606,CRED,App freezes during payment,3
3607,PhonePe,UPI server delay error,3
3608,PhonePe,Failed transactions and money deducted,3
3609,PhonePe,App freezes during payment,1
3610,Paytm,App freezes during payment,2
3611,CRED,UPI server delay error,3
3612,PhonePe,Failed transactions and money deducted,3
3613,GPay,UPI server delay error,2
3614,CRED,Failed transactions and money deducted,3
3615,SBI YONO,Failed transactions and money deducted,2
3616,SBI YONO,Slow refunds and poor support,3
3617,PhonePe,Transaction failed due to bank server down,3
3618,PhonePe,Transaction failed due to bank server down,1
3619,CRED,Slow refunds and poor support,1
3620,Paytm,App freezes during payment,3
3621,Paytm,UPI server delay error,2
3622,GPay,Transaction failed due to bank server down,1
3623,Paytm,Slow refunds and poor support,2
3624,GPay,Failed transactions and money deducted,2
3625,SBI YONO,App freezes during payment,3
3626,PhonePe,App freezes during payment,2
3627,SBI YONO,Slow refunds and poor support,1
3628,PhonePe,Transaction failed due to bank server down,2
3629,Paytm,Slow refunds and poor support,2
3630,CRED,Slow refunds and poor support,2
3631,PhonePe,Slow refunds and poor support,2
3632,SBI YONO,UPI server delay error,2
3633,PhonePe,Transaction failed due to bank server down,3
3634,SBI YONO,Transaction failed due to bank server down,2
3635,Paytm,UPI server delay error,1
3636,PhonePe,App freezes during payment,1
3637,Paytm,UPI server delay error,2
3638,CRED,UPI server delay error,3
3639,Paytm,App freezes during payment,3
3640,GPay,Slow refunds and poor support,3
3641,GPay,UPI server delay error,2
3642,Paytm,App freezes during payment,1
3643,SBI YONO,Slow refunds and poor support,3
3644,PhonePe,UPI server delay error,3
3645,PhonePe,Failed transactions and money deducted,3
3646,CRED,App freezes during payment,1
3647,GPay,Failed transactions and money deducted,1
3648,PhonePe,UPI server delay error,3
3649,GPay,Slow refunds and poor support,1
3650,SBI YONO,UPI server delay error,1
3651,PhonePe,Failed transactions and money deducted,2
3652,PhonePe,Failed transactions and money deducted,1
3653,GPay,Transaction failed due to bank server down,1
3654,Paytm,App freezes during payment,3
3655,Paytm,Slow refunds and poor support,2
3656,CRED,App freezes during payment,2
3657,PhonePe,Slow refunds and poor support,1
3658,SBI YONO,App freezes during payment,3
3659,Paytm,UPI server delay error,3
3660,SBI YONO,Transaction failed due to bank server down,1
3661,Paytm,Transaction failed due to bank server down,2
3662,CRED,App freezes during payment,1
3663,GPay,Failed transactions and money deducted,2
3664,Paytm,UPI server delay error,1
3665,GPay,Transaction failed due to bank server down,3
3666,GPay,App freezes during payment,3
3667,GPay,Failed transactions and money deducted,1
3668,Paytm,UPI server delay error,3
3669,Paytm,Failed transactions and money deducted,2
3670,CRED,App freezes during payment,2
3671,SBI YONO,UPI server delay error,2
3672,SBI YONO,Transaction failed due to bank server down,2
3673,Paytm,App freezes during payment,2
3674,GPay,UPI server delay error,3
3675,SBI YONO,UPI server delay error,1
3676,Paytm,Slow refunds and poor support,3
3677,GPay,UPI server delay error,1
3678,Paytm,Failed transactions and money deducted,2
3679,Paytm,App freezes during payment,3
3680,PhonePe,Failed transactions and money deducted,3
3681,SBI YONO,Failed transactions and money deducted,1
3682,SBI YONO,Transaction failed due to bank server down,3
3683,PhonePe,Failed transactions and money deducted,1
3684,CRED,UPI server delay error,3
3685,PhonePe,UPI server delay error,2
3686,GPay,App freezes during payment,3
3687,SBI YONO,App freezes during payment,1
3688,PhonePe,App freezes during payment,1
3689,Paytm,UPI server delay error,2
3690,GPay,App freezes during payment,2
3691,CRED,Transaction failed due to bank server down,1
3692,Paytm,Transaction failed due to bank server down,3
3693,PhonePe,App freezes during payment,1
3694,Paytm,Failed transactions and money deducted,2
3695,PhonePe,Slow refunds and poor support,2
3696,SBI YONO,UPI server delay error,1
3697,Paytm,Slow refunds and poor support,3
3698,SBI YONO,App freezes during payment,1
3699,PhonePe,Transaction failed due to bank server down,3
3700,SBI YONO,App freezes during payment,1
3701,SBI YONO,Failed transactions and money deducted,3
3702,PhonePe,App freezes during payment,1
3703,GPay,UPI server delay error,2
3704,CRED,App freezes during payment,1
3705,Paytm,Failed transactions and money deducted,1
3706,GPay,App freezes during payment,1
3707,Paytm,Transaction failed due to bank server down,1
3708,PhonePe,App freezes during payment,2
3709,SBI YONO,Slow refunds and poor support,3
3710,GPay,Slow refunds and poor support,1
3711,PhonePe,Failed transactions and money deducted,2
3712,GPay,App freezes during payment,3
3713,PhonePe,Slow refunds and poor support,3
3714,Paytm,App freezes during payment,3
3715,PhonePe,UPI server delay error,2
3716,GPay,Failed transactions and money deducted,1
3717,GPay,UPI server delay error,1
3718,PhonePe,Transaction failed due to bank server down,1
3719,CRED,Slow refunds and poor support,1
3720,GPay,Transaction failed due to bank server down,1
3721,SBI YONO,UPI server delay error,2
3722,PhonePe,Slow refunds and poor support,3
3723,GPay,App freezes during payment,3
3724,PhonePe,Transaction failed due to bank server down,3
3725,GPay,Failed transactions and money deducted,1
3726,GPay,Failed transactions and money deducted,1
3727,CRED,UPI server delay error,3
3728,CRED,Transaction failed due to bank server down,3
3729,Paytm,Slow refunds and poor support,3
3730,CRED,Slow refunds and poor support,2
3731,Paytm,Failed transactions and money deducted,2
3732,CRED,UPI server delay error,3
3733,SBI YONO,Transaction failed due to bank server down,3
3734,PhonePe,Failed transactions and money deducted,3
3735,Paytm,UPI server delay error,3
3736,CRED,UPI server delay error,3
3737,PhonePe,Transaction failed due to bank server down,1
3738,CRED,UPI server delay error,2
3739,GPay,Slow refunds and poor support,1
3740,Paytm,UPI server delay error,1
3741,SBI YONO,Failed transactions and money deducted,3
3742,PhonePe,Failed transactions and money deducted,2
3743,CRED,Slow refunds and poor support,3
3744,Paytm,Transaction failed due to bank server down,1
3745,CRED,UPI server delay error,3
3746,GPay,App freezes during payment,1
3747,GPay,UPI server delay error,2
3748,PhonePe,Failed transactions and money deducted,2
3749,Paytm,Slow refunds and poor support,1
3750,Paytm,UPI server delay error,1
3751,CRED,Slow refunds and poor support,1
3752,SBI YONO,Slow refunds and poor support,3
3753,Paytm,Transaction failed due to bank server down,1
3754,Paytm,App freezes during payment,1
3755,CRED,Slow refunds and poor support,3
3756,Paytm,Failed transactions and money deducted,3
3757,PhonePe,UPI server delay error,2
3758,Paytm,UPI server delay error,1
3759,GPay,App freezes during payment,2
3760,Paytm,Slow refunds and poor support,2
3761,GPay,Slow refunds and poor support,2
3762,Paytm,Failed transactions and money deducted,3
3763,Paytm,Slow refunds and poor support,3
3764,PhonePe,Slow refunds and poor support,3
3765,CRED,App freezes during payment,2
3766,CRED,Transaction failed due to bank server down,3
3767,GPay,UPI server delay error,1
3768,SBI YONO,Slow refunds and poor support,2
3769,PhonePe,UPI server delay error,3
3770,SBI YONO,Transaction failed due to bank server down,3
3771,SBI YONO,Failed transactions and money deducted,2
3772,CRED,Slow refunds and poor support,1
3773,CRED,Failed transactions and money deducted,1
3774,Paytm,UPI server delay error,3
3775,Paytm,UPI server delay error,2
3776,SBI YONO,Transaction failed due to bank server down,1
3777,PhonePe,Transaction failed due to bank server down,1
3778,CRED,UPI server delay error,3
3779,GPay,App freezes during payment,1
3780,GPay,UPI server delay error,3
3781,GPay,UPI server delay error,2
3782,PhonePe,UPI server delay error,1
3783,GPay,Slow refunds and poor support,1
3784,PhonePe,Slow refunds and poor support,3
3785,PhonePe,App freezes during payment,3
3786,PhonePe,App freezes during payment,2
3787,SBI YONO,Slow refunds and poor support,2
3788,GPay,UPI server delay error,1
3789,PhonePe,Failed transactions and money deducted,3
3790,SBI YONO,UPI server delay error,2
3791,CRED,UPI server delay error,2
3792,GPay,Failed transactions and money deducted,3
3793,GPay,App freezes during payment,2
3794,PhonePe,Slow refunds and poor support,3
3795,GPay,App freezes during payment,2
3796,PhonePe,Failed transactions and money deducted,1
3797,PhonePe,App freezes during payment,3
3798,CRED,Slow refunds and poor support,1
3799,GPay,Transaction failed due to bank server down,1
3800,GPay,Slow refunds and poor support,1
3801,GPay,Transaction failed due to bank server down,1
3802,SBI YONO,UPI server delay error,1
3803,GPay,Failed transactions and money deducted,3
3804,PhonePe,Slow refunds and poor support,2
3805,PhonePe,Failed transactions and money deducted,1
3806,PhonePe,App freezes during payment,3
3807,GPay,Slow refunds and poor support,3
3808,PhonePe,Slow refunds and poor support,2
3809,PhonePe,UPI server delay error,2
3810,Paytm,Slow refunds and poor support,3
3811,GPay,Failed transactions and money deducted,1
3812,GPay,Transaction failed due to bank server down,1
3813,PhonePe,Slow refunds and poor support,2
3814,GPay,Failed transactions and money deducted,2
3815,SBI YONO,UPI server delay error,1
3816,PhonePe,Slow refunds and poor support,2
3817,Paytm,Slow refunds and poor support,2
3818,Paytm,UPI server delay error,3
3819,CRED,Failed transactions and money deducted,2
3820,Paytm,Slow refunds and poor support,3
3821,CRED,UPI server delay error,2
3822,CRED,Slow refunds and poor support,3
3823,GPay,Failed transactions and money deducted,3
3824,SBI YONO,Failed transactions and money deducted,3
3825,PhonePe,Slow refunds and poor support,1
3826,Paytm,UPI server delay error,2
3827,SBI YONO,Failed transactions and money deducted,3
3828,GPay,App freezes during payment,1
3829,PhonePe,Failed transactions and money deducted,3
3830,CRED,Slow refunds and poor support,2
3831,PhonePe,Transaction failed due to bank server down,3
3832,PhonePe,App freezes during payment,3
3833,PhonePe,Failed transactions and money deducted,3
3834,CRED,App freezes during payment,3
3835,PhonePe,Slow refunds and poor support,2
3836,GPay,App freezes during payment,3
3837,GPay,Transaction failed due to bank server down,3
3838,GPay,App freezes during payment,3
3839,PhonePe,Failed transactions and money deducted,3
3840,GPay,App freezes during payment,3
3841,Paytm,App freezes during payment,1
3842,SBI YONO,Slow refunds and poor support,2
3843,SBI YONO,Slow refunds and poor support,1
3844,Paytm,UPI server delay error,3
3845,SBI YONO,Slow refunds and poor support,3
3846,GPay,UPI server delay error,3
3847,GPay,App freezes during payment,1
3848,Paytm,Slow refunds and poor support,1
3849,PhonePe,UPI server delay error,3
3850,Paytm,Slow refunds and poor support,3
3851,CRED,UPI server delay error,3
3852,CRED,UPI server delay error,1
3853,PhonePe,UPI server delay error,1
3854,GPay,UPI server delay error,2
3855,Paytm,App freezes during payment,1
3856,Paytm,Failed transactions and money deducted,1
3857,Paytm,Failed transactions and money deducted,2
3858,CRED,App freezes during payment,3
3859,GPay,Failed transactions and money deducted,1
3860,GPay,App freezes during payment,3
3861,Paytm,UPI server delay error,2
3862,CRED,Slow refunds and poor support,3
3863,CRED,App freezes during payment,3
3864,GPay,Slow refunds and poor support,1
3865,GPay,Transaction failed due to bank server down,2
3866,SBI YONO,Slow refunds and poor support,3
3867,CRED,Slow refunds and poor support,1
3868,Paytm,App freezes during payment,2
3869,GPay,UPI server delay error,1
3870,CRED,Slow refunds and poor support,1
3871,GPay,Failed transactions and money deducted,1
3872,CRED,Failed transactions and money deducted,3
3873,Paytm,UPI server delay error,1
3874,PhonePe,App freezes during payment,2
3875,SBI YONO,Failed transactions and money deducted,1
3876,PhonePe,App freezes during payment,3
3877,Paytm,UPI server delay error,2
3878,Paytm,App freezes during payment,2
3879,SBI YONO,App freezes during payment,1
3880,Paytm,Failed transactions and money deducted,2
3881,GPay,Transaction failed due to bank server down,2
3882,GPay,UPI server delay error,3
3883,SBI YONO,Failed transactions and money deducted,3
3884,GPay,Slow refunds and poor support,3
3885,PhonePe,Transaction failed due to bank server down,1
3886,PhonePe,Slow refunds and poor support,2
3887,Paytm,Failed transactions and money deducted,2
3888,GPay,UPI server delay error,3
3889,Paytm,Transaction failed due to bank server down,1
3890,PhonePe,Transaction failed due to bank server down,1
3891,CRED,Failed transactions and money deducted,3
3892,CRED,Slow refunds and poor support,3
3893,PhonePe,App freezes during payment,3
3894,Paytm,UPI server delay error,2
3895,PhonePe,App freezes during payment,2
3896,GPay,Failed transactions and money deducted,1
3897,GPay,Failed transactions and money deducted,1
3898,CRED,Transaction failed due to bank server down,3
3899,PhonePe,Failed transactions and money deducted,2
3900,PhonePe,Failed transactions and money deducted,1
3901,CRED,App freezes during payment,2
3902,GPay,UPI server delay error,1
3903,SBI YONO,Transaction failed due to bank server down,1
3904,GPay,Failed transactions and money deducted,1
3905,GPay,Failed transactions and money deducted,1
3906,SBI YONO,UPI server delay error,3
3907,CRED,Slow refunds and poor support,2
3908,SBI YONO,Failed transactions and money deducted,1
3909,PhonePe,App freezes during payment,3
3910,PhonePe,Slow refunds and poor support,3
3911,SBI YONO,Failed transactions and money deducted,2
3912,SBI YONO,App freezes during payment,1
3913,CRED,Slow refunds and poor support,2
3914,PhonePe,Transaction failed due to bank server down,2
3915,SBI YONO,App freezes during payment,3
3916,SBI YONO,Failed transactions and money deducted,1
3917,Paytm,UPI server delay error,1
3918,PhonePe,Failed transactions and money deducted,1
3919,PhonePe,App freezes during payment,2
3920,Paytm,Slow refunds and poor support,3
3921,GPay,Failed transactions and money deducted,3
3922,Paytm,Failed transactions and money deducted,1
3923,GPay,Failed transactions and money deducted,1
3924,CRED,UPI server delay error,3
3925,Paytm,UPI server delay error,3
3926,CRED,UPI server delay error,1
3927,GPay,Transaction failed due to bank server down,1
3928,GPay,Failed transactions and money deducted,1
3929,GPay,Slow refunds and poor support,1
3930,CRED,Slow refunds and poor support,2
3931,SBI YONO,UPI server delay error,1
3932,GPay,UPI server delay error,2
3933,PhonePe,Slow refunds and poor support,3
3934,CRED,Transaction failed due to bank server down,1
3935,SBI YONO,UPI server delay error,3
3936,PhonePe,UPI server delay error,2
3937,GPay,Slow refunds and poor support,1
3938,SBI YONO,App freezes during payment,1
3939,CRED,App freezes during payment,2
3940,CRED,Transaction failed due to bank server down,2
3941,CRED,Slow refunds and poor support,2
3942,Paytm,Failed transactions and money deducted,3
3943,GPay,UPI server delay error,3
3944,Paytm,Transaction failed due to bank server down,3
3945,PhonePe,Transaction failed due to bank server down,3
3946,Paytm,Transaction failed due to bank server down,1
3947,SBI YONO,Transaction failed due to bank server down,2
3948,SBI YONO,App freezes during payment,1
3949,PhonePe,Transaction failed due to bank server down,3
3950,CRED,UPI server delay error,1
3951,GPay,UPI server delay error,1
3952,PhonePe,Slow refunds and poor support,1
3953,PhonePe,App freezes during payment,3
3954,CRED,UPI server delay error,3
3955,CRED,Transaction failed due to bank server down,2
3956,GPay,Slow refunds and poor support,2
3957,GPay,Failed transactions and money deducted,2
3958,Paytm,App freezes during payment,3
3959,PhonePe,Slow refunds and poor support,3
3960,PhonePe,Failed transactions and money deducted,1
3961,CRED,Slow refunds and poor support,2
3962,GPay,Slow refunds and poor support,1
3963,Paytm,UPI server delay error,3
3964,Paytm,App freezes during payment,3
3965,PhonePe,Transaction failed due to bank server down,3
3966,GPay,App freezes during payment,1
3967,SBI YONO,App freezes during payment,3
3968,PhonePe,Transaction failed due to bank server down,1
3969,PhonePe,App freezes during payment,1
3970,SBI YONO,Failed transactions and money deducted,1
3971,PhonePe,Failed transactions and money deducted,3
3972,PhonePe,Slow refunds and poor support,1
3973,Paytm,Failed transactions and money deducted,2
3974,PhonePe,Failed transactions and money deducted,1
3975,CRED,Slow refunds and poor support,1
3976,GPay,Failed transactions and money deducted,1
3977,Paytm,UPI server delay error,1
3978,GPay,Slow refunds and poor support,3
3979,GPay,UPI server delay error,1
3980,SBI YONO,App freezes during payment,2
3981,CRED,UPI server delay error,3
3982,GPay,Transaction failed due to bank server down,2
3983,Paytm,Slow refunds and poor support,3
3984,SBI YONO,Slow refunds and poor support,2
3985,SBI YONO,Failed transactions and money deducted,2
3986,SBI YONO,Slow refunds and poor support,2
3987,PhonePe,Failed transactions and money deducted,1
3988,CRED,App freezes during payment,1
3989,CRED,Transaction failed due to bank server down,1
3990,Paytm,UPI server delay error,3
3991,SBI YONO,Slow refunds and poor support,2
3992,Paytm,App freezes during payment,3
3993,CRED,App freezes during payment,2
3994,GPay,Transaction failed due to bank server down,3
3995,SBI YONO,Slow refunds and poor support,3
3996,PhonePe,App freezes during payment,2
3997,SBI YONO,Slow refunds and poor support,2
3998,CRED,Transaction failed due to bank server down,2
3999,Paytm,UPI server delay error,3
4000,Paytm,UPI server delay error,2
4001,Paytm,Transaction failed due to bank server down,3
4002,CRED,Transaction failed due to bank server down,1
4003,SBI YONO,Failed transactions and money deducted,3
4004,GPay,Slow refunds and poor support,3
4005,PhonePe,Slow refunds and poor support,1
4006,Paytm,Failed transactions and money deducted,1
4007,GPay,Slow refunds and poor support,1
4008,PhonePe,App freezes during payment,3
4009,GPay,App freezes during payment,3
4010,PhonePe,Transaction failed due to bank server down,3
4011,PhonePe,Failed transactions and money deducted,3
4012,SBI YONO,UPI server delay error,3
4013,SBI YONO,Slow refunds and poor support,3
4014,SBI YONO,UPI server delay error,2
4015,SBI YONO,Failed transactions and money deducted,3
4016,GPay,Transaction failed due to bank server down,3
4017,PhonePe,Transaction failed due to bank server down,1
4018,GPay,Failed transactions and money deducted,2
4019,Paytm,Transaction failed due to bank server down,3
4020,SBI YONO,Slow refunds and poor support,2
4021,PhonePe,Transaction failed due to bank server down,3
4022,CRED,App freezes during payment,3
4023,Paytm,Slow refunds and poor support,2
4024,PhonePe,App freezes during payment,2
4025,CRED,Failed transactions and money deducted,1
4026,SBI YONO,Failed transactions and money deducted,1
4027,CRED,App freezes during payment,3
4028,PhonePe,UPI server delay error,1
4029,PhonePe,UPI server delay error,2
4030,GPay,Slow refunds and poor support,1
4031,PhonePe,UPI server delay error,2
4032,CRED,Failed transactions and money deducted,1
4033,SBI YONO,Slow refunds and poor support,2
4034,PhonePe,App freezes during payment,2
4035,CRED,Slow refunds and poor support,2
4036,CRED,Transaction failed due to bank server down,1
4037,SBI YONO,Slow refunds and poor support,3
4038,GPay,App freezes during payment,1
4039,GPay,Failed transactions and money deducted,2
4040,PhonePe,Slow refunds and poor support,1
4041,SBI YONO,App freezes during payment,2
4042,Paytm,UPI server delay error,2
4043,SBI YONO,App freezes during payment,2
4044,PhonePe,Slow refunds and poor support,2
4045,GPay,Slow refunds and poor support,3
4046,SBI YONO,Transaction failed due to bank server down,3
4047,CRED,App freezes during payment,1
4048,GPay,Slow refunds and poor support,1
4049,GPay,Slow refunds and poor support,3
4050,SBI YONO,Failed transactions and money deducted,3
4051,PhonePe,App freezes during payment,1
4052,GPay,UPI server delay error,1
4053,GPay,Slow refunds and poor support,2
4054,PhonePe,UPI server delay error,2
4055,PhonePe,UPI server delay error,2
4056,GPay,Failed transactions and money deducted,1
4057,PhonePe,UPI server delay error,2
4058,SBI YONO,Failed transactions and money deducted,1
4059,PhonePe,Failed transactions and money deducted,1
4060,Paytm,Slow refunds and poor support,2
4061,Paytm,App freezes during payment,2
4062,GPay,Transaction failed due to bank server down,1
4063,Paytm,Slow refunds and poor support,3
4064,GPay,Slow refunds and poor support,3
4065,Paytm,Failed transactions and money deducted,2
4066,Paytm,Transaction failed due to bank server down,3
4067,PhonePe,Slow refunds and poor support,1
4068,GPay,Slow refunds and poor support,3
4069,GPay,Slow refunds and poor support,3
4070,CRED,Slow refunds and poor support,1
4071,SBI YONO,App freezes during payment,2
4072,Paytm,Failed transactions and money deducted,3
4073,CRED,App freezes during payment,2
4074,SBI YONO,Failed transactions and money deducted,1
4075,SBI YONO,Failed transactions and money deducted,1
4076,SBI YONO,Slow refunds and poor support,3
4077,GPay,App freezes during payment,3
4078,SBI YONO,Transaction failed due to bank server down,3
4079,CRED,UPI server delay error,1
4080,Paytm,Failed transactions and money deducted,2
4081,Paytm,UPI server delay error,1
4082,PhonePe,UPI server delay error,2
4083,PhonePe,Failed transactions and money deducted,3
4084,SBI YONO,App freezes during payment,2
4085,SBI YONO,UPI server delay error,1
4086,PhonePe,Transaction failed due to bank server down,2
4087,Paytm,Transaction failed due to bank server down,1
4088,Paytm,Slow refunds and poor support,3
4089,CRED,UPI server delay error,3
4090,GPay,Transaction failed due to bank server down,1
4091,CRED,Slow refunds and poor support,1
4092,SBI YONO,Transaction failed due to bank server down,3
4093,PhonePe,Failed transactions and money deducted,2
4094,SBI YONO,Failed transactions and money deducted,2
4095,Paytm,Transaction failed due to bank server down,1
4096,PhonePe,App freezes during payment,1
4097,Paytm,App freezes during payment,3
4098,SBI YONO,Transaction failed due to bank server down,2
4099,Paytm,App freezes during payment,2
4100,CRED,UPI server delay error,3
4101,PhonePe,Slow refunds and poor support,3
4102,PhonePe,Transaction failed due to bank server down,3
4103,GPay,UPI server delay error,2
4104,GPay,Slow refunds and poor support,3
4105,Paytm,Slow refunds and poor support,2
4106,GPay,Transaction failed due to bank server down,3
4107,PhonePe,Failed transactions and money deducted,3
4108,GPay,Transaction failed due to bank server down,2
4109,PhonePe,Transaction failed due to bank server down,1
4110,GPay,Transaction failed due to bank server down,1
4111,CRED,App freezes during payment,2
4112,SBI YONO,UPI server delay error,3
4113,Paytm,Transaction failed due to bank server down,1
4114,CRED,Transaction failed due to bank server down,3
4115,CRED,Failed transactions and money deducted,2
4116,Paytm,App freezes during payment,3
4117,PhonePe,Failed transactions and money deducted,2
4118,CRED,App freezes during payment,2
4119,PhonePe,App freezes during payment,3
4120,SBI YONO,Slow refunds and poor support,2
4121,PhonePe,Transaction failed due to bank server down,1
4122,Paytm,UPI server delay error,3
4123,CRED,Transaction failed due to bank server down,3
4124,PhonePe,Failed transactions and money deducted,1
4125,PhonePe,Transaction failed due to bank server down,1
4126,PhonePe,Failed transactions and money deducted,1
4127,Paytm,UPI server delay error,3
4128,Paytm,UPI server delay error,1
4129,Paytm,Slow refunds and poor support,2
4130,Paytm,Slow refunds and poor support,2
4131,SBI YONO,App freezes during payment,3
4132,Paytm,App freezes during payment,1
4133,GPay,Slow refunds and poor support,3
4134,Paytm,Transaction failed due to bank server down,3
4135,GPay,UPI server delay error,3
4136,CRED,UPI server delay error,2
4137,PhonePe,Slow refunds and poor support,2
4138,CRED,UPI server delay error,2
4139,GPay,App freezes during payment,1
4140,PhonePe,Transaction failed due to bank server down,3
4141,CRED,App freezes during payment,1
4142,PhonePe,Transaction failed due to bank server down,1
4143,PhonePe,Transaction failed due to bank server down,3
4144,GPay,Slow refunds and poor support,3
4145,CRED,App freezes during payment,1
4146,GPay,Failed transactions and money deducted,1
4147,GPay,App freezes during payment,3
4148,SBI YONO,Slow refunds and poor support,2
4149,CRED,Slow refunds and poor support,3
4150,CRED,Slow refunds and poor support,3
4151,Paytm,UPI server delay error,2
4152,GPay,Transaction failed due to bank server down,2
4153,GPay,Transaction failed due to bank server down,3
4154,Paytm,UPI server delay error,1
4155,Paytm,UPI server delay error,2
4156,PhonePe,Transaction failed due to bank server down,3
4157,Paytm,Slow refunds and poor support,1
4158,GPay,UPI server delay error,2
4159,Paytm,Slow refunds and poor support,1
4160,GPay,App freezes during payment,3
4161,PhonePe,Failed transactions and money deducted,3
4162,PhonePe,App freezes during payment,1
4163,SBI YONO,Failed transactions and money deducted,3
4164,GPay,Transaction failed due to bank server down,2
4165,Paytm,Transaction failed due to bank server down,2
4166,Paytm,App freezes during payment,2
4167,PhonePe,Failed transactions and money deducted,1
4168,PhonePe,Slow refunds and poor support,1
4169,CRED,Failed transactions and money deducted,1
4170,SBI YONO,Failed transactions and money deducted,1
4171,Paytm,UPI server delay error,3
4172,Paytm,Transaction failed due to bank server down,2
4173,SBI YONO,App freezes during payment,3
4174,PhonePe,Transaction failed due to bank server down,3
4175,SBI YONO,UPI server delay error,2
4176,GPay,UPI server delay error,1
4177,Paytm,Slow refunds and poor support,1
4178,SBI YONO,App freezes during payment,3
4179,GPay,Failed transactions and money deducted,2
4180,PhonePe,Transaction failed due to bank server down,1
4181,Paytm,Slow refunds and poor support,1
4182,PhonePe,Slow refunds and poor support,2
4183,PhonePe,App freezes during payment,2
4184,PhonePe,Failed transactions and money deducted,2
4185,CRED,Failed transactions and money deducted,3
4186,SBI YONO,Transaction failed due to bank server down,2
4187,CRED,Failed transactions and money deducted,1
4188,GPay,App freezes during payment,3
4189,GPay,UPI server delay error,1
4190,PhonePe,App freezes during payment,1
4191,Paytm,App freezes during payment,2
4192,GPay,Slow refunds and poor support,2
4193,GPay,Slow refunds and poor support,3
4194,PhonePe,Transaction failed due to bank server down,1
4195,PhonePe,Slow refunds and poor support,2
4196,Paytm,App freezes during payment,1
4197,SBI YONO,App freezes during payment,1
4198,GPay,UPI server delay error,3
4199,Paytm,Failed transactions and money deducted,2
4200,GPay,UPI server delay error,2
4201,CRED,Slow refunds and poor support,1
4202,CRED,App freezes during payment,1
4203,CRED,Transaction failed due to bank server down,1
4204,SBI YONO,UPI server delay error,2
4205,GPay,Transaction failed due to bank server down,2
4206,GPay,Failed transactions and money deducted,1
4207,CRED,UPI server delay error,3
4208,SBI YONO,Failed transactions and money deducted,1
4209,GPay,Transaction failed due to bank server down,1
4210,SBI YONO,Failed transactions and money deducted,3
4211,Paytm,Slow refunds and poor support,1
4212,GPay,Transaction failed due to bank server down,1
4213,CRED,Transaction failed due to bank server down,3
4214,GPay,Slow refunds and poor support,3
4215,Paytm,App freezes during payment,3
4216,GPay,Slow refunds and poor support,2
4217,CRED,Failed transactions and money deducted,1
4218,PhonePe,Slow refunds and poor support,3
4219,PhonePe,App freezes during payment,1
4220,SBI YONO,Transaction failed due to bank server down,2
4221,PhonePe,Failed transactions and money deducted,3
4222,PhonePe,Slow refunds and poor support,2
4223,SBI YONO,App freezes during payment,2
4224,SBI YONO,Slow refunds and poor support,3
4225,GPay,Slow refunds and poor support,2
4226,GPay,Slow refunds and poor support,2
4227,SBI YONO,App freezes during payment,2
4228,GPay,App freezes during payment,2
4229,GPay,Slow refunds and poor support,2
4230,Paytm,UPI server delay error,3
4231,PhonePe,App freezes during payment,1
4232,GPay,App freezes during payment,3
4233,SBI YONO,UPI server delay error,1
4234,CRED,Transaction failed due to bank server down,2
4235,SBI YONO,Transaction failed due to bank server down,2
4236,PhonePe,UPI server delay error,1
4237,Paytm,Slow refunds and poor support,1
4238,Paytm,Transaction failed due to bank server down,3
4239,Paytm,Slow refunds and poor support,2
4240,PhonePe,App freezes during payment,3
4241,PhonePe,Transaction failed due to bank server down,1
4242,PhonePe,Slow refunds and poor support,2
4243,SBI YONO,Transaction failed due to bank server down,2
4244,CRED,Transaction failed due to bank server down,3
4245,GPay,Transaction failed due to bank server down,3
4246,SBI YONO,UPI server delay error,1
4247,Paytm,Slow refunds and poor support,2
4248,SBI YONO,App freezes during payment,3
4249,Paytm,App freezes during payment,2
4250,CRED,Failed transactions and money deducted,3
4251,Paytm,UPI server delay error,2
4252,PhonePe,Failed transactions and money deducted,3
4253,Paytm,App freezes during payment,2
4254,GPay,App freezes during payment,3
4255,PhonePe,Slow refunds and poor support,1
4256,SBI YONO,Slow refunds and poor support,1
4257,PhonePe,Slow refunds and poor support,3
4258,Paytm,Slow refunds and poor support,1
4259,PhonePe,Slow refunds and poor support,3
4260,CRED,Slow refunds and poor support,2
4261,GPay,UPI server delay error,3
4262,SBI YONO,App freezes during payment,3
4263,PhonePe,Failed transactions and money deducted,2
4264,SBI YONO,Failed transactions and money deducted,1
4265,SBI YONO,Failed transactions and money deducted,2
4266,GPay,Slow refunds and poor support,1
4267,SBI YONO,App freezes during payment,1
4268,SBI YONO,App freezes during payment,2
4269,SBI YONO,App freezes during payment,1
4270,SBI YONO,App freezes during payment,2
4271,CRED,UPI server delay error,2
4272,SBI YONO,Failed transactions and money deducted,2
4273,CRED,Transaction failed due to bank server down,3
4274,Paytm,Slow refunds and poor support,1
4275,Paytm,App freezes during payment,2
4276,CRED,Transaction failed due to bank server down,3
4277,PhonePe,Failed transactions and money deducted,2
4278,CRED,UPI server delay error,2
4279,PhonePe,UPI server delay error,1
4280,SBI YONO,Transaction failed due to bank server down,1
4281,GPay,Transaction failed due to bank server down,3
4282,GPay,Slow refunds and poor support,1
4283,GPay,Slow refunds and poor support,3
4284,GPay,App freezes during payment,2
4285,GPay,Transaction failed due to bank server down,3
4286,GPay,Transaction failed due to bank server down,2
4287,Paytm,App freezes during payment,3
4288,SBI YONO,App freezes during payment,1
4289,PhonePe,App freezes during payment,2
4290,PhonePe,Transaction failed due to bank server down,2
4291,PhonePe,UPI server delay error,2
4292,GPay,UPI server delay error,1
4293,GPay,App freezes during payment,3
4294,Paytm,App freezes during payment,1
4295,PhonePe,UPI server delay error,2
4296,SBI YONO,App freezes during payment,2
4297,Paytm,App freezes during payment,3
4298,Paytm,UPI server delay error,1
4299,CRED,App freezes during payment,2
4300,GPay,App freezes during payment,2
4301,SBI YONO,App freezes during payment,3
4302,CRED,Slow refunds and poor support,3
4303,SBI YONO,Slow refunds and poor support,1
4304,CRED,Slow refunds and poor support,3
4305,GPay,Transaction failed due to bank server down,2
4306,PhonePe,Failed transactions and money deducted,1
4307,GPay,Slow refunds and poor support,2
4308,PhonePe,Failed transactions and money deducted,1
4309,SBI YONO,Failed transactions and money deducted,1
4310,GPay,App freezes during payment,2
4311,Paytm,UPI server delay error,1
4312,Paytm,Transaction failed due to bank server down,2
4313,GPay,UPI server delay error,1
4314,GPay,Failed transactions and money deducted,2
4315,PhonePe,Slow refunds and poor support,3
4316,CRED,Failed transactions and money deducted,2
4317,Paytm,Failed transactions and money deducted,2
4318,CRED,UPI server delay error,3
4319,SBI YONO,UPI server delay error,1
4320,SBI YONO,App freezes during payment,3
4321,PhonePe,Transaction failed due to bank server down,2
4322,CRED,Transaction failed due to bank server down,1
4323,CRED,Transaction failed due to bank server down,2
4324,SBI YONO,Failed transactions and money deducted,2
4325,SBI YONO,Failed transactions and money deducted,2
4326,PhonePe,App freezes during payment,2
4327,GPay,Transaction failed due to bank server down,3
4328,CRED,Transaction failed due to bank server down,3
4329,SBI YONO,App freezes during payment,1
4330,SBI YONO,Slow refunds and poor support,3
4331,Paytm,Slow refunds and poor support,3
4332,PhonePe,App freezes during payment,3
4333,SBI YONO,Transaction failed due to bank server down,2
4334,GPay,Slow refunds and poor support,2
4335,Paytm,Failed transactions and money deducted,1
4336,GPay,Slow refunds and poor support,2
4337,SBI YONO,Transaction failed due to bank server down,2
4338,CRED,UPI server delay error,1
4339,Paytm,UPI server delay error,1
4340,GPay,UPI server delay error,3
4341,GPay,Failed transactions and money deducted,1
4342,Paytm,Transaction failed due to bank server down,1
4343,SBI YONO,App freezes during payment,3
4344,SBI YONO,UPI server delay error,3
4345,GPay,Failed transactions and money deducted,3
4346,PhonePe,Failed transactions and money deducted,2
4347,Paytm,UPI server delay error,3
4348,PhonePe,App freezes during payment,2
4349,SBI YONO,App freezes during payment,2
4350,CRED,Slow refunds and poor support,1
4351,Paytm,Slow refunds and poor support,1
4352,SBI YONO,Slow refunds and poor support,1
4353,PhonePe,Slow refunds and poor support,2
4354,GPay,Transaction failed due to bank server down,3
4355,PhonePe,Slow refunds and poor support,1
4356,PhonePe,Failed transactions and money deducted,3
4357,SBI YONO,UPI server delay error,1
4358,Paytm,App freezes during payment,3
4359,GPay,Failed transactions and money deducted,2
4360,Paytm,Failed transactions and money deducted,1
4361,SBI YONO,Slow refunds and poor support,3
4362,SBI YONO,Transaction failed due to bank server down,2
4363,SBI YONO,App freezes during payment,3
4364,GPay,Transaction failed due to bank server down,3
4365,GPay,Transaction failed due to bank server down,3
4366,Paytm,App freezes during payment,1
4367,CRED,Transaction failed due to bank server down,2
4368,PhonePe,UPI server delay error,3
4369,SBI YONO,App freezes during payment,1
4370,SBI YONO,App freezes during payment,2
4371,SBI YONO,UPI server delay error,3
4372,GPay,Failed transactions and money deducted,2
4373,PhonePe,UPI server delay error,2
4374,SBI YONO,UPI server delay error,2
4375,CRED,Failed transactions and money deducted,1
4376,GPay,UPI server delay error,3
4377,CRED,Transaction failed due to bank server down,1
4378,SBI YONO,Failed transactions and money deducted,1
4379,PhonePe,Failed transactions and money deducted,2
4380,Paytm,App freezes during payment,2
4381,CRED,Failed transactions and money deducted,2
4382,SBI YONO,Transaction failed due to bank server down,1
4383,PhonePe,Transaction failed due to bank server down,3
4384,Paytm,Slow refunds and poor support,3
4385,GPay,UPI server delay error,1
4386,SBI YONO,Transaction failed due to bank server down,2
4387,Paytm,Failed transactions and money deducted,3
4388,GPay,UPI server delay error,2
4389,SBI YONO,Failed transactions and money deducted,2
4390,CRED,UPI server delay error,3
4391,Paytm,UPI server delay error,2
4392,PhonePe,Transaction failed due to bank server down,3
4393,SBI YONO,Failed transactions and money deducted,1
4394,PhonePe,Failed transactions and money deducted,1
4395,SBI YONO,UPI server delay error,3
4396,CRED,Failed transactions and money deducted,3
4397,GPay,App freezes during payment,1
4398,CRED,Transaction failed due to bank server down,2
4399,PhonePe,Slow refunds and poor support,1
4400,CRED,Failed transactions and money deducted,2
4401,CRED,Transaction failed due to bank server down,3
4402,Paytm,UPI server delay error,2
4403,Paytm,Slow refunds and poor support,3
4404,CRED,Slow refunds and poor support,2
4405,PhonePe,Slow refunds and poor support,2
4406,PhonePe,UPI server delay error,3
4407,GPay,Failed transactions and money deducted,2
4408,Paytm,Transaction failed due to bank server down,3
4409,SBI YONO,Transaction failed due to bank server down,3
4410,CRED,Slow refunds and poor support,2
4411,GPay,Failed transactions and money deducted,1
4412,GPay,UPI server delay error,1
4413,PhonePe,UPI server delay error,1
4414,PhonePe,Transaction failed due to bank server down,2
4415,SBI YONO,UPI server delay error,2
4416,Paytm,Transaction failed due to bank server down,3
4417,PhonePe,UPI server delay error,3
4418,GPay,Transaction failed due to bank server down,1
4419,GPay,Failed transactions and money deducted,2
4420,Paytm,App freezes during payment,1
4421,CRED,UPI server delay error,1
4422,CRED,Failed transactions and money deducted,1
4423,PhonePe,Failed transactions and money deducted,1
4424,PhonePe,Slow refunds and poor support,2
4425,CRED,Transaction failed due to bank server down,1
4426,SBI YONO,App freezes during payment,2
4427,PhonePe,UPI server delay error,2
4428,Paytm,UPI server delay error,2
4429,GPay,Failed transactions and money deducted,1
4430,GPay,Failed transactions and money deducted,2
4431,SBI YONO,UPI server delay error,1
4432,PhonePe,Slow refunds and poor support,2
4433,Paytm,Failed transactions and money deducted,3
4434,PhonePe,Transaction failed due to bank server down,3
4435,Paytm,Transaction failed due to bank server down,2
4436,PhonePe,App freezes during payment,1
4437,SBI YONO,Transaction failed due to bank server down,2
4438,PhonePe,App freezes during payment,2
4439,SBI YONO,Failed transactions and money deducted,3
4440,CRED,Failed transactions and money deducted,3
4441,CRED,Slow refunds and poor support,3
4442,PhonePe,UPI server delay error,3
4443,GPay,App freezes during payment,1
4444,CRED,Transaction failed due to bank server down,3
4445,GPay,Slow refunds and poor support,3
4446,PhonePe,Failed transactions and money deducted,1
4447,Paytm,Slow refunds and poor support,1
4448,Paytm,Slow refunds and poor support,1
4449,CRED,UPI server delay error,1
4450,GPay,Slow refunds and poor support,2
4451,GPay,App freezes during payment,3
4452,CRED,Failed transactions and money deducted,3
4453,CRED,Transaction failed due to bank server down,3
4454,Paytm,Slow refunds and poor support,1
4455,SBI YONO,App freezes during payment,3
4456,SBI YONO,App freezes during payment,3
4457,SBI YONO,Slow refunds and poor support,2
4458,CRED,Transaction failed due to bank server down,3
4459,CRED,Slow refunds and poor support,2
4460,Paytm,Failed transactions and money deducted,3
4461,GPay,Failed transactions and money deducted,2
4462,SBI YONO,Transaction failed due to bank server down,3
4463,SBI YONO,Transaction failed due to bank server down,1
4464,GPay,UPI server delay error,2
4465,CRED,UPI server delay error,3
4466,Paytm,Slow refunds and poor support,1
4467,Paytm,Failed transactions and money deducted,2
4468,PhonePe,UPI server delay error,3
4469,Paytm,App freezes during payment,1
4470,PhonePe,UPI server delay error,1
4471,CRED,Transaction failed due to bank server down,1
4472,SBI YONO,UPI server delay error,1
4473,CRED,Failed transactions and money deducted,1
4474,CRED,App freezes during payment,2
4475,GPay,UPI server delay error,1
4476,CRED,Transaction failed due to bank server down,1
4477,PhonePe,App freezes during payment,2
4478,Paytm,Transaction failed due to bank server down,1
4479,Paytm,Slow refunds and poor support,3
4480,CRED,UPI server delay error,2
4481,CRED,Slow refunds and poor support,2
4482,PhonePe,Failed transactions and money deducted,3
4483,GPay,App freezes during payment,2
4484,CRED,UPI server delay error,1
4485,Paytm,Failed transactions and money deducted,3
4486,CRED,Slow refunds and poor support,3
4487,CRED,App freezes during payment,3
4488,PhonePe,UPI server delay error,3
4489,PhonePe,App freezes during payment,3
4490,GPay,Failed transactions and money deducted,3
4491,SBI YONO,UPI server delay error,2
4492,Paytm,App freezes during payment,1
4493,PhonePe,Failed transactions and money deducted,2
4494,SBI YONO,App freezes during payment,3
4495,CRED,Transaction failed due to bank server down,1
4496,SBI YONO,Failed transactions and money deducted,2
4497,Paytm,Slow refunds and poor support,1
4498,Paytm,Transaction failed due to bank server down,1
4499,SBI YONO,App freezes during payment,1
4500,SBI YONO,App freezes during payment,3
4501,GPay,Slow refunds and poor support,3
4502,GPay,App freezes during payment,1
4503,CRED,Transaction failed due to bank server down,1
4504,PhonePe,App freezes during payment,3
4505,CRED,Transaction failed due to bank server down,3
4506,CRED,Slow refunds and poor support,2
4507,CRED,Transaction failed due to bank server down,2
4508,GPay,UPI server delay error,1
4509,PhonePe,Failed transactions and money deducted,2
4510,GPay,Failed transactions and money deducted,2
4511,CRED,Slow refunds and poor support,1
4512,Paytm,Failed transactions and money deducted,1
4513,PhonePe,Failed transactions and money deducted,2
4514,SBI YONO,Failed transactions and money deducted,2
4515,CRED,Transaction failed due to bank server down,1
4516,PhonePe,UPI server delay error,1
4517,Paytm,UPI server delay error,2
4518,PhonePe,Failed transactions and money deducted,1
4519,GPay,App freezes during payment,3
4520,Paytm,Transaction failed due to bank server down,1
4521,SBI YONO,Failed transactions and money deducted,3
4522,CRED,Slow refunds and poor support,1
4523,Paytm,Failed transactions and money deducted,1
4524,SBI YONO,Slow refunds and poor support,1
4525,SBI YONO,Transaction failed due to bank server down,1
4526,Paytm,Failed transactions and money deducted,3
4527,PhonePe,Transaction failed due to bank server down,1
4528,GPay,App freezes during payment,3
4529,GPay,Transaction failed due to bank server down,3
4530,SBI YONO,Slow refunds and poor support,2
4531,Paytm,UPI server delay error,1
4532,CRED,UPI server delay error,1
4533,SBI YONO,Slow refunds and poor support,3
4534,SBI YONO,App freezes during payment,2
4535,CRED,Transaction failed due to bank server down,1
4536,Paytm,Transaction failed due to bank server down,1
4537,SBI YONO,Failed transactions and money deducted,1
4538,PhonePe,Transaction failed due to bank server down,3
4539,GPay,Failed transactions and money deducted,3
4540,Paytm,Failed transactions and money deducted,1
4541,GPay,Slow refunds and poor support,1
4542,Paytm,Slow refunds and poor support,3
4543,Paytm,Slow refunds and poor support,3
4544,Paytm,App freezes during payment,1
4545,SBI YONO,Transaction failed due to bank server down,2
4546,CRED,App freezes during payment,1
4547,GPay,UPI server delay error,3
4548,PhonePe,Failed transactions and money deducted,3
4549,CRED,Failed transactions and money deducted,1
4550,GPay,Failed transactions and money deducted,3
4551,PhonePe,App freezes during payment,1
4552,CRED,App freezes during payment,1
4553,SBI YONO,App freezes during payment,3
4554,SBI YONO,Slow refunds and poor support,1
4555,CRED,App freezes during payment,3
4556,SBI YONO,Failed transactions and money deducted,3
4557,PhonePe,App freezes during payment,1
4558,Paytm,Transaction failed due to bank server down,3
4559,PhonePe,Transaction failed due to bank server down,1
4560,Paytm,App freezes during payment,2
4561,SBI YONO,Failed transactions and money deducted,1
4562,Paytm,Transaction failed due to bank server down,2
4563,GPay,App freezes during payment,2
4564,PhonePe,Failed transactions and money deducted,3
4565,Paytm,App freezes during payment,3
4566,SBI YONO,Transaction failed due to bank server down,2
4567,SBI YONO,Slow refunds and poor support,1
4568,GPay,UPI server delay error,2
4569,PhonePe,Transaction failed due to bank server down,3
4570,SBI YONO,Slow refunds and poor support,3
4571,PhonePe,App freezes during payment,3
4572,CRED,Transaction failed due to bank server down,3
4573,GPay,Failed transactions and money deducted,3
4574,Paytm,UPI server delay error,3
4575,CRED,App freezes during payment,2
4576,Paytm,Failed transactions and money deducted,3
4577,Paytm,Failed transactions and money deducted,1
4578,CRED,Transaction failed due to bank server down,2
4579,SBI YONO,UPI server delay error,2
4580,Paytm,Slow refunds and poor support,2
4581,CRED,App freezes during payment,3
4582,Paytm,App freezes during payment,3
4583,SBI YONO,Slow refunds and poor support,3
4584,Paytm,Slow refunds and poor support,3
4585,GPay,App freezes during payment,3
4586,GPay,Slow refunds and poor support,2
4587,PhonePe,App freezes during payment,1
4588,Paytm,App freezes during payment,3
4589,PhonePe,Slow refunds and poor support,3
4590,GPay,Transaction failed due to bank server down,1
4591,Paytm,App freezes during payment,1
4592,PhonePe,UPI server delay error,2
4593,PhonePe,UPI server delay error,1
4594,Paytm,Failed transactions and money deducted,1
4595,SBI YONO,UPI server delay error,2
4596,CRED,Slow refunds and poor support,2
4597,GPay,UPI server delay error,3
4598,GPay,Failed transactions and money deducted,2
4599,CRED,App freezes during payment,1
4600,Paytm,Transaction failed due to bank server down,3
4601,Paytm,Failed transactions and money deducted,2
4602,SBI YONO,Failed transactions and money deducted,1
4603,Paytm,App freezes during payment,2
4604,PhonePe,App freezes during payment,3
4605,SBI YONO,Failed transactions and money deducted,1
4606,Paytm,Transaction failed due to bank server down,2
4607,GPay,Failed transactions and money deducted,1
4608,GPay,Failed transactions and money deducted,1
4609,GPay,Slow refunds and poor support,3
4610,Paytm,UPI server delay error,2
4611,GPay,Slow refunds and poor support,3
4612,PhonePe,Failed transactions and money deducted,3
4613,PhonePe,UPI server delay error,3
4614,CRED,UPI server delay error,2
4615,CRED,Failed transactions and money deducted,1
4616,CRED,Transaction failed due to bank server down,2
4617,SBI YONO,Failed transactions and money deducted,3
4618,CRED,App freezes during payment,3
4619,PhonePe,App freezes during payment,2
4620,GPay,App freezes during payment,3
4621,PhonePe,Transaction failed due to bank server down,3
4622,SBI YONO,App freezes during payment,2
4623,GPay,Transaction failed due to bank server down,2
4624,PhonePe,UPI server delay error,2
4625,Paytm,UPI server delay error,1
4626,CRED,UPI server delay error,1
4627,CRED,App freezes during payment,2
4628,CRED,Slow refunds and poor support,2
4629,Paytm,Failed transactions and money deducted,3
4630,GPay,Slow refunds and poor support,3
4631,SBI YONO,UPI server delay error,3
4632,SBI YONO,Transaction failed due to bank server down,1
4633,SBI YONO,Slow refunds and poor support,2
4634,CRED,App freezes during payment,2
4635,GPay,Failed transactions and money deducted,3
4636,GPay,UPI server delay error,1
4637,PhonePe,App freezes during payment,2
4638,GPay,UPI server delay error,3
4639,SBI YONO,App freezes during payment,2
4640,CRED,Transaction failed due to bank server down,3
4641,Paytm,App freezes during payment,2
4642,CRED,Failed transactions and money deducted,2
4643,SBI YONO,Slow refunds and poor support,1
4644,PhonePe,UPI server delay error,2
4645,CRED,Transaction failed due to bank server down,3
4646,CRED,App freezes during payment,1
4647,SBI YONO,Failed transactions and money deducted,2
4648,GPay,UPI server delay error,2
4649,GPay,UPI server delay error,1
4650,Paytm,Failed transactions and money deducted,1
4651,CRED,UPI server delay error,3
4652,SBI YONO,UPI server delay error,1
4653,SBI YONO,Slow refunds and poor support,2
4654,CRED,Slow refunds and poor support,2
4655,CRED,UPI server delay error,1
4656,Paytm,UPI server delay error,1
4657,SBI YONO,Failed transactions and money deducted,2
4658,GPay,UPI server delay error,1
4659,GPay,Transaction failed due to bank server down,1
4660,PhonePe,Transaction failed due to bank server down,2
4661,PhonePe,UPI server delay error,2
4662,PhonePe,App freezes during payment,3
4663,SBI YONO,UPI server delay error,2
4664,SBI YONO,Transaction failed due to bank server down,3
4665,SBI YONO,Failed transactions and money deducted,2
4666,SBI YONO,App freezes during payment,3
4667,PhonePe,Transaction failed due to bank server down,2
4668,GPay,Failed transactions and money deducted,3
4669,CRED,App freezes during payment,2
4670,CRED,Slow refunds and poor support,2
4671,PhonePe,Failed transactions and money deducted,3
4672,PhonePe,Slow refunds and poor support,3
4673,GPay,Failed transactions and money deducted,2
4674,Paytm,Failed transactions and money deducted,3
4675,PhonePe,Slow refunds and poor support,3
4676,CRED,UPI server delay error,2
4677,CRED,Slow refunds and poor support,2
4678,CRED,UPI server delay error,2
4679,CRED,Failed transactions and money deducted,3
4680,Paytm,Slow refunds and poor support,2
4681,PhonePe,Transaction failed due to bank server down,2
4682,PhonePe,UPI server delay error,3
4683,GPay,Slow refunds and poor support,1
4684,PhonePe,Failed transactions and money deducted,3
4685,GPay,Failed transactions and money deducted,2
4686,SBI YONO,App freezes during payment,2
4687,CRED,UPI server delay error,2
4688,SBI YONO,Slow refunds and poor support,2
4689,GPay,Slow refunds and poor support,2
4690,Paytm,Slow refunds and poor support,3
4691,GPay,Transaction failed due to bank server down,2
4692,CRED,Failed transactions and money deducted,3
4693,Paytm,UPI server delay error,3
4694,CRED,Failed transactions and money deducted,2
4695,SBI YONO,Transaction failed due to bank server down,3
4696,GPay,App freezes during payment,3
4697,CRED,Slow refunds and poor support,3
4698,PhonePe,Slow refunds and poor support,3
4699,GPay,Slow refunds and poor support,3
4700,PhonePe,Failed transactions and money deducted,1
4701,PhonePe,Slow refunds and poor support,3
4702,SBI YONO,UPI server delay error,3
4703,PhonePe,App freezes during payment,3
4704,Paytm,Transaction failed due to bank server down,3
4705,Paytm,App freezes during payment,1
4706,SBI YONO,App freezes during payment,3
4707,CRED,App freezes during payment,1
4708,Paytm,Transaction failed due to bank server down,3
4709,SBI YONO,Failed transactions and money deducted,3
4710,SBI YONO,UPI server delay error,1
4711,PhonePe,Slow refunds and poor support,1
4712,PhonePe,Transaction failed due to bank server down,1
4713,CRED,App freezes during payment,2
4714,SBI YONO,Slow refunds and poor support,2
4715,SBI YONO,App freezes during payment,1
4716,Paytm,UPI server delay error,2
4717,PhonePe,App freezes during payment,1
4718,GPay,Transaction failed due to bank server down,2
4719,CRED,Transaction failed due to bank server down,3
4720,CRED,App freezes during payment,2
4721,CRED,Transaction failed due to bank server down,1
4722,Paytm,Failed transactions and money deducted,1
4723,SBI YONO,App freezes during payment,1
4724,GPay,Transaction failed due to bank server down,3
4725,GPay,Transaction failed due to bank server down,3
4726,SBI YONO,Slow refunds and poor support,3
4727,SBI YONO,App freezes during payment,1
4728,PhonePe,Failed transactions and money deducted,1
4729,Paytm,Slow refunds and poor support,2
4730,SBI YONO,Transaction failed due to bank server down,3
4731,GPay,App freezes during payment,3
4732,PhonePe,App freezes during payment,1
4733,Paytm,UPI server delay error,2
4734,PhonePe,Transaction failed due to bank server down,1
4735,GPay,Slow refunds and poor support,1
4736,SBI YONO,Failed transactions and money deducted,2
4737,Paytm,Transaction failed due to bank server down,3
4738,GPay,Slow refunds and poor support,2
4739,Paytm,UPI server delay error,1
4740,SBI YONO,Failed transactions and money deducted,3
4741,PhonePe,Slow refunds and poor support,1
4742,CRED,App freezes during payment,1
4743,PhonePe,Slow refunds and poor support,2
4744,CRED,Slow refunds and poor support,3
4745,PhonePe,UPI server delay error,3
4746,Paytm,App freezes during payment,2
4747,SBI YONO,Transaction failed due to bank server down,2
4748,PhonePe,App freezes during payment,2
4749,GPay,App freezes during payment,2
4750,SBI YONO,UPI server delay error,3
4751,GPay,App freezes during payment,1
4752,Paytm,Slow refunds and poor support,3
4753,SBI YONO,App freezes during payment,1
4754,SBI YONO,Failed transactions and money deducted,3
4755,GPay,App freezes during payment,2
4756,PhonePe,Slow refunds and poor support,2
4757,CRED,Slow refunds and poor support,2
4758,SBI YONO,Transaction failed due to bank server down,2
4759,SBI YONO,Slow refunds and poor support,1
4760,SBI YONO,Transaction failed due to bank server down,3
4761,PhonePe,App freezes during payment,3
4762,Paytm,App freezes during payment,1
4763,SBI YONO,Failed transactions and money deducted,3
4764,SBI YONO,App freezes during payment,2
4765,CRED,Slow refunds and poor support,3
4766,GPay,Slow refunds and poor support,2
4767,GPay,Failed transactions and money deducted,2
4768,CRED,App freezes during payment,1
4769,CRED,Failed transactions and money deducted,3
4770,GPay,Failed transactions and money deducted,2
4771,GPay,Slow refunds and poor support,3
4772,PhonePe,App freezes during payment,2
4773,SBI YONO,Failed transactions and money deducted,1
4774,CRED,Failed transactions and money deducted,1
4775,SBI YONO,App freezes during payment,2
4776,GPay,Transaction failed due to bank server down,2
4777,PhonePe,UPI server delay error,3
4778,Paytm,App freezes during payment,1
4779,GPay,UPI server delay error,1
4780,SBI YONO,UPI server delay error,3
4781,Paytm,UPI server delay error,1
4782,Paytm,Failed transactions and money deducted,3
4783,CRED,App freezes during payment,2
4784,SBI YONO,App freezes during payment,3
4785,SBI YONO,Slow refunds and poor support,2
4786,GPay,UPI server delay error,1
4787,SBI YONO,Transaction failed due to bank server down,1
4788,GPay,UPI server delay error,1
4789,SBI YONO,Failed transactions and money deducted,1
4790,CRED,Transaction failed due to bank server down,2
4791,Paytm,Failed transactions and money deducted,3
4792,Paytm,App freezes during payment,2
4793,SBI YONO,Slow refunds and poor support,1
4794,GPay,UPI server delay error,2
4795,CRED,Transaction failed due to bank server down,1
4796,GPay,Failed transactions and money deducted,1
4797,CRED,Slow refunds and poor support,3
4798,GPay,Slow refunds and poor support,2
4799,Paytm,UPI server delay error,1
4800,GPay,App freezes during payment,1
4801,PhonePe,Transaction failed due to bank server down,1
4802,GPay,UPI server delay error,2
4803,GPay,Failed transactions and money deducted,1
4804,SBI YONO,Transaction failed due to bank server down,1
4805,SBI YONO,Transaction failed due to bank server down,1
4806,PhonePe,Transaction failed due to bank server down,3
4807,SBI YONO,App freezes during payment,2
4808,Paytm,Transaction failed due to bank server down,3
4809,GPay,Failed transactions and money deducted,1
4810,CRED,UPI server delay error,1
4811,PhonePe,App freezes during payment,3
4812,GPay,Slow refunds and poor support,1
4813,GPay,UPI server delay error,1
4814,GPay,Transaction failed due to bank server down,2
4815,CRED,Transaction failed due to bank server down,3
4816,CRED,App freezes during payment,2
4817,CRED,Failed transactions and money deducted,1
4818,Paytm,Transaction failed due to bank server down,1
4819,CRED,Transaction failed due to bank server down,3
4820,Paytm,UPI server delay error,1
4821,PhonePe,Slow refunds and poor support,1
4822,GPay,Slow refunds and poor support,1
4823,Paytm,UPI server delay error,3
4824,CRED,Slow refunds and poor support,3
4825,GPay,Transaction failed due to bank server down,1
4826,SBI YONO,Transaction failed due to bank server down,2
4827,GPay,Failed transactions and money deducted,1
4828,GPay,App freezes during payment,3
4829,PhonePe,App freezes during payment,1
4830,SBI YONO,UPI server delay error,1
4831,PhonePe,Failed transactions and money deducted,1
4832,SBI YONO,Transaction failed due to bank server down,1
4833,GPay,UPI server delay error,2
4834,Paytm,Slow refunds and poor support,2
4835,GPay,UPI server delay error,1
4836,CRED,Slow refunds and poor support,3
4837,SBI YONO,Slow refunds and poor support,1
4838,Paytm,Failed transactions and money deducted,1
4839,CRED,Slow refunds and poor support,3
4840,SBI YONO,UPI server delay error,2
4841,PhonePe,Slow refunds and poor support,3
4842,Paytm,Slow refunds and poor support,1
4843,SBI YONO,Slow refunds and poor support,1
4844,SBI YONO,Failed transactions and money deducted,1
4845,SBI YONO,Transaction failed due to bank server down,2
4846,PhonePe,UPI server delay error,2
4847,PhonePe,App freezes during payment,1
4848,SBI YONO,Failed transactions and money deducted,1
4849,Paytm,Failed transactions and money deducted,2
4850,Paytm,Transaction failed due to bank server down,3
4851,PhonePe,Slow refunds and poor support,3
4852,CRED,App freezes during payment,2
4853,GPay,Slow refunds and poor support,2
4854,SBI YONO,Transaction failed due to bank server down,1
4855,SBI YONO,Failed transactions and money deducted,1
4856,CRED,Failed transactions and money deducted,2
4857,Paytm,Transaction failed due to bank server down,1
4858,SBI YONO,Failed transactions and money deducted,1
4859,SBI YONO,App freezes during payment,3
4860,GPay,UPI server delay error,2
4861,CRED,Transaction failed due to bank server down,3
4862,SBI YONO,Transaction failed due to bank server down,3
4863,CRED,UPI server delay error,3
4864,Paytm,App freezes during payment,2
4865,GPay,UPI server delay error,2
4866,SBI YONO,UPI server delay error,3
4867,PhonePe,Slow refunds and poor support,3
4868,PhonePe,App freezes during payment,1
4869,Paytm,Slow refunds and poor support,3
4870,GPay,Slow refunds and poor support,2
4871,CRED,Slow refunds and poor support,3
4872,SBI YONO,Transaction failed due to bank server down,1
4873,SBI YONO,Failed transactions and money deducted,3
4874,SBI YONO,App freezes during payment,3
4875,CRED,Transaction failed due to bank server down,3
4876,PhonePe,Slow refunds and poor support,1
4877,SBI YONO,Transaction failed due to bank server down,1
4878,CRED,Transaction failed due to bank server down,1
4879,GPay,Failed transactions and money deducted,1
4880,Paytm,App freezes during payment,2
4881,SBI YONO,UPI server delay error,2
4882,CRED,UPI server delay error,2
4883,Paytm,App freezes during payment,1
4884,Paytm,Failed transactions and money deducted,2
4885,Paytm,App freezes during payment,3
4886,Paytm,Failed transactions and money deducted,3
4887,PhonePe,UPI server delay error,3
4888,Paytm,Failed transactions and money deducted,2
4889,Paytm,Slow refunds and poor support,3
4890,GPay,App freezes during payment,1
4891,PhonePe,Slow refunds and poor support,2
4892,Paytm,UPI server delay error,2
4893,CRED,Failed transactions and money deducted,1
4894,GPay,Transaction failed due to bank server down,1
4895,PhonePe,Slow refunds and poor support,3
4896,CRED,App freezes during payment,2
4897,Paytm,Failed transactions and money deducted,3
4898,SBI YONO,App freezes during payment,2
4899,GPay,Transaction failed due to bank server down,2
4900,Paytm,Slow refunds and poor support,1
4901,CRED,App freezes during payment,1
4902,GPay,UPI server delay error,1
4903,Paytm,Failed transactions and money deducted,3
4904,Paytm,App freezes during payment,2
4905,PhonePe,UPI server delay error,3
4906,CRED,App freezes during payment,1
4907,GPay,UPI server delay error,2
4908,Paytm,App freezes during payment,3
4909,PhonePe,UPI server delay error,1
4910,SBI YONO,Failed transactions and money deducted,1
4911,SBI YONO,Transaction failed due to bank server down,2
4912,Paytm,App freezes during payment,2
4913,SBI YONO,Transaction failed due to bank server down,2
4914,CRED,App freezes during payment,3
4915,GPay,Failed transactions and money deducted,3
4916,GPay,App freezes during payment,1
4917,GPay,App freezes during payment,2
4918,PhonePe,Slow refunds and poor support,2
4919,CRED,Transaction failed due to bank server down,3
4920,Paytm,Slow refunds and poor support,1
4921,GPay,App freezes during payment,1
4922,SBI YONO,App freezes during payment,2
4923,CRED,UPI server delay error,1
4924,PhonePe,Slow refunds and poor support,1
4925,SBI YONO,App freezes during payment,1
4926,GPay,Transaction failed due to bank server down,1
4927,CRED,Slow refunds and poor support,2
4928,Paytm,Transaction failed due to bank server down,2
4929,CRED,Transaction failed due to bank server down,1
4930,GPay,UPI server delay error,1
4931,GPay,Failed transactions and money deducted,3
4932,Paytm,App freezes during payment,3
4933,Paytm,Failed transactions and money deducted,2
4934,SBI YONO,Failed transactions and money deducted,2
4935,Paytm,Failed transactions and money deducted,1
4936,GPay,Failed transactions and money deducted,2
4937,PhonePe,UPI server delay error,1
4938,GPay,Slow refunds and poor support,3
4939,Paytm,Transaction failed due to bank server down,2
4940,SBI YONO,UPI server delay error,2
4941,GPay,Failed transactions and money deducted,1
4942,CRED,UPI server delay error,2
4943,Paytm,Failed transactions and money deducted,2
4944,Paytm,Transaction failed due to bank server down,2
4945,GPay,App freezes during payment,2
4946,CRED,UPI server delay error,1
4947,Paytm,Slow refunds and poor support,2
4948,Paytm,UPI server delay error,1
4949,SBI YONO,Slow refunds and poor support,2
4950,Paytm,Transaction failed due to bank server down,1
4951,Paytm,UPI server delay error,1
4952,CRED,App freezes during payment,3
4953,SBI YONO,Transaction failed due to bank server down,3
4954,SBI YONO,Failed transactions and money deducted,2
4955,GPay,UPI server delay error,3
4956,PhonePe,App freezes during payment,2
4957,PhonePe,UPI server delay error,3
4958,CRED,App freezes during payment,2
4959,GPay,Slow refunds and poor support,2
4960,CRED,Transaction failed due to bank server down,3
4961,CRED,Failed transactions and money deducted,2
4962,PhonePe,App freezes during payment,3
4963,CRED,UPI server delay error,2
4964,SBI YONO,Failed transactions and money deducted,1
4965,SBI YONO,UPI server delay error,3
4966,SBI YONO,Failed transactions and money deducted,3
4967,GPay,Transaction failed due to bank server down,2
4968,PhonePe,UPI server delay error,3
4969,PhonePe,App freezes during payment,1
4970,CRED,Transaction failed due to bank server down,3
4971,GPay,App freezes during payment,2
4972,Paytm,Slow refunds and poor support,2
4973,PhonePe,Transaction failed due to bank server down,2
4974,CRED,Slow refunds and poor support,3
4975,PhonePe,UPI server delay error,2
4976,CRED,Slow refunds and poor support,2
4977,CRED,Slow refunds and poor support,3
4978,Paytm,Slow refunds and poor support,3
4979,CRED,UPI server delay error,3
4980,GPay,Transaction failed due to bank server down,2
4981,Paytm,Transaction failed due to bank server down,2
4982,SBI YONO,Failed transactions and money deducted,2
4983,CRED,App freezes during payment,2
4984,GPay,Slow refunds and poor support,1
4985,PhonePe,Failed transactions and money deducted,1
4986,PhonePe,Transaction failed due to bank server down,3
4987,CRED,Slow refunds and poor support,1
4988,CRED,Slow refunds and poor support,2
4989,SBI YONO,UPI server delay error,2
4990,SBI YONO,Transaction failed due to bank server down,1
4991,CRED,UPI server delay error,1
4992,CRED,Transaction failed due to bank server down,1
4993,PhonePe,Transaction failed due to bank server down,2
4994,Paytm,Slow refunds and poor support,3
4995,GPay,Transaction failed due to bank server down,1
4996,Paytm,UPI server delay error,2
4997,CRED,Slow refunds and poor support,3
4998,GPay,Transaction failed due to bank server down,2
4999,SBI YONO,App freezes during payment,1
5000,CRED,Failed transactions and money deducted,1
5001,GPay,Slow refunds and poor support,1
5002,GPay,UPI server delay error,3
5003,SBI YONO,Transaction failed due to bank server down,1
5004,GPay,Slow refunds and poor support,3
5005,SBI YONO,Slow refunds and poor support,2
5006,CRED,Slow refunds and poor support,1
5007,SBI YONO,Failed transactions and money deducted,2
5008,PhonePe,Transaction failed due to bank server down,2
5009,GPay,Failed transactions and money deducted,3
5010,Paytm,UPI server delay error,3
5011,GPay,App freezes during payment,1
5012,GPay,Slow refunds and poor support,1
5013,SBI YONO,App freezes during payment,1
5014,Paytm,UPI server delay error,3
5015,PhonePe,App freezes during payment,2
5016,PhonePe,Transaction failed due to bank server down,1
5017,GPay,UPI server delay error,2
5018,SBI YONO,Slow refunds and poor support,1
5019,GPay,App freezes during payment,1
5020,CRED,App freezes during payment,2
5021,PhonePe,Slow refunds and poor support,2
5022,CRED,UPI server delay error,3
5023,Paytm,Transaction failed due to bank server down,3
5024,PhonePe,Slow refunds and poor support,2
5025,PhonePe,Slow refunds and poor support,3
5026,Paytm,App freezes during payment,2
5027,Paytm,Failed transactions and money deducted,2
5028,PhonePe,Failed transactions and money deducted,1
5029,GPay,Failed transactions and money deducted,2
5030,PhonePe,Transaction failed due to bank server down,3
5031,CRED,Failed transactions and money deducted,3
5032,CRED,UPI server delay error,1
5033,GPay,Failed transactions and money deducted,2
5034,SBI YONO,App freezes during payment,3
5035,SBI YONO,Transaction failed due to bank server down,2
5036,GPay,Transaction failed due to bank server down,2
5037,CRED,Slow refunds and poor support,3
5038,GPay,Transaction failed due to bank server down,3
5039,CRED,Transaction failed due to bank server down,2
5040,PhonePe,App freezes during payment,2
5041,SBI YONO,UPI server delay error,2
5042,SBI YONO,Transaction failed due to bank server down,1
5043,SBI YONO,Failed transactions and money deducted,2
5044,SBI YONO,UPI server delay error,3
5045,SBI YONO,App freezes during payment,3
5046,CRED,UPI server delay error,3
5047,GPay,UPI server delay error,3
5048,CRED,Transaction failed due to bank server down,3
5049,GPay,Failed transactions and money deducted,2
5050,Paytm,Failed transactions and money deducted,2
5051,Paytm,UPI server delay error,1
5052,SBI YONO,Slow refunds and poor support,2
5053,SBI YONO,Failed transactions and money deducted,2
5054,Paytm,Slow refunds and poor support,3
5055,PhonePe,App freezes during payment,2
5056,CRED,App freezes during payment,3
5057,CRED,Transaction failed due to bank server down,1
5058,Paytm,Transaction failed due to bank server down,2
5059,GPay,App freezes during payment,3
5060,GPay,Transaction failed due to bank server down,3
5061,SBI YONO,Failed transactions and money deducted,1
5062,SBI YONO,App freezes during payment,3
5063,PhonePe,Transaction failed due to bank server down,3
5064,Paytm,Transaction failed due to bank server down,3
5065,CRED,UPI server delay error,3
5066,Paytm,UPI server delay error,1
5067,Paytm,App freezes during payment,3
5068,PhonePe,Slow refunds and poor support,1
5069,GPay,App freezes during payment,1
5070,PhonePe,Slow refunds and poor support,2
5071,GPay,Transaction failed due to bank server down,1
5072,GPay,Transaction failed due to bank server down,2
5073,Paytm,Transaction failed due to bank server down,3
5074,PhonePe,Failed transactions and money deducted,2
5075,Paytm,App freezes during payment,2
5076,CRED,Transaction failed due to bank server down,1
5077,CRED,Failed transactions and money deducted,3
5078,CRED,Failed transactions and money deducted,3
5079,SBI YONO,UPI server delay error,1
5080,GPay,Slow refunds and poor support,3
5081,CRED,UPI server delay error,3
5082,GPay,Transaction failed due to bank server down,2
5083,CRED,Transaction failed due to bank server down,1
5084,SBI YONO,Failed transactions and money deducted,2
5085,CRED,Failed transactions and money deducted,3
5086,PhonePe,Slow refunds and poor support,1
5087,Paytm,Slow refunds and poor support,2
5088,GPay,App freezes during payment,2
5089,GPay,App freezes during payment,3
5090,CRED,Slow refunds and poor support,1
5091,GPay,UPI server delay error,1
5092,CRED,Transaction failed due to bank server down,1
5093,GPay,App freezes during payment,2
5094,Paytm,Slow refunds and poor support,1
5095,Paytm,Slow refunds and poor support,3
5096,GPay,UPI server delay error,1
5097,SBI YONO,UPI server delay error,1
5098,PhonePe,Transaction failed due to bank server down,2
5099,PhonePe,Transaction failed due to bank server down,3
5100,CRED,UPI server delay error,2
5101,CRED,Failed transactions and money deducted,3
5102,SBI YONO,Failed transactions and money deducted,3
5103,PhonePe,Slow refunds and poor support,2
5104,SBI YONO,UPI server delay error,1
5105,Paytm,App freezes during payment,3
5106,Paytm,Failed transactions and money deducted,1
5107,SBI YONO,App freezes during payment,2
5108,CRED,App freezes during payment,3
5109,CRED,Failed transactions and money deducted,2
5110,SBI YONO,Transaction failed due to bank server down,3
5111,Paytm,Transaction failed due to bank server down,2
5112,Paytm,Transaction failed due to bank server down,2
5113,Paytm,Transaction failed due to bank server down,2
5114,PhonePe,Transaction failed due to bank server down,1
5115,CRED,App freezes during payment,1
5116,PhonePe,UPI server delay error,1
5117,CRED,Transaction failed due to bank server down,2
5118,SBI YONO,Failed transactions and money deducted,1
5119,GPay,Transaction failed due to bank server down,3
5120,CRED,UPI server delay error,1
5121,CRED,Transaction failed due to bank server down,3
5122,Paytm,Failed transactions and money deducted,3
5123,SBI YONO,Slow refunds and poor support,3
5124,SBI YONO,App freezes during payment,2
5125,Paytm,Transaction failed due to bank server down,2
5126,SBI YONO,Transaction failed due to bank server down,1
5127,GPay,App freezes during payment,3
5128,CRED,App freezes during payment,2
5129,SBI YONO,Transaction failed due to bank server down,3
5130,Paytm,UPI server delay error,2
5131,PhonePe,Transaction failed due to bank server down,3
5132,Paytm,Failed transactions and money deducted,1
5133,Paytm,App freezes during payment,2
5134,Paytm,App freezes during payment,3
5135,CRED,App freezes during payment,3
5136,CRED,Slow refunds and poor support,2
5137,PhonePe,App freezes during payment,2
5138,GPay,Slow refunds and poor support,1
5139,Paytm,App freezes during payment,2
5140,SBI YONO,Slow refunds and poor support,3
5141,GPay,Slow refunds and poor support,1
5142,SBI YONO,Slow refunds and poor support,3
5143,Paytm,UPI server delay error,3
5144,Paytm,Slow refunds and poor support,3
5145,Paytm,Transaction failed due to bank server down,3
5146,PhonePe,Failed transactions and money deducted,2
5147,Paytm,App freezes during payment,2
5148,PhonePe,App freezes during payment,2
5149,CRED,App freezes during payment,2
5150,GPay,Failed transactions and money deducted,1
5151,SBI YONO,Transaction failed due to bank server down,1
5152,Paytm,Transaction failed due to bank server down,2
5153,PhonePe,Failed transactions and money deducted,2
5154,Paytm,Failed transactions and money deducted,2
5155,GPay,UPI server delay error,2
5156,Paytm,Slow refunds and poor support,1
5157,GPay,Failed transactions and money deducted,1
5158,SBI YONO,Transaction failed due to bank server down,1
5159,Paytm,App freezes during payment,2
5160,CRED,App freezes during payment,2
5161,Paytm,UPI server delay error,2
5162,PhonePe,Failed transactions and money deducted,1
5163,GPay,Failed transactions and money deducted,1
5164,PhonePe,Slow refunds and poor support,3
5165,PhonePe,App freezes during payment,1
5166,CRED,Failed transactions and money deducted,3
5167,Paytm,Transaction failed due to bank server down,2
5168,SBI YONO,Slow refunds and poor support,1
5169,Paytm,Slow refunds and poor support,3
5170,CRED,Transaction failed due to bank server down,2
5171,GPay,Failed transactions and money deducted,1
5172,SBI YONO,Slow refunds and poor support,1
5173,CRED,Slow refunds and poor support,1
5174,Paytm,Slow refunds and poor support,1
5175,GPay,UPI server delay error,1
5176,GPay,App freezes during payment,2
5177,SBI YONO,UPI server delay error,2
5178,GPay,Failed transactions and money deducted,2
5179,PhonePe,Failed transactions and money deducted,1
5180,PhonePe,App freezes during payment,1
5181,PhonePe,Failed transactions and money deducted,1
5182,PhonePe,UPI server delay error,3
5183,CRED,Transaction failed due to bank server down,2
5184,PhonePe,Failed transactions and money deducted,2
5185,Paytm,Transaction failed due to bank server down,3
5186,GPay,UPI server delay error,2
5187,GPay,Slow refunds and poor support,1
5188,Paytm,Transaction failed due to bank server down,3
5189,CRED,UPI server delay error,2
5190,PhonePe,UPI server delay error,3
5191,CRED,App freezes during payment,2
5192,PhonePe,Transaction failed due to bank server down,3
5193,PhonePe,Slow refunds and poor support,2
5194,Paytm,App freezes during payment,3
5195,Paytm,UPI server delay error,3
5196,GPay,Failed transactions and money deducted,1
5197,CRED,App freezes during payment,3
5198,GPay,Failed transactions and money deducted,1
5199,Paytm,Transaction failed due to bank server down,1
5200,SBI YONO,App freezes during payment,1
5201,SBI YONO,UPI server delay error,1
5202,SBI YONO,Transaction failed due to bank server down,2
5203,GPay,App freezes during payment,3
5204,PhonePe,Failed transactions and money deducted,1
5205,CRED,UPI server delay error,1
5206,SBI YONO,UPI server delay error,1
5207,Paytm,Failed transactions and money deducted,2
5208,GPay,App freezes during payment,3
5209,Paytm,UPI server delay error,3
5210,Paytm,App freezes during payment,2
5211,GPay,UPI server delay error,2
5212,Paytm,App freezes during payment,2
5213,GPay,App freezes during payment,3
5214,PhonePe,Slow refunds and poor support,2
5215,CRED,Transaction failed due to bank server down,1
5216,CRED,App freezes during payment,3
5217,GPay,Slow refunds and poor support,3
5218,GPay,App freezes during payment,2
5219,CRED,Transaction failed due to bank server down,2
5220,SBI YONO,UPI server delay error,1
5221,SBI YONO,Transaction failed due to bank server down,3
5222,SBI YONO,Transaction failed due to bank server down,3
5223,SBI YONO,App freezes during payment,3
5224,GPay,Failed transactions and money deducted,3
5225,SBI YONO,App freezes during payment,2
5226,SBI YONO,UPI server delay error,1
5227,PhonePe,Failed transactions and money deducted,1
5228,Paytm,Slow refunds and poor support,1
5229,Paytm,Transaction failed due to bank server down,2
5230,GPay,Slow refunds and poor support,1
5231,GPay,Transaction failed due to bank server down,3
5232,PhonePe,Failed transactions and money deducted,3
5233,GPay,UPI server delay error,2
5234,CRED,Failed transactions and money deducted,2
5235,Paytm,Transaction failed due to bank server down,3
5236,SBI YONO,Slow refunds and poor support,1
5237,SBI YONO,App freezes during payment,2
5238,Paytm,Slow refunds and poor support,1
5239,Paytm,Transaction failed due to bank server down,2
5240,SBI YONO,App freezes during payment,3
5241,GPay,Transaction failed due to bank server down,3
5242,GPay,App freezes during payment,3
5243,Paytm,Transaction failed due to bank server down,1
5244,PhonePe,Transaction failed due to bank server down,3
5245,PhonePe,Transaction failed due to bank server down,2
5246,PhonePe,Failed transactions and money deducted,1
5247,CRED,Slow refunds and poor support,2
5248,Paytm,App freezes during payment,2
5249,PhonePe,Failed transactions and money deducted,3
5250,GPay,App freezes during payment,2
5251,Paytm,Slow refunds and poor support,3
5252,PhonePe,Failed transactions and money deducted,2
5253,CRED,App freezes during payment,1
5254,Paytm,UPI server delay error,1
5255,Paytm,Slow refunds and poor support,2
5256,PhonePe,Slow refunds and poor support,1
5257,Paytm,App freezes during payment,3
5258,SBI YONO,Failed transactions and money deducted,1
5259,GPay,App freezes during payment,3
5260,Paytm,Slow refunds and poor support,3
5261,SBI YONO,Failed transactions and money deducted,2
5262,GPay,Slow refunds and poor support,3
5263,GPay,Slow refunds and poor support,1
5264,GPay,Slow refunds and poor support,2
5265,SBI YONO,Slow refunds and poor support,3
5266,GPay,App freezes during payment,1
5267,GPay,Transaction failed due to bank server down,1
5268,GPay,Failed transactions and money deducted,2
5269,Paytm,UPI server delay error,3
5270,GPay,Failed transactions and money deducted,2
5271,SBI YONO,App freezes during payment,1
5272,Paytm,Failed transactions and money deducted,1
5273,GPay,App freezes during payment,2
5274,PhonePe,Transaction failed due to bank server down,3
5275,PhonePe,Transaction failed due to bank server down,2
5276,Paytm,App freezes during payment,3
5277,GPay,Slow refunds and poor support,1
5278,SBI YONO,Slow refunds and poor support,3
5279,CRED,App freezes during payment,3
5280,CRED,Failed transactions and money deducted,3
5281,SBI YONO,Transaction failed due to bank server down,3
5282,PhonePe,Failed transactions and money deducted,2
5283,CRED,Failed transactions and money deducted,1
5284,SBI YONO,Failed transactions and money deducted,2
5285,CRED,App freezes during payment,3
5286,Paytm,UPI server delay error,3
5287,SBI YONO,UPI server delay error,2
5288,CRED,Transaction failed due to bank server down,2
5289,CRED,Transaction failed due to bank server down,3
5290,SBI YONO,Failed transactions and money deducted,3
5291,CRED,Transaction failed due to bank server down,2
5292,SBI YONO,UPI server delay error,3
5293,SBI YONO,UPI server delay error,1
5294,GPay,App freezes during payment,1
5295,PhonePe,App freezes during payment,1
5296,Paytm,UPI server delay error,2
5297,SBI YONO,UPI server delay error,2
5298,CRED,Failed transactions and money deducted,2
5299,PhonePe,UPI server delay error,1
5300,GPay,Transaction failed due to bank server down,3
5301,PhonePe,Failed transactions and money deducted,2
5302,Paytm,UPI server delay error,3
5303,Paytm,Failed transactions and money deducted,3
5304,PhonePe,Failed transactions and money deducted,2
5305,Paytm,Slow refunds and poor support,1
5306,Paytm,Failed transactions and money deducted,3
5307,GPay,Failed transactions and money deducted,1
5308,PhonePe,Failed transactions and money deducted,3
5309,CRED,App freezes during payment,2
5310,PhonePe,Transaction failed due to bank server down,2
5311,PhonePe,UPI server delay error,1
5312,SBI YONO,UPI server delay error,1
5313,SBI YONO,Failed transactions and money deducted,2
5314,SBI YONO,App freezes during payment,3
5315,CRED,Transaction failed due to bank server down,3
5316,Paytm,UPI server delay error,3
5317,Paytm,Transaction failed due to bank server down,3
5318,CRED,Slow refunds and poor support,1
5319,PhonePe,App freezes during payment,1
5320,PhonePe,Transaction failed due to bank server down,1
5321,Paytm,Transaction failed due to bank server down,2
5322,CRED,App freezes during payment,1
5323,Paytm,Transaction failed due to bank server down,2
5324,PhonePe,UPI server delay error,1
5325,Paytm,Failed transactions and money deducted,2
5326,GPay,UPI server delay error,3
5327,GPay,Slow refunds and poor support,1
5328,PhonePe,UPI server delay error,3
5329,SBI YONO,App freezes during payment,2
5330,PhonePe,Failed transactions and money deducted,3
5331,PhonePe,Transaction failed due to bank server down,2
5332,CRED,App freezes during payment,2
5333,CRED,UPI server delay error,3
5334,PhonePe,App freezes during payment,1
5335,CRED,Transaction failed due to bank server down,1
5336,Paytm,Transaction failed due to bank server down,1
5337,PhonePe,Slow refunds and poor support,1
5338,PhonePe,Transaction failed due to bank server down,3
5339,GPay,Slow refunds and poor support,2
5340,GPay,Failed transactions and money deducted,1
5341,CRED,Slow refunds and poor support,1
5342,PhonePe,Transaction failed due to bank server down,3
5343,CRED,Failed transactions and money deducted,2
5344,SBI YONO,Transaction failed due to bank server down,3
5345,Paytm,Failed transactions and money deducted,3
5346,PhonePe,App freezes during payment,1
5347,CRED,UPI server delay error,1
5348,PhonePe,Slow refunds and poor support,3
5349,Paytm,UPI server delay error,3
5350,Paytm,UPI server delay error,1
5351,CRED,Failed transactions and money deducted,2
5352,CRED,Slow refunds and poor support,1
5353,CRED,UPI server delay error,2
5354,Paytm,Transaction failed due to bank server down,3
5355,SBI YONO,Transaction failed due to bank server down,3
5356,GPay,App freezes during payment,3
5357,GPay,UPI server delay error,3
5358,CRED,UPI server delay error,2
5359,PhonePe,App freezes during payment,3
5360,PhonePe,UPI server delay error,1
5361,CRED,App freezes during payment,2
5362,Paytm,Slow refunds and poor support,3
5363,CRED,Transaction failed due to bank server down,3
5364,GPay,Slow refunds and poor support,3
5365,SBI YONO,Slow refunds and poor support,1
5366,SBI YONO,Failed transactions and money deducted,3
5367,SBI YONO,Transaction failed due to bank server down,1
5368,SBI YONO,App freezes during payment,3
5369,PhonePe,Failed transactions and money deducted,1
5370,PhonePe,Transaction failed due to bank server down,1
5371,Paytm,App freezes during payment,2
5372,SBI YONO,Failed transactions and money deducted,3
5373,GPay,Transaction failed due to bank server down,2
5374,CRED,Slow refunds and poor support,3
5375,SBI YONO,UPI server delay error,2
5376,GPay,Failed transactions and money deducted,2
5377,SBI YONO,Slow refunds and poor support,1
5378,GPay,Transaction failed due to bank server down,3
5379,SBI YONO,Transaction failed due to bank server down,2
5380,CRED,UPI server delay error,2
5381,SBI YONO,Transaction failed due to bank server down,3
5382,PhonePe,Failed transactions and money deducted,3
5383,GPay,App freezes during payment,1
5384,SBI YONO,Failed transactions and money deducted,3
5385,Paytm,App freezes during payment,3
5386,Paytm,App freezes during payment,3
5387,Paytm,Transaction failed due to bank server down,1
5388,GPay,App freezes during payment,1
5389,PhonePe,App freezes during payment,2
5390,SBI YONO,Failed transactions and money deducted,2
5391,SBI YONO,UPI server delay error,3
5392,Paytm,App freezes during payment,2
5393,Paytm,Failed transactions and money deducted,1
5394,CRED,Transaction failed due to bank server down,2
5395,Paytm,Transaction failed due to bank server down,2
5396,SBI YONO,Failed transactions and money deducted,1
5397,GPay,Transaction failed due to bank server down,1
5398,GPay,Failed transactions and money deducted,1
5399,PhonePe,App freezes during payment,2
5400,PhonePe,App freezes during payment,1
5401,GPay,Slow refunds and poor support,3
5402,PhonePe,Transaction failed due to bank server down,3
5403,SBI YONO,UPI server delay error,2
5404,Paytm,App freezes during payment,1
5405,PhonePe,Transaction failed due to bank server down,3
5406,CRED,Slow refunds and poor support,2
5407,GPay,Transaction failed due to bank server down,1
5408,PhonePe,Slow refunds and poor support,1
5409,CRED,Failed transactions and money deducted,1
5410,CRED,App freezes during payment,2
5411,PhonePe,Failed transactions and money deducted,1
5412,CRED,Failed transactions and money deducted,3
5413,Paytm,Slow refunds and poor support,3
5414,CRED,Transaction failed due to bank server down,3
5415,CRED,App freezes during payment,3
5416,PhonePe,Transaction failed due to bank server down,3
5417,PhonePe,Failed transactions and money deducted,1
5418,Paytm,UPI server delay error,3
5419,Paytm,App freezes during payment,1
5420,SBI YONO,App freezes during payment,3
5421,SBI YONO,UPI server delay error,2
5422,CRED,App freezes during payment,3
5423,GPay,App freezes during payment,3
5424,CRED,Transaction failed due to bank server down,1
5425,CRED,Transaction failed due to bank server down,2
5426,SBI YONO,Slow refunds and poor support,2
5427,GPay,UPI server delay error,1
5428,CRED,App freezes during payment,3
5429,GPay,UPI server delay error,2
5430,Paytm,App freezes during payment,2
5431,SBI YONO,Transaction failed due to bank server down,1
5432,CRED,Failed transactions and money deducted,1
5433,CRED,Failed transactions and money deducted,1
5434,SBI YONO,Slow refunds and poor support,1
5435,Paytm,Failed transactions and money deducted,2
5436,PhonePe,Slow refunds and poor support,3
5437,CRED,Slow refunds and poor support,3
5438,PhonePe,Transaction failed due to bank server down,2
5439,CRED,Transaction failed due to bank server down,2
5440,PhonePe,Transaction failed due to bank server down,3
5441,CRED,Failed transactions and money deducted,2
5442,PhonePe,UPI server delay error,2
5443,SBI YONO,Transaction failed due to bank server down,1
5444,PhonePe,Transaction failed due to bank server down,1
5445,PhonePe,Slow refunds and poor support,1
5446,GPay,App freezes during payment,1
5447,CRED,Failed transactions and money deducted,1
5448,Paytm,Slow refunds and poor support,1
5449,Paytm,Transaction failed due to bank server down,1
5450,GPay,UPI server delay error,3
5451,CRED,App freezes during payment,3
5452,Paytm,App freezes during payment,3
5453,GPay,Slow refunds and poor support,1
5454,PhonePe,Slow refunds and poor support,1
5455,Paytm,Slow refunds and poor support,3
5456,PhonePe,Transaction failed due to bank server down,2
5457,PhonePe,Failed transactions and money deducted,2
5458,CRED,Slow refunds and poor support,1
5459,GPay,UPI server delay error,2
5460,SBI YONO,App freezes during payment,3
5461,CRED,Transaction failed due to bank server down,1
5462,Paytm,Failed transactions and money deducted,3
5463,GPay,Slow refunds and poor support,1
5464,GPay,UPI server delay error,1
5465,Paytm,App freezes during payment,1
5466,SBI YONO,Slow refunds and poor support,2
5467,CRED,Transaction failed due to bank server down,1
5468,PhonePe,Failed transactions and money deducted,2
5469,PhonePe,UPI server delay error,3
5470,Paytm,UPI server delay error,3
5471,GPay,UPI server delay error,1
5472,PhonePe,Transaction failed due to bank server down,2
5473,GPay,Slow refunds and poor support,3
5474,CRED,App freezes during payment,2
5475,CRED,UPI server delay error,3
5476,Paytm,Transaction failed due to bank server down,1
5477,SBI YONO,Transaction failed due to bank server down,1
5478,Paytm,Slow refunds and poor support,1
5479,Paytm,UPI server delay error,2
5480,PhonePe,UPI server delay error,3
5481,CRED,Failed transactions and money deducted,1
5482,GPay,UPI server delay error,3
5483,Paytm,Transaction failed due to bank server down,2
5484,SBI YONO,Transaction failed due to bank server down,3
5485,SBI YONO,UPI server delay error,2
5486,Paytm,Transaction failed due to bank server down,2
5487,GPay,App freezes during payment,3
5488,GPay,Failed transactions and money deducted,2
5489,GPay,App freezes during payment,3
5490,CRED,App freezes during payment,3
5491,PhonePe,Transaction failed due to bank server down,2
5492,Paytm,Transaction failed due to bank server down,1
5493,Paytm,Failed transactions and money deducted,1
5494,CRED,UPI server delay error,1
5495,GPay,Transaction failed due to bank server down,3
5496,Paytm,Slow refunds and poor support,1
5497,GPay,Slow refunds and poor support,3
5498,CRED,Transaction failed due to bank server down,1
5499,PhonePe,Transaction failed due to bank server down,3
5500,Paytm,Failed transactions and money deducted,3
5501,CRED,App freezes during payment,2
5502,Paytm,UPI server delay error,3
5503,GPay,Failed transactions and money deducted,3
5504,Paytm,Transaction failed due to bank server down,3
5505,GPay,Failed transactions and money deducted,2
5506,SBI YONO,App freezes during payment,1
5507,SBI YONO,Transaction failed due to bank server down,3
5508,GPay,App freezes during payment,1
5509,PhonePe,Slow refunds and poor support,3
5510,GPay,Failed transactions and money deducted,1
5511,GPay,UPI server delay error,1
5512,CRED,Transaction failed due to bank server down,2
5513,Paytm,UPI server delay error,1
5514,Paytm,Failed transactions and money deducted,3
5515,GPay,Transaction failed due to bank server down,1
5516,Paytm,App freezes during payment,3
5517,CRED,UPI server delay error,2
5518,CRED,UPI server delay error,2
5519,Paytm,Transaction failed due to bank server down,3
5520,Paytm,Transaction failed due to bank server down,2
5521,PhonePe,UPI server delay error,2
5522,GPay,UPI server delay error,3
5523,CRED,Transaction failed due to bank server down,3
5524,Paytm,Transaction failed due to bank server down,2
5525,CRED,Failed transactions and money deducted,1
5526,GPay,Failed transactions and money deducted,2
5527,SBI YONO,UPI server delay error,3
5528,SBI YONO,Failed transactions and money deducted,2
5529,CRED,Failed transactions and money deducted,3
5530,CRED,App freezes during payment,2
5531,GPay,Failed transactions and money deducted,2
5532,GPay,Failed transactions and money deducted,3
5533,SBI YONO,UPI server delay error,1
5534,SBI YONO,Failed transactions and money deducted,1
5535,SBI YONO,Failed transactions and money deducted,2
5536,PhonePe,App freezes during payment,2
5537,GPay,Transaction failed due to bank server down,1
5538,GPay,Transaction failed due to bank server down,1
5539,SBI YONO,UPI server delay error,1
5540,SBI YONO,App freezes during payment,3
5541,GPay,UPI server delay error,3
5542,GPay,Failed transactions and money deducted,3
5543,GPay,App freezes during payment,1
5544,SBI YONO,Failed transactions and money deducted,1
5545,Paytm,Failed transactions and money deducted,1
5546,GPay,Failed transactions and money deducted,2
5547,GPay,Slow refunds and poor support,1
5548,PhonePe,Slow refunds and poor support,1
5549,GPay,UPI server delay error,2
5550,GPay,Transaction failed due to bank server down,3
5551,GPay,UPI server delay error,1
5552,Paytm,Transaction failed due to bank server down,2
5553,GPay,UPI server delay error,2
5554,Paytm,Transaction failed due to bank server down,2
5555,CRED,Transaction failed due to bank server down,2
5556,CRED,UPI server delay error,3
5557,Paytm,Failed transactions and money deducted,3
5558,CRED,App freezes during payment,2
5559,SBI YONO,Transaction failed due to bank server down,2
5560,CRED,App freezes during payment,2
5561,SBI YONO,Failed transactions and money deducted,2
5562,SBI YONO,Transaction failed due to bank server down,2
5563,PhonePe,Slow refunds and poor support,1
5564,CRED,Transaction failed due to bank server down,3
5565,SBI YONO,Transaction failed due to bank server down,2
5566,Paytm,Transaction failed due to bank server down,3
5567,SBI YONO,Failed transactions and money deducted,1
5568,Paytm,Failed transactions and money deducted,1
5569,Paytm,Transaction failed due to bank server down,2
5570,PhonePe,App freezes during payment,3
5571,CRED,UPI server delay error,1
5572,CRED,Failed transactions and money deducted,2
5573,CRED,Slow refunds and poor support,3
5574,Paytm,Slow refunds and poor support,2
5575,GPay,Transaction failed due to bank server down,1
5576,CRED,UPI server delay error,2
5577,Paytm,Transaction failed due to bank server down,3
5578,SBI YONO,Failed transactions and money deducted,2
5579,Paytm,Transaction failed due to bank server down,1
5580,PhonePe,App freezes during payment,1
5581,PhonePe,UPI server delay error,2
5582,CRED,Failed transactions and money deducted,3
5583,SBI YONO,Transaction failed due to bank server down,3
5584,Paytm,Failed transactions and money deducted,2
5585,SBI YONO,Failed transactions and money deducted,2
5586,GPay,Failed transactions and money deducted,3
5587,CRED,Slow refunds and poor support,3
5588,PhonePe,Failed transactions and money deducted,1
5589,GPay,Transaction failed due to bank server down,2
5590,GPay,UPI server delay error,3
5591,CRED,UPI server delay error,2
5592,PhonePe,App freezes during payment,2
5593,SBI YONO,Failed transactions and money deducted,3
5594,GPay,Transaction failed due to bank server down,1
5595,Paytm,App freezes during payment,3
5596,GPay,UPI server delay error,2
5597,PhonePe,UPI server delay error,1
5598,PhonePe,Transaction failed due to bank server down,1
5599,PhonePe,Failed transactions and money deducted,3
5600,CRED,Transaction failed due to bank server down,2
5601,GPay,App freezes during payment,2
5602,CRED,App freezes during payment,1
5603,CRED,App freezes during payment,2
5604,Paytm,UPI server delay error,2
5605,CRED,UPI server delay error,3
5606,SBI YONO,App freezes during payment,1
5607,CRED,App freezes during payment,1
5608,GPay,Failed transactions and money deducted,3
5609,PhonePe,Failed transactions and money deducted,3
5610,GPay,Failed transactions and money deducted,1
5611,SBI YONO,Slow refunds and poor support,2
5612,SBI YONO,Failed transactions and money deducted,3
5613,Paytm,Failed transactions and money deducted,2
5614,Paytm,Slow refunds and poor support,2
5615,SBI YONO,UPI server delay error,3
5616,Paytm,Transaction failed due to bank server down,3
5617,SBI YONO,Transaction failed due to bank server down,2
5618,Paytm,Slow refunds and poor support,2
5619,SBI YONO,Failed transactions and money deducted,1
5620,Paytm,App freezes during payment,3
5621,SBI YONO,App freezes during payment,2
5622,Paytm,Failed transactions and money deducted,3
5623,Paytm,UPI server delay error,1
5624,CRED,Failed transactions and money deducted,3
5625,GPay,Failed transactions and money deducted,1
5626,Paytm,UPI server delay error,1
5627,CRED,UPI server delay error,3
5628,GPay,Transaction failed due to bank server down,3
5629,Paytm,Transaction failed due to bank server down,1
5630,CRED,Slow refunds and poor support,3
5631,GPay,Transaction failed due to bank server down,2
5632,PhonePe,App freezes during payment,1
5633,CRED,UPI server delay error,1
5634,Paytm,Failed transactions and money deducted,3
5635,GPay,Failed transactions and money deducted,1
5636,Paytm,Slow refunds and poor support,2
5637,GPay,UPI server delay error,3
5638,PhonePe,UPI server delay error,3
5639,Paytm,Transaction failed due to bank server down,2
5640,CRED,Slow refunds and poor support,1
5641,GPay,Failed transactions and money deducted,2
5642,GPay,App freezes during payment,3
5643,GPay,Transaction failed due to bank server down,2
5644,SBI YONO,Slow refunds and poor support,2
5645,PhonePe,Transaction failed due to bank server down,2
5646,Paytm,App freezes during payment,3
5647,CRED,UPI server delay error,2
5648,CRED,App freezes during payment,1
5649,GPay,UPI server delay error,1
5650,PhonePe,UPI server delay error,1
5651,SBI YONO,Failed transactions and money deducted,2
5652,Paytm,Transaction failed due to bank server down,1
5653,Paytm,Failed transactions and money deducted,3
5654,SBI YONO,Slow refunds and poor support,2
5655,SBI YONO,Failed transactions and money deducted,1
5656,Paytm,Failed transactions and money deducted,2
5657,Paytm,Transaction failed due to bank server down,3
5658,CRED,UPI server delay error,3
5659,Paytm,Failed transactions and money deducted,2
5660,PhonePe,Slow refunds and poor support,1
5661,PhonePe,Transaction failed due to bank server down,3
5662,SBI YONO,Slow refunds and poor support,3
5663,PhonePe,App freezes during payment,2
5664,GPay,App freezes during payment,1
5665,PhonePe,Slow refunds and poor support,1
5666,PhonePe,Failed transactions and money deducted,2
5667,PhonePe,Failed transactions and money deducted,2
5668,CRED,UPI server delay error,1
5669,SBI YONO,App freezes during payment,1
5670,PhonePe,Slow refunds and poor support,1
5671,PhonePe,Failed transactions and money deducted,2
5672,SBI YONO,UPI server delay error,3
5673,SBI YONO,App freezes during payment,3
5674,Paytm,Transaction failed due to bank server down,2
5675,GPay,Transaction failed due to bank server down,3
5676,SBI YONO,App freezes during payment,2
5677,SBI YONO,Failed transactions and money deducted,2
5678,GPay,Transaction failed due to bank server down,1
5679,SBI YONO,Failed transactions and money deducted,1
5680,Paytm,Failed transactions and money deducted,1
5681,PhonePe,Slow refunds and poor support,1
5682,Paytm,App freezes during payment,1
5683,CRED,App freezes during payment,3
5684,CRED,Transaction failed due to bank server down,2
5685,Paytm,Failed transactions and money deducted,3
5686,Paytm,Slow refunds and poor support,1
5687,Paytm,Failed transactions and money deducted,1
5688,Paytm,UPI server delay error,2
5689,Paytm,App freezes during payment,2
5690,PhonePe,UPI server delay error,2
5691,SBI YONO,Failed transactions and money deducted,2
5692,SBI YONO,App freezes during payment,1
5693,GPay,UPI server delay error,1
5694,GPay,Failed transactions and money deducted,3
5695,Paytm,Transaction failed due to bank server down,3
5696,CRED,App freezes during payment,3
5697,CRED,Slow refunds and poor support,1
5698,SBI YONO,Failed transactions and money deducted,3
5699,PhonePe,UPI server delay error,2
5700,SBI YONO,Slow refunds and poor support,3
5701,CRED,Failed transactions and money deducted,1
5702,GPay,Failed transactions and money deducted,2
5703,GPay,App freezes during payment,3
5704,Paytm,App freezes during payment,3
5705,SBI YONO,Failed transactions and money deducted,1
5706,PhonePe,Failed transactions and money deducted,1
5707,GPay,Failed transactions and money deducted,2
5708,SBI YONO,Slow refunds and poor support,1
5709,PhonePe,App freezes during payment,2
5710,PhonePe,App freezes during payment,2
5711,CRED,App freezes during payment,2
5712,SBI YONO,UPI server delay error,1
5713,CRED,Failed transactions and money deducted,2
5714,Paytm,App freezes during payment,3
5715,CRED,Slow refunds and poor support,2
5716,GPay,Transaction failed due to bank server down,2
5717,PhonePe,Slow refunds and poor support,2
5718,GPay,App freezes during payment,3
5719,Paytm,Slow refunds and poor support,1
5720,SBI YONO,UPI server delay error,3
5721,Paytm,UPI server delay error,3
5722,CRED,Transaction failed due to bank server down,1
5723,CRED,UPI server delay error,1
5724,Paytm,Slow refunds and poor support,1
5725,CRED,Failed transactions and money deducted,2
5726,SBI YONO,Transaction failed due to bank server down,1
5727,Paytm,Transaction failed due to bank server down,1
5728,Paytm,UPI server delay error,1
5729,CRED,Failed transactions and money deducted,3
5730,SBI YONO,Transaction failed due to bank server down,1
5731,GPay,Slow refunds and poor support,3
5732,CRED,App freezes during payment,2
5733,CRED,App freezes during payment,3
5734,Paytm,App freezes during payment,2
5735,PhonePe,UPI server delay error,1
5736,CRED,App freezes during payment,3
5737,PhonePe,App freezes during payment,2
5738,CRED,App freezes during payment,2
5739,CRED,App freezes during payment,1
5740,Paytm,Failed transactions and money deducted,1
5741,PhonePe,Transaction failed due to bank server down,2
5742,CRED,UPI server delay error,3
5743,SBI YONO,Slow refunds and poor support,1
5744,GPay,UPI server delay error,3
5745,CRED,Slow refunds and poor support,1
5746,Paytm,Failed transactions and money deducted,1
5747,SBI YONO,Slow refunds and poor support,1
5748,GPay,App freezes during payment,2
5749,PhonePe,Slow refunds and poor support,2
5750,SBI YONO,Slow refunds and poor support,3
5751,CRED,Failed transactions and money deducted,3
5752,Paytm,Failed transactions and money deducted,3
5753,SBI YONO,UPI server delay error,1
5754,CRED,Failed transactions and money deducted,1
5755,GPay,Failed transactions and money deducted,3
5756,Paytm,Slow refunds and poor support,2
5757,Paytm,Slow refunds and poor support,1
5758,GPay,Slow refunds and poor support,3
5759,Paytm,Slow refunds and poor support,3
5760,CRED,Transaction failed due to bank server down,2
5761,GPay,UPI server delay error,3
5762,PhonePe,App freezes during payment,3
5763,PhonePe,Failed transactions and money deducted,1
5764,PhonePe,UPI server delay error,2
5765,CRED,Slow refunds and poor support,3
5766,Paytm,Slow refunds and poor support,1
5767,GPay,Failed transactions and money deducted,2
5768,Paytm,Slow refunds and poor support,2
5769,Paytm,Transaction failed due to bank server down,3
5770,Paytm,Transaction failed due to bank server down,2
5771,GPay,App freezes during payment,1
5772,CRED,Transaction failed due to bank server down,1
5773,Paytm,Slow refunds and poor support,3
5774,PhonePe,Failed transactions and money deducted,3
5775,GPay,Transaction failed due to bank server down,1
5776,GPay,Failed transactions and money deducted,1
5777,SBI YONO,Slow refunds and poor support,3
5778,CRED,Failed transactions and money deducted,1
5779,GPay,Transaction failed due to bank server down,1
5780,GPay,Slow refunds and poor support,1
5781,SBI YONO,Slow refunds and poor support,2
5782,CRED,UPI server delay error,3
5783,Paytm,Slow refunds and poor support,1
5784,SBI YONO,Failed transactions and money deducted,1
5785,SBI YONO,App freezes during payment,3
5786,SBI YONO,UPI server delay error,1
5787,PhonePe,Transaction failed due to bank server down,2
5788,CRED,Transaction failed due to bank server down,3
5789,SBI YONO,Transaction failed due to bank server down,3
5790,PhonePe,Slow refunds and poor support,2
5791,PhonePe,App freezes during payment,1
5792,GPay,Transaction failed due to bank server down,2
5793,SBI YONO,Transaction failed due to bank server down,3
5794,CRED,Transaction failed due to bank server down,1
5795,CRED,UPI server delay error,3
5796,GPay,Failed transactions and money deducted,3
5797,PhonePe,Slow refunds and poor support,3
5798,GPay,Failed transactions and money deducted,3
5799,SBI YONO,Transaction failed due to bank server down,2
5800,CRED,Failed transactions and money deducted,1
5801,GPay,UPI server delay error,3
5802,PhonePe,Failed transactions and money deducted,2
5803,GPay,App freezes during payment,1
5804,GPay,Failed transactions and money deducted,2
5805,SBI YONO,Slow refunds and poor support,3
5806,CRED,Failed transactions and money deducted,2
5807,GPay,Failed transactions and money deducted,1
5808,SBI YONO,Slow refunds and poor support,3
5809,GPay,Transaction failed due to bank server down,1
5810,GPay,UPI server delay error,3
5811,SBI YONO,UPI server delay error,3
5812,SBI YONO,Transaction failed due to bank server down,3
5813,Paytm,UPI server delay error,3
5814,Paytm,Slow refunds and poor support,2
5815,Paytm,Transaction failed due to bank server down,2
5816,PhonePe,Transaction failed due to bank server down,3
5817,GPay,App freezes during payment,3
5818,Paytm,Slow refunds and poor support,3
5819,PhonePe,UPI server delay error,1
5820,GPay,UPI server delay error,3
5821,CRED,App freezes during payment,1
5822,GPay,App freezes during payment,2
5823,CRED,Slow refunds and poor support,2
5824,SBI YONO,Transaction failed due to bank server down,1
5825,CRED,Slow refunds and poor support,1
5826,CRED,UPI server delay error,1
5827,Paytm,Failed transactions and money deducted,2
5828,Paytm,Transaction failed due to bank server down,2
5829,PhonePe,UPI server delay error,2
5830,CRED,App freezes during payment,3
5831,Paytm,Slow refunds and poor support,1
5832,SBI YONO,App freezes during payment,2
5833,Paytm,App freezes during payment,2
5834,PhonePe,UPI server delay error,2
5835,SBI YONO,Transaction failed due to bank server down,1
5836,CRED,UPI server delay error,1
5837,CRED,Failed transactions and money deducted,1
5838,CRED,Transaction failed due to bank server down,1
5839,GPay,Slow refunds and poor support,3
5840,SBI YONO,Slow refunds and poor support,3
5841,SBI YONO,Slow refunds and poor support,1
5842,Paytm,UPI server delay error,2
5843,CRED,Failed transactions and money deducted,1
5844,GPay,UPI server delay error,1
5845,CRED,Transaction failed due to bank server down,2
5846,GPay,Slow refunds and poor support,2
5847,Paytm,Transaction failed due to bank server down,2
5848,CRED,UPI server delay error,1
5849,CRED,Slow refunds and poor support,3
5850,SBI YONO,Slow refunds and poor support,3
5851,CRED,App freezes during payment,1
5852,GPay,Transaction failed due to bank server down,2
5853,SBI YONO,UPI server delay error,1
5854,SBI YONO,Transaction failed due to bank server down,1
5855,SBI YONO,Transaction failed due to bank server down,1
5856,PhonePe,Slow refunds and poor support,3
5857,Paytm,App freezes during payment,2
5858,CRED,UPI server delay error,3
5859,PhonePe,App freezes during payment,1
5860,PhonePe,Slow refunds and poor support,3
5861,SBI YONO,Failed transactions and money deducted,3
5862,PhonePe,App freezes during payment,2
5863,CRED,Slow refunds and poor support,1
5864,SBI YONO,App freezes during payment,3
5865,SBI YONO,UPI server delay error,3
5866,GPay,Failed transactions and money deducted,3
5867,CRED,Slow refunds and poor support,3
5868,GPay,Failed transactions and money deducted,1
5869,SBI YONO,Transaction failed due to bank server down,3
5870,CRED,Transaction failed due to bank server down,1
5871,GPay,Failed transactions and money deducted,3
5872,SBI YONO,Failed transactions and money deducted,2
5873,PhonePe,App freezes during payment,2
5874,CRED,Failed transactions and money deducted,3
5875,PhonePe,App freezes during payment,3
5876,GPay,Transaction failed due to bank server down,3
5877,Paytm,Slow refunds and poor support,3
5878,Paytm,Transaction failed due to bank server down,3
5879,PhonePe,UPI server delay error,1
5880,PhonePe,Transaction failed due to bank server down,2
5881,PhonePe,UPI server delay error,2
5882,CRED,Failed transactions and money deducted,3
5883,PhonePe,UPI server delay error,1
5884,CRED,Failed transactions and money deducted,1
5885,PhonePe,App freezes during payment,1
5886,GPay,UPI server delay error,2
5887,GPay,App freezes during payment,3
5888,PhonePe,Slow refunds and poor support,1
5889,PhonePe,App freezes during payment,3
5890,PhonePe,Transaction failed due to bank server down,3
5891,PhonePe,Slow refunds and poor support,1
5892,GPay,UPI server delay error,2
5893,Paytm,UPI server delay error,1
5894,Paytm,Transaction failed due to bank server down,3
5895,PhonePe,Transaction failed due to bank server down,2
5896,PhonePe,UPI server delay error,2
5897,SBI YONO,App freezes during payment,3
5898,PhonePe,Slow refunds and poor support,1
5899,GPay,Transaction failed due to bank server down,1
5900,CRED,Transaction failed due to bank server down,2
5901,Paytm,App freezes during payment,2
5902,CRED,Transaction failed due to bank server down,2
5903,SBI YONO,App freezes during payment,3
5904,CRED,Transaction failed due to bank server down,3
5905,GPay,UPI server delay error,2
5906,Paytm,Transaction failed due to bank server down,3
5907,Paytm,Transaction failed due to bank server down,2
5908,PhonePe,Failed transactions and money deducted,2
5909,GPay,UPI server delay error,1
5910,GPay,Failed transactions and money deducted,1
5911,Paytm,App freezes during payment,3
5912,Paytm,Failed transactions and money deducted,3
5913,SBI YONO,Failed transactions and money deducted,2
5914,PhonePe,Failed transactions and money deducted,1
5915,CRED,Failed transactions and money deducted,3
5916,Paytm,Slow refunds and poor support,1
5917,SBI YONO,UPI server delay error,2
5918,CRED,Transaction failed due to bank server down,2
5919,Paytm,Failed transactions and money deducted,1
5920,PhonePe,App freezes during payment,3
5921,Paytm,App freezes during payment,2
5922,SBI YONO,Slow refunds and poor support,2
5923,Paytm,Failed transactions and money deducted,1
5924,CRED,Failed transactions and money deducted,1
5925,Paytm,Failed transactions and money deducted,3
5926,SBI YONO,UPI server delay error,2
5927,CRED,UPI server delay error,1
5928,CRED,Failed transactions and money deducted,2
5929,GPay,Transaction failed due to bank server down,2
5930,SBI YONO,UPI server delay error,2
5931,SBI YONO,App freezes during payment,1
5932,CRED,App freezes during payment,2
5933,PhonePe,App freezes during payment,3
5934,CRED,App freezes during payment,2
5935,Paytm,Transaction failed due to bank server down,2
5936,GPay,Slow refunds and poor support,2
5937,SBI YONO,Transaction failed due to bank server down,1
5938,SBI YONO,Transaction failed due to bank server down,2
5939,SBI YONO,UPI server delay error,3
5940,PhonePe,Failed transactions and money deducted,3
5941,Paytm,UPI server delay error,2
5942,PhonePe,App freezes during payment,2
5943,PhonePe,Slow refunds and poor support,1
5944,PhonePe,Slow refunds and poor support,2
5945,GPay,Failed transactions and money deducted,1
5946,CRED,Failed transactions and money deducted,2
5947,PhonePe,Slow refunds and poor support,1
5948,Paytm,UPI server delay error,1
5949,Paytm,Failed transactions and money deducted,1
5950,SBI YONO,App freezes during payment,3
5951,SBI YONO,App freezes during payment,1
5952,CRED,Slow refunds and poor support,1
5953,PhonePe,Slow refunds and poor support,3
5954,SBI YONO,Slow refunds and poor support,2
5955,Paytm,Transaction failed due to bank server down,3
5956,GPay,UPI server delay error,2
5957,CRED,App freezes during payment,2
5958,GPay,Slow refunds and poor support,3
5959,GPay,Slow refunds and poor support,2
5960,PhonePe,UPI server delay error,3
5961,Paytm,Slow refunds and poor support,1
5962,CRED,Transaction failed due to bank server down,3
5963,PhonePe,Slow refunds and poor support,3
5964,SBI YONO,Failed transactions and money deducted,1
5965,Paytm,App freezes during payment,2
5966,GPay,Transaction failed due to bank server down,2
5967,PhonePe,UPI server delay error,3
5968,CRED,App freezes during payment,1
5969,PhonePe,App freezes during payment,1
5970,SBI YONO,UPI server delay error,3
5971,CRED,Transaction failed due to bank server down,3
5972,PhonePe,UPI server delay error,2
5973,PhonePe,Transaction failed due to bank server down,2
5974,Paytm,Failed transactions and money deducted,2
5975,Paytm,App freezes during payment,2
5976,PhonePe,Failed transactions and money deducted,1
5977,PhonePe,UPI server delay error,2
5978,PhonePe,UPI server delay error,1
5979,SBI YONO,Transaction failed due to bank server down,1
5980,CRED,Slow refunds and poor support,1
5981,GPay,Transaction failed due to bank server down,2
5982,Paytm,Slow refunds and poor support,1
5983,SBI YONO,App freezes during payment,3
5984,Paytm,UPI server delay error,2
5985,PhonePe,UPI server delay error,3
5986,PhonePe,App freezes during payment,3
5987,Paytm,Transaction failed due to bank server down,2
5988,GPay,Transaction failed due to bank server down,1
5989,Paytm,Slow refunds and poor support,2
5990,SBI YONO,App freezes during payment,3
5991,PhonePe,Slow refunds and poor support,3
5992,GPay,Failed transactions and money deducted,1
5993,CRED,Slow refunds and poor support,2
5994,GPay,Transaction failed due to bank server down,1
5995,PhonePe,Slow refunds and poor support,1
5996,CRED,App freezes during payment,2
5997,SBI YONO,Slow refunds and poor support,2
5998,PhonePe,App freezes during payment,2
5999,SBI YONO,App freezes during payment,3
6000,SBI YONO,UPI server delay error,2
6001,CRED,Transaction failed due to bank server down,1
6002,GPay,App freezes during payment,3
6003,SBI YONO,Failed transactions and money deducted,3
6004,SBI YONO,Transaction failed due to bank server down,1
6005,Paytm,Transaction failed due to bank server down,1
6006,CRED,App freezes during payment,3
6007,SBI YONO,App freezes during payment,2
6008,CRED,Failed transactions and money deducted,3
6009,Paytm,Failed transactions and money deducted,1
6010,CRED,Slow refunds and poor support,1
6011,SBI YONO,UPI server delay error,3
6012,SBI YONO,UPI server delay error,1
6013,SBI YONO,Transaction failed due to bank server down,2
6014,Paytm,Failed transactions and money deducted,3
6015,Paytm,Transaction failed due to bank server down,1
6016,Paytm,Failed transactions and money deducted,3
6017,CRED,App freezes during payment,1
6018,PhonePe,UPI server delay error,3
6019,GPay,Transaction failed due to bank server down,3
6020,CRED,App freezes during payment,1
6021,PhonePe,Slow refunds and poor support,3
6022,CRED,Failed transactions and money deducted,3
6023,Paytm,UPI server delay error,2
6024,CRED,App freezes during payment,1
6025,CRED,App freezes during payment,1
6026,GPay,Transaction failed due to bank server down,2
6027,CRED,Slow refunds and poor support,2
6028,PhonePe,Failed transactions and money deducted,2
6029,SBI YONO,App freezes during payment,3
6030,CRED,UPI server delay error,2
6031,Paytm,Transaction failed due to bank server down,2
6032,PhonePe,Slow refunds and poor support,3
6033,Paytm,Slow refunds and poor support,3
6034,PhonePe,Failed transactions and money deducted,2
6035,Paytm,App freezes during payment,1
6036,Paytm,Slow refunds and poor support,3
6037,Paytm,App freezes during payment,2
6038,PhonePe,UPI server delay error,1
6039,CRED,Slow refunds and poor support,1
6040,GPay,Transaction failed due to bank server down,1
6041,Paytm,App freezes during payment,1
6042,SBI YONO,UPI server delay error,3
6043,Paytm,Transaction failed due to bank server down,3
6044,PhonePe,UPI server delay error,1
6045,SBI YONO,UPI server delay error,3
6046,SBI YONO,UPI server delay error,3
6047,SBI YONO,Slow refunds and poor support,1
6048,GPay,Failed transactions and money deducted,1
6049,SBI YONO,Failed transactions and money deducted,3
6050,Paytm,Failed transactions and money deducted,3
6051,GPay,Failed transactions and money deducted,1
6052,PhonePe,Transaction failed due to bank server down,2
6053,Paytm,App freezes during payment,1
6054,CRED,App freezes during payment,1
6055,SBI YONO,UPI server delay error,3
6056,PhonePe,App freezes during payment,3
6057,GPay,App freezes during payment,2
6058,CRED,Transaction failed due to bank server down,2
6059,Paytm,App freezes during payment,1
6060,Paytm,UPI server delay error,2
6061,CRED,Slow refunds and poor support,2
6062,GPay,Failed transactions and money deducted,2
6063,CRED,Slow refunds and poor support,3
6064,Paytm,Transaction failed due to bank server down,2
6065,GPay,UPI server delay error,2
6066,PhonePe,Slow refunds and poor support,2
6067,Paytm,Transaction failed due to bank server down,3
6068,SBI YONO,Transaction failed due to bank server down,1
6069,CRED,Slow refunds and poor support,1
6070,Paytm,Failed transactions and money deducted,2
6071,SBI YONO,Slow refunds and poor support,2
6072,Paytm,Failed transactions and money deducted,2
6073,PhonePe,Failed transactions and money deducted,1
6074,PhonePe,Failed transactions and money deducted,3
6075,Paytm,Failed transactions and money deducted,1
6076,SBI YONO,Slow refunds and poor support,3
6077,SBI YONO,Transaction failed due to bank server down,3
6078,SBI YONO,Slow refunds and poor support,2
6079,PhonePe,Failed transactions and money deducted,1
6080,PhonePe,Slow refunds and poor support,3
6081,SBI YONO,Failed transactions and money deducted,2
6082,Paytm,App freezes during payment,3
6083,PhonePe,Failed transactions and money deducted,3
6084,Paytm,App freezes during payment,1
6085,GPay,Failed transactions and money deducted,3
6086,GPay,App freezes during payment,1
6087,GPay,Slow refunds and poor support,3
6088,PhonePe,Transaction failed due to bank server down,2
6089,Paytm,Slow refunds and poor support,2
6090,CRED,Slow refunds and poor support,2
6091,Paytm,Failed transactions and money deducted,3
6092,Paytm,Failed transactions and money deducted,1
6093,GPay,Slow refunds and poor support,3
6094,PhonePe,Transaction failed due to bank server down,1
6095,PhonePe,App freezes during payment,1
6096,PhonePe,Slow refunds and poor support,1
6097,Paytm,Failed transactions and money deducted,2
6098,CRED,App freezes during payment,3
6099,CRED,Transaction failed due to bank server down,2
6100,SBI YONO,UPI server delay error,3
6101,GPay,App freezes during payment,3
6102,PhonePe,App freezes during payment,2
6103,CRED,Slow refunds and poor support,2
6104,PhonePe,UPI server delay error,2
6105,CRED,App freezes during payment,2
6106,SBI YONO,App freezes during payment,2
6107,GPay,Transaction failed due to bank server down,2
6108,Paytm,Transaction failed due to bank server down,2
6109,PhonePe,Transaction failed due to bank server down,2
6110,SBI YONO,App freezes during payment,1
6111,GPay,Slow refunds and poor support,3
6112,PhonePe,Transaction failed due to bank server down,2
6113,PhonePe,Failed transactions and money deducted,2
6114,CRED,Failed transactions and money deducted,1
6115,CRED,Failed transactions and money deducted,3
6116,SBI YONO,Failed transactions and money deducted,1
6117,SBI YONO,UPI server delay error,1
6118,GPay,Slow refunds and poor support,2
6119,GPay,Slow refunds and poor support,1
6120,CRED,UPI server delay error,3
6121,PhonePe,Failed transactions and money deducted,3
6122,Paytm,Transaction failed due to bank server down,1
6123,Paytm,App freezes during payment,2
6124,SBI YONO,Failed transactions and money deducted,3
6125,CRED,UPI server delay error,3
6126,Paytm,Failed transactions and money deducted,2
6127,PhonePe,UPI server delay error,2
6128,GPay,Slow refunds and poor support,1
6129,PhonePe,Slow refunds and poor support,2
6130,SBI YONO,Transaction failed due to bank server down,1
6131,PhonePe,Failed transactions and money deducted,1
6132,CRED,Transaction failed due to bank server down,2
6133,CRED,App freezes during payment,2
6134,GPay,Slow refunds and poor support,3
6135,CRED,UPI server delay error,3
6136,GPay,Transaction failed due to bank server down,3
6137,Paytm,Slow refunds and poor support,2
6138,Paytm,Failed transactions and money deducted,3
6139,PhonePe,Slow refunds and poor support,2
6140,Paytm,Failed transactions and money deducted,1
6141,GPay,Failed transactions and money deducted,1
6142,PhonePe,App freezes during payment,1
6143,Paytm,UPI server delay error,1
6144,GPay,UPI server delay error,3
6145,CRED,Transaction failed due to bank server down,3
6146,SBI YONO,UPI server delay error,2
6147,SBI YONO,Slow refunds and poor support,1
6148,SBI YONO,Failed transactions and money deducted,3
6149,PhonePe,App freezes during payment,2
6150,Paytm,Slow refunds and poor support,3
6151,PhonePe,App freezes during payment,3
6152,PhonePe,App freezes during payment,3
6153,SBI YONO,Transaction failed due to bank server down,2
6154,Paytm,Slow refunds and poor support,1
6155,PhonePe,Slow refunds and poor support,1
6156,Paytm,App freezes during payment,1
6157,PhonePe,App freezes during payment,1
6158,PhonePe,UPI server delay error,3
6159,Paytm,UPI server delay error,1
6160,CRED,Transaction failed due to bank server down,2
6161,GPay,Failed transactions and money deducted,3
6162,CRED,Slow refunds and poor support,1
6163,GPay,Transaction failed due to bank server down,1
6164,GPay,UPI server delay error,2
6165,CRED,Transaction failed due to bank server down,2
6166,Paytm,UPI server delay error,1
6167,Paytm,Slow refunds and poor support,2
6168,Paytm,Transaction failed due to bank server down,1
6169,PhonePe,Failed transactions and money deducted,2
6170,SBI YONO,App freezes during payment,2
6171,Paytm,App freezes during payment,3
6172,PhonePe,Failed transactions and money deducted,3
6173,Paytm,UPI server delay error,1
6174,GPay,UPI server delay error,1
6175,SBI YONO,App freezes during payment,1
6176,PhonePe,Failed transactions and money deducted,1
6177,SBI YONO,App freezes during payment,3
6178,CRED,App freezes during payment,2
6179,CRED,UPI server delay error,2
6180,SBI YONO,App freezes during payment,2
6181,Paytm,UPI server delay error,2
6182,PhonePe,Transaction failed due to bank server down,1
6183,SBI YONO,Slow refunds and poor support,2
6184,Paytm,Transaction failed due to bank server down,1
6185,PhonePe,Failed transactions and money deducted,1
6186,PhonePe,UPI server delay error,1
6187,CRED,Slow refunds and poor support,1
6188,PhonePe,Transaction failed due to bank server down,1
6189,Paytm,App freezes during payment,2
6190,CRED,App freezes during payment,3
6191,PhonePe,UPI server delay error,3
6192,SBI YONO,Failed transactions and money deducted,1
6193,PhonePe,App freezes during payment,1
6194,SBI YONO,Transaction failed due to bank server down,2
6195,PhonePe,Slow refunds and poor support,3
6196,Paytm,Transaction failed due to bank server down,1
6197,Paytm,Failed transactions and money deducted,3
6198,CRED,Failed transactions and money deducted,1
6199,SBI YONO,Slow refunds and poor support,3
6200,SBI YONO,Transaction failed due to bank server down,3
6201,GPay,Slow refunds and poor support,2
6202,Paytm,Slow refunds and poor support,2
6203,PhonePe,Transaction failed due to bank server down,2
6204,CRED,Slow refunds and poor support,2
6205,PhonePe,App freezes during payment,1
6206,GPay,Failed transactions and money deducted,2
6207,CRED,App freezes during payment,1
6208,SBI YONO,UPI server delay error,3
6209,SBI YONO,App freezes during payment,2
6210,PhonePe,App freezes during payment,3
6211,GPay,App freezes during payment,1
6212,GPay,Failed transactions and money deducted,2
6213,Paytm,Slow refunds and poor support,3
6214,SBI YONO,Slow refunds and poor support,3
6215,CRED,Slow refunds and poor support,2
6216,Paytm,UPI server delay error,2
6217,GPay,Transaction failed due to bank server down,3
6218,CRED,Failed transactions and money deducted,1
6219,GPay,App freezes during payment,2
6220,SBI YONO,Transaction failed due to bank server down,3
6221,Paytm,Failed transactions and money deducted,2
6222,GPay,Slow refunds and poor support,1
6223,SBI YONO,Transaction failed due to bank server down,2
6224,CRED,Transaction failed due to bank server down,2
6225,PhonePe,Failed transactions and money deducted,1
6226,GPay,Failed transactions and money deducted,1
6227,CRED,UPI server delay error,2
6228,SBI YONO,App freezes during payment,2
6229,PhonePe,Transaction failed due to bank server down,2
6230,SBI YONO,App freezes during payment,2
6231,CRED,Failed transactions and money deducted,3
6232,CRED,Slow refunds and poor support,2
6233,PhonePe,Slow refunds and poor support,1
6234,PhonePe,App freezes during payment,1
6235,GPay,Failed transactions and money deducted,2
6236,Paytm,UPI server delay error,1
6237,GPay,Transaction failed due to bank server down,1
6238,Paytm,Failed transactions and money deducted,2
6239,SBI YONO,Failed transactions and money deducted,1
6240,PhonePe,Failed transactions and money deducted,3
6241,CRED,UPI server delay error,2
6242,Paytm,Failed transactions and money deducted,3
6243,PhonePe,Slow refunds and poor support,3
6244,SBI YONO,UPI server delay error,3
6245,CRED,Failed transactions and money deducted,2
6246,Paytm,Failed transactions and money deducted,1
6247,Paytm,Transaction failed due to bank server down,1
6248,CRED,Slow refunds and poor support,3
6249,SBI YONO,Slow refunds and poor support,3
6250,CRED,Transaction failed due to bank server down,2
6251,GPay,Slow refunds and poor support,3
6252,CRED,Slow refunds and poor support,2
6253,Paytm,App freezes during payment,3
6254,Paytm,Transaction failed due to bank server down,1
6255,CRED,App freezes during payment,2
6256,PhonePe,UPI server delay error,3
6257,PhonePe,UPI server delay error,3
6258,SBI YONO,App freezes during payment,1
6259,PhonePe,Failed transactions and money deducted,1
6260,PhonePe,Slow refunds and poor support,3
6261,SBI YONO,Slow refunds and poor support,3
6262,SBI YONO,Failed transactions and money deducted,2
6263,Paytm,Slow refunds and poor support,1
6264,PhonePe,App freezes during payment,2
6265,PhonePe,Slow refunds and poor support,2
6266,CRED,Slow refunds and poor support,3
6267,Paytm,UPI server delay error,2
6268,CRED,UPI server delay error,2
6269,PhonePe,Transaction failed due to bank server down,2
6270,Paytm,Slow refunds and poor support,1
6271,CRED,Slow refunds and poor support,2
6272,CRED,Transaction failed due to bank server down,3
6273,GPay,Transaction failed due to bank server down,1
6274,SBI YONO,Slow refunds and poor support,2
6275,PhonePe,UPI server delay error,3
6276,SBI YONO,Failed transactions and money deducted,3
6277,Paytm,App freezes during payment,3
6278,GPay,Transaction failed due to bank server down,3
6279,Paytm,UPI server delay error,3
6280,GPay,Slow refunds and poor support,1
6281,PhonePe,UPI server delay error,2
6282,Paytm,Slow refunds and poor support,3
6283,CRED,Slow refunds and poor support,3
6284,Paytm,UPI server delay error,3
6285,PhonePe,UPI server delay error,2
6286,GPay,Failed transactions and money deducted,1
6287,CRED,UPI server delay error,3
6288,SBI YONO,Failed transactions and money deducted,1
6289,SBI YONO,Transaction failed due to bank server down,1
6290,PhonePe,Slow refunds and poor support,1
6291,SBI YONO,UPI server delay error,2
6292,PhonePe,Failed transactions and money deducted,2
6293,GPay,App freezes during payment,1
6294,PhonePe,Transaction failed due to bank server down,3
6295,PhonePe,UPI server delay error,2
6296,SBI YONO,UPI server delay error,3
6297,GPay,App freezes during payment,3
6298,Paytm,Transaction failed due to bank server down,2
6299,Paytm,Slow refunds and poor support,2
6300,PhonePe,UPI server delay error,3
6301,GPay,UPI server delay error,3
6302,CRED,Transaction failed due to bank server down,2
6303,SBI YONO,App freezes during payment,2
6304,SBI YONO,UPI server delay error,1
6305,Paytm,Slow refunds and poor support,3
6306,SBI YONO,Transaction failed due to bank server down,3
6307,PhonePe,UPI server delay error,3
6308,GPay,Transaction failed due to bank server down,3
6309,GPay,Transaction failed due to bank server down,2
6310,CRED,UPI server delay error,3
6311,GPay,Slow refunds and poor support,1
6312,SBI YONO,Slow refunds and poor support,3
6313,CRED,UPI server delay error,3
6314,Paytm,Failed transactions and money deducted,1
6315,Paytm,Transaction failed due to bank server down,3
6316,Paytm,UPI server delay error,1
6317,CRED,UPI server delay error,3
6318,PhonePe,App freezes during payment,2
6319,SBI YONO,Slow refunds and poor support,3
6320,PhonePe,Slow refunds and poor support,2
6321,PhonePe,Transaction failed due to bank server down,3
6322,PhonePe,UPI server delay error,3
6323,PhonePe,Slow refunds and poor support,1
6324,GPay,UPI server delay error,3
6325,Paytm,Slow refunds and poor support,2
6326,PhonePe,Failed transactions and money deducted,1
6327,Paytm,Failed transactions and money deducted,3
6328,GPay,UPI server delay error,2
6329,Paytm,UPI server delay error,3
6330,CRED,App freezes during payment,3
6331,GPay,App freezes during payment,2
6332,SBI YONO,UPI server delay error,2
6333,CRED,App freezes during payment,2
6334,GPay,UPI server delay error,2
6335,GPay,Failed transactions and money deducted,1
6336,PhonePe,UPI server delay error,3
6337,Paytm,Transaction failed due to bank server down,3
6338,GPay,App freezes during payment,2
6339,GPay,Failed transactions and money deducted,1
6340,GPay,Transaction failed due to bank server down,2
6341,SBI YONO,App freezes during payment,3
6342,GPay,UPI server delay error,1
6343,PhonePe,UPI server delay error,2
6344,PhonePe,App freezes during payment,1
6345,CRED,Slow refunds and poor support,1
6346,Paytm,Failed transactions and money deducted,3
6347,GPay,Transaction failed due to bank server down,1
6348,PhonePe,Failed transactions and money deducted,1
6349,PhonePe,Failed transactions and money deducted,3
6350,Paytm,App freezes during payment,2
6351,SBI YONO,Slow refunds and poor support,2
6352,CRED,App freezes during payment,1
6353,CRED,Transaction failed due to bank server down,1
6354,CRED,Failed transactions and money deducted,3
6355,CRED,Failed transactions and money deducted,3
6356,Paytm,App freezes during payment,3
6357,Paytm,App freezes during payment,1
6358,PhonePe,Failed transactions and money deducted,3
6359,SBI YONO,App freezes during payment,3
6360,SBI YONO,Transaction failed due to bank server down,1
6361,CRED,Transaction failed due to bank server down,1
6362,Paytm,Failed transactions and money deducted,1
6363,SBI YONO,Failed transactions and money deducted,1
6364,GPay,App freezes during payment,2
6365,CRED,Failed transactions and money deducted,2
6366,Paytm,Transaction failed due to bank server down,1
6367,CRED,App freezes during payment,2
6368,SBI YONO,Slow refunds and poor support,1
6369,SBI YONO,Failed transactions and money deducted,1
6370,Paytm,Failed transactions and money deducted,2
6371,Paytm,Slow refunds and poor support,2
6372,PhonePe,Slow refunds and poor support,3
6373,GPay,App freezes during payment,1
6374,SBI YONO,Transaction failed due to bank server down,3
6375,PhonePe,Slow refunds and poor support,3
6376,PhonePe,Slow refunds and poor support,3
6377,Paytm,Transaction failed due to bank server down,1
6378,CRED,Transaction failed due to bank server down,1
6379,GPay,Transaction failed due to bank server down,2
6380,PhonePe,Failed transactions and money deducted,2
6381,CRED,UPI server delay error,3
6382,PhonePe,UPI server delay error,1
6383,CRED,UPI server delay error,2
6384,SBI YONO,App freezes during payment,1
6385,CRED,Failed transactions and money deducted,1
6386,PhonePe,UPI server delay error,1
6387,SBI YONO,App freezes during payment,3
6388,SBI YONO,Slow refunds and poor support,1
6389,SBI YONO,Slow refunds and poor support,3
6390,Paytm,UPI server delay error,1
6391,SBI YONO,UPI server delay error,1
6392,Paytm,Failed transactions and money deducted,2
6393,GPay,App freezes during payment,1
6394,PhonePe,Slow refunds and poor support,2
6395,Paytm,App freezes during payment,3
6396,PhonePe,UPI server delay error,3
6397,CRED,Transaction failed due to bank server down,1
6398,PhonePe,Transaction failed due to bank server down,2
6399,SBI YONO,Slow refunds and poor support,3
6400,PhonePe,Transaction failed due to bank server down,1
6401,CRED,Slow refunds and poor support,2
6402,SBI YONO,Slow refunds and poor support,1
6403,CRED,App freezes during payment,2
6404,CRED,Transaction failed due to bank server down,2
6405,SBI YONO,UPI server delay error,2
6406,Paytm,App freezes during payment,3
6407,PhonePe,Failed transactions and money deducted,1
6408,SBI YONO,Failed transactions and money deducted,1
6409,Paytm,Slow refunds and poor support,2
6410,PhonePe,Failed transactions and money deducted,1
6411,GPay,Transaction failed due to bank server down,2
6412,GPay,App freezes during payment,2
6413,PhonePe,UPI server delay error,2
6414,SBI YONO,Slow refunds and poor support,3
6415,PhonePe,Failed transactions and money deducted,2
6416,SBI YONO,Slow refunds and poor support,3
6417,SBI YONO,Slow refunds and poor support,1
6418,PhonePe,App freezes during payment,1
6419,PhonePe,App freezes during payment,2
6420,Paytm,App freezes during payment,2
6421,SBI YONO,UPI server delay error,3
6422,SBI YONO,Failed transactions and money deducted,2
6423,GPay,Transaction failed due to bank server down,1
6424,SBI YONO,Failed transactions and money deducted,2
6425,Paytm,Slow refunds and poor support,3
6426,PhonePe,Transaction failed due to bank server down,1
6427,CRED,App freezes during payment,1
6428,SBI YONO,Failed transactions and money deducted,3
6429,SBI YONO,Slow refunds and poor support,3
6430,Paytm,Transaction failed due to bank server down,3
6431,GPay,Transaction failed due to bank server down,2
6432,GPay,Slow refunds and poor support,1
6433,SBI YONO,UPI server delay error,3
6434,GPay,App freezes during payment,3
6435,PhonePe,App freezes during payment,1
6436,GPay,Slow refunds and poor support,1
6437,CRED,Slow refunds and poor support,1
6438,SBI YONO,UPI server delay error,2
6439,CRED,Transaction failed due to bank server down,1
6440,PhonePe,UPI server delay error,2
6441,Paytm,Failed transactions and money deducted,1
6442,Paytm,Slow refunds and poor support,1
6443,Paytm,Slow refunds and poor support,3
6444,SBI YONO,Failed transactions and money deducted,2
6445,CRED,Failed transactions and money deducted,3
6446,PhonePe,UPI server delay error,3
6447,GPay,Slow refunds and poor support,2
6448,SBI YONO,Transaction failed due to bank server down,1
6449,PhonePe,Failed transactions and money deducted,3
6450,PhonePe,Slow refunds and poor support,1
6451,PhonePe,Failed transactions and money deducted,1
6452,GPay,UPI server delay error,3
6453,PhonePe,Transaction failed due to bank server down,3
6454,SBI YONO,App freezes during payment,3
6455,GPay,Failed transactions and money deducted,2
6456,CRED,Failed transactions and money deducted,1
6457,PhonePe,Failed transactions and money deducted,2
6458,SBI YONO,UPI server delay error,3
6459,Paytm,Transaction failed due to bank server down,3
6460,SBI YONO,Transaction failed due to bank server down,1
6461,Paytm,App freezes during payment,1
6462,GPay,App freezes during payment,3
6463,PhonePe,Transaction failed due to bank server down,3
6464,PhonePe,Failed transactions and money deducted,2
6465,Paytm,Failed transactions and money deducted,3
6466,SBI YONO,Transaction failed due to bank server down,2
6467,CRED,UPI server delay error,2
6468,Paytm,Transaction failed due to bank server down,3
6469,PhonePe,Failed transactions and money deducted,2
6470,Paytm,Transaction failed due to bank server down,1
6471,PhonePe,UPI server delay error,1
6472,GPay,Slow refunds and poor support,1
6473,SBI YONO,Failed transactions and money deducted,3
6474,SBI YONO,App freezes during payment,3
6475,Paytm,App freezes during payment,2
6476,CRED,Transaction failed due to bank server down,2
6477,Paytm,Slow refunds and poor support,1
6478,PhonePe,Slow refunds and poor support,1
6479,PhonePe,Failed transactions and money deducted,3
6480,CRED,Slow refunds and poor support,2
6481,CRED,UPI server delay error,3
6482,CRED,Transaction failed due to bank server down,3
6483,CRED,Failed transactions and money deducted,3
6484,CRED,UPI server delay error,1
6485,PhonePe,App freezes during payment,1
6486,GPay,UPI server delay error,2
6487,Paytm,UPI server delay error,1
6488,SBI YONO,Slow refunds and poor support,3
6489,GPay,UPI server delay error,1
6490,Paytm,Slow refunds and poor support,3
6491,Paytm,UPI server delay error,2
6492,Paytm,Transaction failed due to bank server down,3
6493,SBI YONO,UPI server delay error,3
6494,Paytm,Slow refunds and poor support,1
6495,Paytm,Transaction failed due to bank server down,2
6496,SBI YONO,App freezes during payment,2
6497,CRED,Slow refunds and poor support,1
6498,Paytm,Failed transactions and money deducted,1
6499,CRED,Failed transactions and money deducted,2
6500,CRED,Transaction failed due to bank server down,3
6501,SBI YONO,App freezes during payment,2
6502,SBI YONO,Failed transactions and money deducted,1
6503,GPay,UPI server delay error,2
6504,PhonePe,App freezes during payment,3
6505,SBI YONO,Slow refunds and poor support,3
6506,SBI YONO,Slow refunds and poor support,3
6507,SBI YONO,Failed transactions and money deducted,2
6508,SBI YONO,Failed transactions and money deducted,1
6509,PhonePe,App freezes during payment,2
6510,GPay,App freezes during payment,3
6511,Paytm,Slow refunds and poor support,2
6512,GPay,App freezes during payment,3
6513,SBI YONO,UPI server delay error,1
6514,Paytm,Transaction failed due to bank server down,2
6515,Paytm,Transaction failed due to bank server down,1
6516,CRED,App freezes during payment,3
6517,PhonePe,UPI server delay error,3
6518,SBI YONO,App freezes during payment,1
6519,Paytm,UPI server delay error,2
6520,PhonePe,Slow refunds and poor support,3
6521,SBI YONO,Slow refunds and poor support,1
6522,SBI YONO,Transaction failed due to bank server down,1
6523,Paytm,Failed transactions and money deducted,1
6524,CRED,Slow refunds and poor support,2
6525,PhonePe,UPI server delay error,1
6526,Paytm,Transaction failed due to bank server down,1
6527,GPay,Failed transactions and money deducted,3
6528,Paytm,Failed transactions and money deducted,3
6529,GPay,Failed transactions and money deducted,1
6530,CRED,App freezes during payment,1
6531,PhonePe,Transaction failed due to bank server down,3
6532,Paytm,App freezes during payment,1
6533,GPay,UPI server delay error,3
6534,SBI YONO,Slow refunds and poor support,2
6535,CRED,App freezes during payment,3
6536,SBI YONO,UPI server delay error,3
6537,CRED,Slow refunds and poor support,2
6538,SBI YONO,Failed transactions and money deducted,1
6539,Paytm,Transaction failed due to bank server down,2
6540,SBI YONO,Failed transactions and money deducted,1
6541,PhonePe,Transaction failed due to bank server down,2
6542,PhonePe,Transaction failed due to bank server down,3
6543,SBI YONO,Slow refunds and poor support,3
6544,CRED,App freezes during payment,1
6545,PhonePe,UPI server delay error,2
6546,PhonePe,Failed transactions and money deducted,1
6547,Paytm,Slow refunds and poor support,1
6548,Paytm,Transaction failed due to bank server down,3
6549,PhonePe,UPI server delay error,2
6550,Paytm,UPI server delay error,2
6551,GPay,Transaction failed due to bank server down,1
6552,Paytm,UPI server delay error,1
6553,GPay,Slow refunds and poor support,2
6554,Paytm,Failed transactions and money deducted,3
6555,CRED,Failed transactions and money deducted,2
6556,CRED,Transaction failed due to bank server down,1
6557,PhonePe,Transaction failed due to bank server down,2
6558,Paytm,App freezes during payment,2
6559,GPay,Transaction failed due to bank server down,1
6560,SBI YONO,Failed transactions and money deducted,2
6561,CRED,App freezes during payment,1
6562,CRED,Slow refunds and poor support,2
6563,SBI YONO,Failed transactions and money deducted,2
6564,Paytm,Failed transactions and money deducted,3
6565,Paytm,Slow refunds and poor support,3
6566,Paytm,App freezes during payment,3
6567,CRED,Transaction failed due to bank server down,3
6568,Paytm,Failed transactions and money deducted,1
6569,GPay,UPI server delay error,2
6570,SBI YONO,Failed transactions and money deducted,1
6571,Paytm,Transaction failed due to bank server down,1
6572,SBI YONO,Slow refunds and poor support,2
6573,GPay,Transaction failed due to bank server down,3
6574,PhonePe,App freezes during payment,2
6575,PhonePe,Failed transactions and money deducted,3
6576,CRED,Transaction failed due to bank server down,3
6577,SBI YONO,App freezes during payment,3
6578,CRED,Transaction failed due to bank server down,2
6579,SBI YONO,Failed transactions and money deducted,1
6580,GPay,UPI server delay error,3
6581,SBI YONO,UPI server delay error,2
6582,CRED,Slow refunds and poor support,1
6583,CRED,Transaction failed due to bank server down,3
6584,Paytm,Slow refunds and poor support,2
6585,PhonePe,Failed transactions and money deducted,2
6586,CRED,Failed transactions and money deducted,3
6587,PhonePe,App freezes during payment,3
6588,PhonePe,Failed transactions and money deducted,3
6589,GPay,App freezes during payment,1
6590,SBI YONO,UPI server delay error,2
6591,PhonePe,Slow refunds and poor support,3
6592,SBI YONO,App freezes during payment,2
6593,PhonePe,Slow refunds and poor support,3
6594,GPay,Transaction failed due to bank server down,1
6595,SBI YONO,App freezes during payment,2
6596,GPay,App freezes during payment,3
6597,CRED,App freezes during payment,3
6598,GPay,Failed transactions and money deducted,1
6599,CRED,Failed transactions and money deducted,1
6600,CRED,UPI server delay error,2
6601,CRED,Slow refunds and poor support,1
6602,SBI YONO,Transaction failed due to bank server down,1
6603,PhonePe,Slow refunds and poor support,2
6604,GPay,App freezes during payment,3
6605,CRED,Transaction failed due to bank server down,3
6606,GPay,Slow refunds and poor support,2
6607,CRED,App freezes during payment,1
6608,GPay,Slow refunds and poor support,2
6609,GPay,Transaction failed due to bank server down,2
6610,SBI YONO,App freezes during payment,3
6611,PhonePe,App freezes during payment,1
6612,PhonePe,Failed transactions and money deducted,2
6613,GPay,Failed transactions and money deducted,1
6614,SBI YONO,Transaction failed due to bank server down,3
6615,Paytm,Failed transactions and money deducted,2
6616,SBI YONO,App freezes during payment,1
6617,GPay,App freezes during payment,3
6618,CRED,Slow refunds and poor support,3
6619,SBI YONO,App freezes during payment,1
6620,SBI YONO,Failed transactions and money deducted,1
6621,CRED,Failed transactions and money deducted,3
6622,CRED,Transaction failed due to bank server down,2
6623,PhonePe,Transaction failed due to bank server down,1
6624,Paytm,Slow refunds and poor support,2
6625,SBI YONO,App freezes during payment,1
6626,SBI YONO,Slow refunds and poor support,2
6627,PhonePe,Slow refunds and poor support,3
6628,Paytm,Transaction failed due to bank server down,1
6629,Paytm,Failed transactions and money deducted,1
6630,GPay,App freezes during payment,2
6631,GPay,App freezes during payment,2
6632,PhonePe,Transaction failed due to bank server down,2
6633,PhonePe,Failed transactions and money deducted,2
6634,GPay,UPI server delay error,2
6635,GPay,Transaction failed due to bank server down,3
6636,PhonePe,Slow refunds and poor support,2
6637,GPay,UPI server delay error,1
6638,GPay,UPI server delay error,1
6639,Paytm,Transaction failed due to bank server down,2
6640,SBI YONO,Slow refunds and poor support,1
6641,SBI YONO,Slow refunds and poor support,1
6642,CRED,App freezes during payment,1
6643,PhonePe,Transaction failed due to bank server down,1
6644,PhonePe,Slow refunds and poor support,1
6645,SBI YONO,UPI server delay error,3
6646,SBI YONO,UPI server delay error,1
6647,PhonePe,UPI server delay error,3
6648,CRED,UPI server delay error,3
6649,SBI YONO,UPI server delay error,1
6650,GPay,App freezes during payment,3
6651,GPay,Slow refunds and poor support,3
6652,Paytm,Slow refunds and poor support,2
6653,Paytm,App freezes during payment,3
6654,GPay,Transaction failed due to bank server down,2
6655,GPay,Transaction failed due to bank server down,2
6656,CRED,Failed transactions and money deducted,2
6657,Paytm,Transaction failed due to bank server down,1
6658,Paytm,Transaction failed due to bank server down,1
6659,SBI YONO,App freezes during payment,3
6660,CRED,Slow refunds and poor support,3
6661,PhonePe,Transaction failed due to bank server down,1
6662,Paytm,UPI server delay error,3
6663,PhonePe,UPI server delay error,1
6664,Paytm,Failed transactions and money deducted,2
6665,Paytm,Slow refunds and poor support,3
6666,CRED,Transaction failed due to bank server down,1
6667,CRED,Transaction failed due to bank server down,2
6668,PhonePe,App freezes during payment,3
6669,Paytm,App freezes during payment,2
6670,PhonePe,Transaction failed due to bank server down,3
6671,Paytm,Transaction failed due to bank server down,1
6672,Paytm,Transaction failed due to bank server down,2
6673,GPay,Slow refunds and poor support,1
6674,GPay,Transaction failed due to bank server down,1
6675,CRED,UPI server delay error,3
6676,Paytm,UPI server delay error,3
6677,PhonePe,Failed transactions and money deducted,1
6678,GPay,App freezes during payment,3
6679,GPay,Transaction failed due to bank server down,1
6680,Paytm,App freezes during payment,3
6681,PhonePe,Failed transactions and money deducted,3
6682,SBI YONO,App freezes during payment,2
6683,GPay,App freezes during payment,3
6684,Paytm,Transaction failed due to bank server down,2
6685,PhonePe,Failed transactions and money deducted,1
6686,Paytm,Slow refunds and poor support,1
6687,CRED,Slow refunds and poor support,2
6688,SBI YONO,Transaction failed due to bank server down,1
6689,CRED,Slow refunds and poor support,2
6690,PhonePe,App freezes during payment,1
6691,Paytm,App freezes during payment,3
6692,SBI YONO,Failed transactions and money deducted,1
6693,Paytm,Failed transactions and money deducted,2
6694,Paytm,Slow refunds and poor support,3
6695,GPay,Transaction failed due to bank server down,2
6696,CRED,Slow refunds and poor support,1
6697,PhonePe,Slow refunds and poor support,3
6698,Paytm,Failed transactions and money deducted,2
6699,SBI YONO,Slow refunds and poor support,3
6700,SBI YONO,Failed transactions and money deducted,2
6701,Paytm,Transaction failed due to bank server down,1
6702,Paytm,Slow refunds and poor support,2
6703,CRED,Slow refunds and poor support,1
6704,GPay,Slow refunds and poor support,3
6705,PhonePe,Failed transactions and money deducted,3
6706,CRED,App freezes during payment,3
6707,CRED,Failed transactions and money deducted,1
6708,SBI YONO,App freezes during payment,3
6709,PhonePe,App freezes during payment,2
6710,Paytm,Transaction failed due to bank server down,1
6711,PhonePe,Slow refunds and poor support,3
6712,Paytm,Slow refunds and poor support,3
6713,SBI YONO,Transaction failed due to bank server down,2
6714,SBI YONO,UPI server delay error,2
6715,PhonePe,UPI server delay error,2
6716,Paytm,Failed transactions and money deducted,1
6717,GPay,Slow refunds and poor support,1
6718,CRED,Failed transactions and money deducted,1
6719,CRED,Slow refunds and poor support,1
6720,Paytm,Transaction failed due to bank server down,3
6721,CRED,Failed transactions and money deducted,2
6722,PhonePe,Slow refunds and poor support,3
6723,Paytm,Failed transactions and money deducted,2
6724,GPay,UPI server delay error,2
6725,PhonePe,Slow refunds and poor support,3
6726,CRED,Transaction failed due to bank server down,2
6727,CRED,Transaction failed due to bank server down,1
6728,SBI YONO,App freezes during payment,1
6729,PhonePe,Failed transactions and money deducted,3
6730,PhonePe,UPI server delay error,3
6731,PhonePe,Transaction failed due to bank server down,1
6732,PhonePe,Transaction failed due to bank server down,2
6733,Paytm,App freezes during payment,1
6734,Paytm,Transaction failed due to bank server down,2
6735,GPay,UPI server delay error,3
6736,PhonePe,Transaction failed due to bank server down,3
6737,PhonePe,App freezes during payment,2
6738,Paytm,Slow refunds and poor support,3
6739,GPay,Slow refunds and poor support,3
6740,Paytm,Slow refunds and poor support,1
6741,PhonePe,Slow refunds and poor support,3
6742,SBI YONO,App freezes during payment,2
6743,SBI YONO,App freezes during payment,2
6744,PhonePe,Slow refunds and poor support,3
6745,SBI YONO,UPI server delay error,2
6746,CRED,App freezes during payment,1
6747,SBI YONO,UPI server delay error,3
6748,SBI YONO,Transaction failed due to bank server down,3
6749,PhonePe,Failed transactions and money deducted,2
6750,GPay,Failed transactions and money deducted,1
6751,PhonePe,Slow refunds and poor support,1
6752,SBI YONO,App freezes during payment,3
6753,GPay,UPI server delay error,1
6754,SBI YONO,Transaction failed due to bank server down,3
6755,CRED,Failed transactions and money deducted,1
6756,CRED,Failed transactions and money deducted,2
6757,Paytm,Failed transactions and money deducted,2
6758,CRED,App freezes during payment,1
6759,GPay,Slow refunds and poor support,3
6760,PhonePe,Slow refunds and poor support,2
6761,PhonePe,Slow refunds and poor support,2
6762,CRED,Transaction failed due to bank server down,1
6763,Paytm,App freezes during payment,2
6764,PhonePe,Slow refunds and poor support,1
6765,GPay,Transaction failed due to bank server down,2
6766,Paytm,Failed transactions and money deducted,2
6767,CRED,UPI server delay error,2
6768,PhonePe,Transaction failed due to bank server down,3
6769,CRED,App freezes during payment,2
6770,SBI YONO,Slow refunds and poor support,3
6771,GPay,Slow refunds and poor support,3
6772,GPay,Transaction failed due to bank server down,1
6773,SBI YONO,App freezes during payment,1
6774,PhonePe,Failed transactions and money deducted,3
6775,CRED,Slow refunds and poor support,1
6776,Paytm,Slow refunds and poor support,3
6777,CRED,Failed transactions and money deducted,1
6778,Paytm,Failed transactions and money deducted,2
6779,SBI YONO,App freezes during payment,2
6780,Paytm,Failed transactions and money deducted,2
6781,GPay,App freezes during payment,3
6782,CRED,Slow refunds and poor support,1
6783,CRED,Failed transactions and money deducted,1
6784,Paytm,Slow refunds and poor support,2
6785,SBI YONO,Slow refunds and poor support,3
6786,Paytm,Slow refunds and poor support,1
6787,Paytm,Failed transactions and money deducted,3
6788,CRED,UPI server delay error,1
6789,CRED,UPI server delay error,3
6790,CRED,App freezes during payment,1
6791,CRED,Slow refunds and poor support,2
6792,PhonePe,UPI server delay error,1
6793,CRED,Transaction failed due to bank server down,1
6794,GPay,UPI server delay error,3
6795,CRED,Slow refunds and poor support,2
6796,GPay,Failed transactions and money deducted,3
6797,SBI YONO,App freezes during payment,3
6798,SBI YONO,Transaction failed due to bank server down,3
6799,CRED,Slow refunds and poor support,2
6800,Paytm,Slow refunds and poor support,3
6801,PhonePe,Transaction failed due to bank server down,2
6802,CRED,Failed transactions and money deducted,2
6803,GPay,App freezes during payment,2
6804,GPay,UPI server delay error,3
6805,CRED,Slow refunds and poor support,1
6806,CRED,Transaction failed due to bank server down,1
6807,CRED,App freezes during payment,1
6808,SBI YONO,App freezes during payment,1
6809,CRED,App freezes during payment,3
6810,Paytm,UPI server delay error,1
6811,SBI YONO,Failed transactions and money deducted,1
6812,GPay,App freezes during payment,1
6813,Paytm,UPI server delay error,2
6814,GPay,Slow refunds and poor support,3
6815,PhonePe,Failed transactions and money deducted,1
6816,CRED,UPI server delay error,3
6817,GPay,App freezes during payment,3
6818,SBI YONO,Failed transactions and money deducted,3
6819,CRED,Failed transactions and money deducted,1
6820,SBI YONO,Failed transactions and money deducted,2
6821,Paytm,Transaction failed due to bank server down,1
6822,GPay,Slow refunds and poor support,2
6823,PhonePe,UPI server delay error,1
6824,SBI YONO,Slow refunds and poor support,2
6825,CRED,Failed transactions and money deducted,1
6826,GPay,Transaction failed due to bank server down,1
6827,GPay,Transaction failed due to bank server down,2
6828,Paytm,App freezes during payment,3
6829,PhonePe,Slow refunds and poor support,1
6830,CRED,Slow refunds and poor support,1
6831,PhonePe,UPI server delay error,3
6832,PhonePe,App freezes during payment,2
6833,GPay,Failed transactions and money deducted,1
6834,CRED,UPI server delay error,3
6835,GPay,Transaction failed due to bank server down,2
6836,SBI YONO,UPI server delay error,2
6837,SBI YONO,UPI server delay error,3
6838,Paytm,Slow refunds and poor support,2
6839,Paytm,Failed transactions and money deducted,1
6840,PhonePe,Slow refunds and poor support,2
6841,CRED,Failed transactions and money deducted,2
6842,GPay,Transaction failed due to bank server down,3
6843,SBI YONO,Transaction failed due to bank server down,2
6844,CRED,Transaction failed due to bank server down,3
6845,SBI YONO,Transaction failed due to bank server down,2
6846,CRED,App freezes during payment,2
6847,CRED,Slow refunds and poor support,3
6848,Paytm,Slow refunds and poor support,2
6849,SBI YONO,Slow refunds and poor support,1
6850,Paytm,UPI server delay error,1
6851,GPay,Transaction failed due to bank server down,2
6852,CRED,Failed transactions and money deducted,3
6853,Paytm,App freezes during payment,2
6854,SBI YONO,Failed transactions and money deducted,3
6855,Paytm,Failed transactions and money deducted,1
6856,Paytm,Transaction failed due to bank server down,3
6857,CRED,App freezes during payment,2
6858,SBI YONO,Transaction failed due to bank server down,3
6859,GPay,UPI server delay error,1
6860,GPay,App freezes during payment,1
6861,CRED,App freezes during payment,3
6862,SBI YONO,App freezes during payment,1
6863,Paytm,UPI server delay error,3
6864,CRED,Failed transactions and money deducted,2
6865,GPay,Transaction failed due to bank server down,2
6866,GPay,Failed transactions and money deducted,1
6867,PhonePe,Transaction failed due to bank server down,2
6868,SBI YONO,App freezes during payment,2
6869,Paytm,Slow refunds and poor support,2
6870,PhonePe,App freezes during payment,2
6871,SBI YONO,Failed transactions and money deducted,1
6872,SBI YONO,Transaction failed due to bank server down,1
6873,CRED,Failed transactions and money deducted,3
6874,PhonePe,Transaction failed due to bank server down,3
6875,PhonePe,App freezes during payment,3
6876,GPay,App freezes during payment,1
6877,Paytm,UPI server delay error,2
6878,SBI YONO,Transaction failed due to bank server down,3
6879,GPay,App freezes during payment,2
6880,SBI YONO,App freezes during payment,3
6881,SBI YONO,UPI server delay error,2
6882,Paytm,Slow refunds and poor support,3
6883,PhonePe,Transaction failed due to bank server down,1
6884,Paytm,Slow refunds and poor support,3
6885,CRED,Transaction failed due to bank server down,2
6886,Paytm,UPI server delay error,3
6887,CRED,Failed transactions and money deducted,2
6888,SBI YONO,Failed transactions and money deducted,3
6889,Paytm,App freezes during payment,3
6890,SBI YONO,Failed transactions and money deducted,3
6891,PhonePe,UPI server delay error,2
6892,SBI YONO,Slow refunds and poor support,1
6893,SBI YONO,Slow refunds and poor support,2
6894,PhonePe,UPI server delay error,1
6895,CRED,UPI server delay error,3
6896,CRED,Slow refunds and poor support,2
6897,GPay,UPI server delay error,3
6898,CRED,Failed transactions and money deducted,1
6899,PhonePe,UPI server delay error,3
6900,Paytm,App freezes during payment,1
6901,SBI YONO,UPI server delay error,2
6902,Paytm,Slow refunds and poor support,2
6903,Paytm,Transaction failed due to bank server down,2
6904,GPay,Failed transactions and money deducted,3
6905,SBI YONO,UPI server delay error,2
6906,Paytm,Slow refunds and poor support,1
6907,SBI YONO,Slow refunds and poor support,2
6908,SBI YONO,Failed transactions and money deducted,3
6909,CRED,Transaction failed due to bank server down,1
6910,Paytm,App freezes during payment,1
6911,SBI YONO,Slow refunds and poor support,2
6912,CRED,Slow refunds and poor support,3
6913,GPay,UPI server delay error,2
6914,Paytm,Failed transactions and money deducted,2
6915,Paytm,Slow refunds and poor support,1
6916,Paytm,Failed transactions and money deducted,3
6917,SBI YONO,Transaction failed due to bank server down,3
6918,SBI YONO,App freezes during payment,3
6919,CRED,Slow refunds and poor support,1
6920,CRED,Slow refunds and poor support,2
6921,PhonePe,Failed transactions and money deducted,3
6922,GPay,Slow refunds and poor support,1
6923,PhonePe,UPI server delay error,2
6924,SBI YONO,Slow refunds and poor support,2
6925,CRED,UPI server delay error,1
6926,CRED,App freezes during payment,1
6927,PhonePe,Transaction failed due to bank server down,1
6928,CRED,Failed transactions and money deducted,1
6929,Paytm,App freezes during payment,1
6930,Paytm,Failed transactions and money deducted,3
6931,Paytm,Slow refunds and poor support,1
6932,GPay,App freezes during payment,2
6933,CRED,Slow refunds and poor support,3
6934,GPay,App freezes during payment,3
6935,GPay,Slow refunds and poor support,3
6936,SBI YONO,Failed transactions and money deducted,2
6937,Paytm,Failed transactions and money deducted,3
6938,GPay,Failed transactions and money deducted,1
6939,PhonePe,Transaction failed due to bank server down,3
6940,Paytm,Failed transactions and money deducted,2
6941,CRED,Failed transactions and money deducted,1
6942,PhonePe,App freezes during payment,3
6943,SBI YONO,UPI server delay error,3
6944,CRED,App freezes during payment,2
6945,GPay,UPI server delay error,2
6946,PhonePe,Transaction failed due to bank server down,3
6947,SBI YONO,Slow refunds and poor support,2
6948,CRED,App freezes during payment,3
6949,PhonePe,UPI server delay error,3
6950,CRED,Slow refunds and poor support,3
6951,Paytm,App freezes during payment,2
6952,GPay,Failed transactions and money deducted,2
6953,SBI YONO,App freezes during payment,1
6954,CRED,Slow refunds and poor support,3
6955,PhonePe,App freezes during payment,2
6956,SBI YONO,Transaction failed due to bank server down,3
6957,Paytm,Failed transactions and money deducted,1
6958,CRED,Transaction failed due to bank server down,2
6959,Paytm,Slow refunds and poor support,3
6960,CRED,Slow refunds and poor support,2
6961,CRED,UPI server delay error,3
6962,CRED,Slow refunds and poor support,2
6963,Paytm,Failed transactions and money deducted,1
6964,GPay,App freezes during payment,3
6965,SBI YONO,Transaction failed due to bank server down,3
6966,Paytm,Slow refunds and poor support,1
6967,SBI YONO,App freezes during payment,2
6968,SBI YONO,Transaction failed due to bank server down,1
6969,CRED,Transaction failed due to bank server down,1
6970,CRED,App freezes during payment,3
6971,SBI YONO,UPI server delay error,2
6972,GPay,Failed transactions and money deducted,1
6973,Paytm,Transaction failed due to bank server down,3
6974,CRED,App freezes during payment,3
6975,Paytm,Transaction failed due to bank server down,3
6976,GPay,Failed transactions and money deducted,2
6977,GPay,Failed transactions and money deducted,1
6978,Paytm,Transaction failed due to bank server down,2
6979,SBI YONO,UPI server delay error,3
6980,Paytm,Slow refunds and poor support,3
6981,PhonePe,Slow refunds and poor support,3
6982,CRED,UPI server delay error,3
6983,PhonePe,Failed transactions and money deducted,1
6984,Paytm,Slow refunds and poor support,3
6985,Paytm,Transaction failed due to bank server down,2
6986,GPay,Transaction failed due to bank server down,2
6987,SBI YONO,App freezes during payment,3
6988,SBI YONO,Transaction failed due to bank server down,3
6989,CRED,App freezes during payment,1
6990,CRED,UPI server delay error,3
6991,CRED,Slow refunds and poor support,3
6992,Paytm,Failed transactions and money deducted,3
6993,Paytm,Slow refunds and poor support,3
6994,PhonePe,Transaction failed due to bank server down,3
6995,SBI YONO,App freezes during payment,3
6996,Paytm,UPI server delay error,3
6997,PhonePe,Slow refunds and poor support,2
6998,Paytm,UPI server delay error,3
6999,Paytm,Failed transactions and money deducted,2
7000,SBI YONO,UPI server delay error,2
7001,PhonePe,App freezes during payment,2
7002,PhonePe,UPI server delay error,2
7003,CRED,UPI server delay error,2
7004,PhonePe,UPI server delay error,2
7005,Paytm,UPI server delay error,3
7006,SBI YONO,Slow refunds and poor support,2
7007,CRED,App freezes during payment,2
7008,Paytm,App freezes during payment,1
7009,CRED,UPI server delay error,1
7010,CRED,UPI server delay error,3
7011,SBI YONO,UPI server delay error,3
7012,PhonePe,Failed transactions and money deducted,2
7013,SBI YONO,Slow refunds and poor support,3
7014,PhonePe,Failed transactions and money deducted,2
7015,PhonePe,UPI server delay error,1
7016,GPay,App freezes during payment,1
7017,GPay,UPI server delay error,1
7018,GPay,Slow refunds and poor support,1
7019,CRED,App freezes during payment,1
7020,GPay,Failed transactions and money deducted,1
7021,GPay,Slow refunds and poor support,1
7022,GPay,UPI server delay error,1
7023,SBI YONO,App freezes during payment,3
7024,SBI YONO,App freezes during payment,1
7025,Paytm,UPI server delay error,2
7026,GPay,App freezes during payment,3
7027,CRED,Failed transactions and money deducted,1
7028,CRED,App freezes during payment,3
7029,CRED,Transaction failed due to bank server down,3
7030,Paytm,Slow refunds and poor support,1
7031,PhonePe,Transaction failed due to bank server down,1
7032,SBI YONO,UPI server delay error,1
7033,GPay,Slow refunds and poor support,2
7034,CRED,UPI server delay error,1
7035,PhonePe,Slow refunds and poor support,3
7036,CRED,Transaction failed due to bank server down,2
7037,SBI YONO,Transaction failed due to bank server down,1
7038,CRED,UPI server delay error,1
7039,SBI YONO,Transaction failed due to bank server down,3
7040,GPay,UPI server delay error,3
7041,PhonePe,App freezes during payment,2
7042,PhonePe,Transaction failed due to bank server down,2
7043,SBI YONO,Slow refunds and poor support,3
7044,PhonePe,Failed transactions and money deducted,3
7045,Paytm,App freezes during payment,3
7046,GPay,Slow refunds and poor support,1
7047,Paytm,UPI server delay error,3
7048,Paytm,Transaction failed due to bank server down,3
7049,Paytm,Failed transactions and money deducted,1
7050,CRED,Failed transactions and money deducted,3
7051,PhonePe,Transaction failed due to bank server down,3
7052,Paytm,Failed transactions and money deducted,3
7053,CRED,Transaction failed due to bank server down,1
7054,PhonePe,Transaction failed due to bank server down,3
7055,CRED,Failed transactions and money deducted,1
7056,PhonePe,Failed transactions and money deducted,2
7057,PhonePe,App freezes during payment,2
7058,PhonePe,Transaction failed due to bank server down,3
7059,PhonePe,Transaction failed due to bank server down,1
7060,PhonePe,Failed transactions and money deducted,2
7061,GPay,Transaction failed due to bank server down,2
7062,PhonePe,UPI server delay error,1
7063,CRED,App freezes during payment,2
7064,GPay,Failed transactions and money deducted,1
7065,SBI YONO,Failed transactions and money deducted,2
7066,SBI YONO,App freezes during payment,1
7067,CRED,Transaction failed due to bank server down,2
7068,PhonePe,Failed transactions and money deducted,1
7069,CRED,Slow refunds and poor support,3
7070,CRED,Slow refunds and poor support,2
7071,PhonePe,Slow refunds and poor support,1
7072,CRED,UPI server delay error,2
7073,PhonePe,UPI server delay error,3
7074,SBI YONO,Slow refunds and poor support,1
7075,Paytm,Transaction failed due to bank server down,3
7076,PhonePe,Failed transactions and money deducted,2
7077,PhonePe,App freezes during payment,3
7078,GPay,UPI server delay error,2
7079,GPay,App freezes during payment,1
7080,SBI YONO,App freezes during payment,1
7081,SBI YONO,Transaction failed due to bank server down,2
7082,CRED,App freezes during payment,3
7083,SBI YONO,App freezes during payment,3
7084,GPay,Slow refunds and poor support,2
7085,Paytm,UPI server delay error,3
7086,PhonePe,Failed transactions and money deducted,2
7087,Paytm,Transaction failed due to bank server down,2
7088,SBI YONO,Slow refunds and poor support,1
7089,SBI YONO,Transaction failed due to bank server down,1
7090,PhonePe,Failed transactions and money deducted,1
7091,CRED,UPI server delay error,1
7092,PhonePe,Failed transactions and money deducted,2
7093,Paytm,App freezes during payment,2
7094,Paytm,Failed transactions and money deducted,2
7095,CRED,Transaction failed due to bank server down,2
7096,Paytm,Failed transactions and money deducted,1
7097,GPay,Failed transactions and money deducted,1
7098,GPay,App freezes during payment,3
7099,CRED,Transaction failed due to bank server down,1
7100,SBI YONO,Failed transactions and money deducted,3
7101,SBI YONO,App freezes during payment,1
7102,GPay,Slow refunds and poor support,3
7103,CRED,UPI server delay error,1
7104,Paytm,Slow refunds and poor support,3
7105,GPay,Failed transactions and money deducted,3
7106,GPay,Transaction failed due to bank server down,1
7107,CRED,UPI server delay error,1
7108,PhonePe,UPI server delay error,2
7109,SBI YONO,UPI server delay error,1
7110,Paytm,App freezes during payment,2
7111,PhonePe,Slow refunds and poor support,1
7112,PhonePe,Failed transactions and money deducted,2
7113,SBI YONO,Slow refunds and poor support,1
7114,GPay,Transaction failed due to bank server down,3
7115,Paytm,Failed transactions and money deducted,2
7116,PhonePe,Transaction failed due to bank server down,3
7117,GPay,Transaction failed due to bank server down,1
7118,CRED,UPI server delay error,2
7119,PhonePe,App freezes during payment,1
7120,GPay,App freezes during payment,1
7121,Paytm,Slow refunds and poor support,3
7122,PhonePe,Transaction failed due to bank server down,2
7123,GPay,Transaction failed due to bank server down,1
7124,SBI YONO,UPI server delay error,1
7125,GPay,Slow refunds and poor support,3
7126,PhonePe,App freezes during payment,1
7127,GPay,UPI server delay error,1
7128,CRED,App freezes during payment,2
7129,Paytm,App freezes during payment,1
7130,CRED,UPI server delay error,1
7131,PhonePe,Transaction failed due to bank server down,2
7132,GPay,Transaction failed due to bank server down,3
7133,CRED,Failed transactions and money deducted,3
7134,GPay,Transaction failed due to bank server down,3
7135,PhonePe,Failed transactions and money deducted,2
7136,GPay,Transaction failed due to bank server down,1
7137,Paytm,UPI server delay error,3
7138,PhonePe,App freezes during payment,1
7139,PhonePe,Failed transactions and money deducted,2
7140,GPay,Slow refunds and poor support,3
7141,SBI YONO,App freezes during payment,3
7142,GPay,Slow refunds and poor support,2
7143,GPay,UPI server delay error,1
7144,SBI YONO,Slow refunds and poor support,2
7145,PhonePe,Slow refunds and poor support,3
7146,CRED,App freezes during payment,2
7147,SBI YONO,Transaction failed due to bank server down,3
7148,CRED,Failed transactions and money deducted,2
7149,Paytm,UPI server delay error,2
7150,CRED,App freezes during payment,2
7151,GPay,Transaction failed due to bank server down,2
7152,Paytm,Failed transactions and money deducted,2
7153,CRED,Failed transactions and money deducted,3
7154,Paytm,Transaction failed due to bank server down,1
7155,CRED,App freezes during payment,3
7156,PhonePe,UPI server delay error,2
7157,GPay,Transaction failed due to bank server down,3
7158,Paytm,UPI server delay error,2
7159,GPay,App freezes during payment,3
7160,SBI YONO,UPI server delay error,1
7161,Paytm,App freezes during payment,3
7162,SBI YONO,App freezes during payment,1
7163,GPay,Failed transactions and money deducted,3
7164,CRED,App freezes during payment,2
7165,GPay,Slow refunds and poor support,2
7166,CRED,App freezes during payment,1
7167,CRED,Failed transactions and money deducted,2
7168,Paytm,UPI server delay error,1
7169,GPay,Transaction failed due to bank server down,3
7170,GPay,App freezes during payment,2
7171,CRED,Transaction failed due to bank server down,1
7172,PhonePe,App freezes during payment,3
7173,CRED,Failed transactions and money deducted,1
7174,PhonePe,Failed transactions and money deducted,2
7175,GPay,Slow refunds and poor support,2
7176,GPay,UPI server delay error,3
7177,Paytm,Transaction failed due to bank server down,2
7178,SBI YONO,App freezes during payment,1
7179,Paytm,UPI server delay error,1
7180,PhonePe,Transaction failed due to bank server down,1
7181,CRED,Slow refunds and poor support,2
7182,PhonePe,UPI server delay error,1
7183,Paytm,Transaction failed due to bank server down,2
7184,GPay,Slow refunds and poor support,1
7185,PhonePe,Slow refunds and poor support,1
7186,CRED,Slow refunds and poor support,2
7187,CRED,Transaction failed due to bank server down,1
7188,PhonePe,UPI server delay error,3
7189,PhonePe,Failed transactions and money deducted,2
7190,PhonePe,UPI server delay error,3
7191,PhonePe,App freezes during payment,3
7192,GPay,App freezes during payment,1
7193,PhonePe,Failed transactions and money deducted,2
7194,PhonePe,App freezes during payment,2
7195,GPay,App freezes during payment,1
7196,PhonePe,UPI server delay error,1
7197,GPay,Failed transactions and money deducted,1
7198,Paytm,Failed transactions and money deducted,2
7199,SBI YONO,UPI server delay error,3
7200,GPay,UPI server delay error,3
7201,CRED,Slow refunds and poor support,2
7202,CRED,App freezes during payment,3
7203,SBI YONO,Failed transactions and money deducted,1
7204,PhonePe,Transaction failed due to bank server down,2
7205,CRED,UPI server delay error,2
7206,GPay,Failed transactions and money deducted,2
7207,Paytm,Slow refunds and poor support,3
7208,SBI YONO,Transaction failed due to bank server down,3
7209,GPay,Slow refunds and poor support,1
7210,CRED,UPI server delay error,2
7211,Paytm,Transaction failed due to bank server down,2
7212,Paytm,Transaction failed due to bank server down,3
7213,GPay,Failed transactions and money deducted,1
7214,Paytm,Transaction failed due to bank server down,3
7215,PhonePe,App freezes during payment,2
7216,GPay,App freezes during payment,1
7217,Paytm,Transaction failed due to bank server down,2
7218,GPay,App freezes during payment,1
7219,SBI YONO,Transaction failed due to bank server down,1
7220,PhonePe,Failed transactions and money deducted,2
7221,PhonePe,Transaction failed due to bank server down,2
7222,CRED,UPI server delay error,1
7223,CRED,App freezes during payment,1
7224,PhonePe,App freezes during payment,3
7225,SBI YONO,Slow refunds and poor support,3
7226,Paytm,UPI server delay error,2
7227,CRED,Slow refunds and poor support,2
7228,SBI YONO,UPI server delay error,3
7229,Paytm,Failed transactions and money deducted,1
7230,SBI YONO,UPI server delay error,3
7231,GPay,Slow refunds and poor support,1
7232,PhonePe,App freezes during payment,1
7233,CRED,Failed transactions and money deducted,3
7234,PhonePe,Slow refunds and poor support,3
7235,GPay,Transaction failed due to bank server down,2
7236,Paytm,App freezes during payment,1
7237,PhonePe,Failed transactions and money deducted,1
7238,PhonePe,Failed transactions and money deducted,3
7239,GPay,UPI server delay error,2
7240,GPay,Slow refunds and poor support,2
7241,SBI YONO,UPI server delay error,2
7242,PhonePe,Failed transactions and money deducted,1
7243,GPay,Transaction failed due to bank server down,2
7244,GPay,Failed transactions and money deducted,3
7245,PhonePe,Slow refunds and poor support,2
7246,SBI YONO,Slow refunds and poor support,3
7247,PhonePe,Failed transactions and money deducted,1
7248,PhonePe,Transaction failed due to bank server down,2
7249,GPay,UPI server delay error,3
7250,PhonePe,App freezes during payment,3
7251,GPay,UPI server delay error,3
7252,CRED,Slow refunds and poor support,3
7253,Paytm,Failed transactions and money deducted,2
7254,Paytm,Transaction failed due to bank server down,2
7255,PhonePe,Slow refunds and poor support,2
7256,SBI YONO,UPI server delay error,2
7257,GPay,Transaction failed due to bank server down,2
7258,Paytm,UPI server delay error,3
7259,SBI YONO,Failed transactions and money deducted,1
7260,SBI YONO,App freezes during payment,2
7261,CRED,Transaction failed due to bank server down,1
7262,SBI YONO,Slow refunds and poor support,2
7263,GPay,App freezes during payment,2
7264,Paytm,Transaction failed due to bank server down,3
7265,CRED,App freezes during payment,2
7266,Paytm,Transaction failed due to bank server down,3
7267,SBI YONO,App freezes during payment,3
7268,SBI YONO,App freezes during payment,2
7269,CRED,Failed transactions and money deducted,2
7270,Paytm,Transaction failed due to bank server down,3
7271,PhonePe,UPI server delay error,1
7272,PhonePe,UPI server delay error,1
7273,SBI YONO,Failed transactions and money deducted,1
7274,SBI YONO,Transaction failed due to bank server down,1
7275,PhonePe,App freezes during payment,3
7276,Paytm,Slow refunds and poor support,3
7277,Paytm,Transaction failed due to bank server down,3
7278,CRED,App freezes during payment,1
7279,PhonePe,Failed transactions and money deducted,1
7280,GPay,UPI server delay error,2
7281,GPay,App freezes during payment,2
7282,CRED,Failed transactions and money deducted,2
7283,PhonePe,Slow refunds and poor support,1
7284,SBI YONO,Slow refunds and poor support,1
7285,SBI YONO,Failed transactions and money deducted,1
7286,PhonePe,App freezes during payment,2
7287,GPay,App freezes during payment,3
7288,Paytm,Transaction failed due to bank server down,1
7289,Paytm,Slow refunds and poor support,3
7290,Paytm,Slow refunds and poor support,3
7291,PhonePe,Slow refunds and poor support,3
7292,GPay,App freezes during payment,1
7293,CRED,App freezes during payment,2
7294,SBI YONO,Slow refunds and poor support,1
7295,Paytm,App freezes during payment,1
7296,Paytm,App freezes during payment,3
7297,CRED,UPI server delay error,1
7298,SBI YONO,UPI server delay error,3
7299,CRED,Transaction failed due to bank server down,1
7300,GPay,Transaction failed due to bank server down,2
7301,Paytm,Slow refunds and poor support,2
7302,PhonePe,UPI server delay error,2
7303,PhonePe,Slow refunds and poor support,1
7304,CRED,App freezes during payment,2
7305,GPay,App freezes during payment,1
7306,SBI YONO,Failed transactions and money deducted,2
7307,Paytm,Failed transactions and money deducted,3
7308,GPay,UPI server delay error,1
7309,SBI YONO,Transaction failed due to bank server down,2
7310,SBI YONO,Failed transactions and money deducted,1
7311,PhonePe,Transaction failed due to bank server down,1
7312,PhonePe,Transaction failed due to bank server down,3
7313,Paytm,UPI server delay error,3
7314,PhonePe,Slow refunds and poor support,3
7315,CRED,Transaction failed due to bank server down,3
7316,GPay,Slow refunds and poor support,2
7317,GPay,Transaction failed due to bank server down,3
7318,PhonePe,Slow refunds and poor support,2
7319,PhonePe,App freezes during payment,2
7320,SBI YONO,Transaction failed due to bank server down,1
7321,SBI YONO,Transaction failed due to bank server down,1
7322,CRED,Failed transactions and money deducted,2
7323,Paytm,App freezes during payment,1
7324,Paytm,App freezes during payment,3
7325,PhonePe,Failed transactions and money deducted,3
7326,Paytm,Failed transactions and money deducted,1
7327,GPay,UPI server delay error,2
7328,GPay,Transaction failed due to bank server down,2
7329,Paytm,App freezes during payment,3
7330,GPay,App freezes during payment,2
7331,GPay,UPI server delay error,2
7332,Paytm,Slow refunds and poor support,3
7333,CRED,Transaction failed due to bank server down,2
7334,PhonePe,App freezes during payment,1
7335,SBI YONO,Slow refunds and poor support,2
7336,PhonePe,Transaction failed due to bank server down,1
7337,CRED,Failed transactions and money deducted,2
7338,CRED,Failed transactions and money deducted,1
7339,SBI YONO,UPI server delay error,3
7340,GPay,UPI server delay error,1
7341,GPay,Failed transactions and money deducted,2
7342,PhonePe,UPI server delay error,2
7343,GPay,Failed transactions and money deducted,3
7344,Paytm,App freezes during payment,2
7345,SBI YONO,UPI server delay error,1
7346,Paytm,App freezes during payment,2
7347,CRED,App freezes during payment,1
7348,GPay,UPI server delay error,3
7349,GPay,Slow refunds and poor support,2
7350,PhonePe,Transaction failed due to bank server down,1
7351,CRED,UPI server delay error,1
7352,CRED,Slow refunds and poor support,3
7353,PhonePe,Slow refunds and poor support,1
7354,CRED,UPI server delay error,1
7355,CRED,App freezes during payment,2
7356,GPay,UPI server delay error,3
7357,CRED,UPI server delay error,3
7358,CRED,Failed transactions and money deducted,2
7359,GPay,Transaction failed due to bank server down,2
7360,PhonePe,Transaction failed due to bank server down,1
7361,CRED,Slow refunds and poor support,1
7362,PhonePe,Transaction failed due to bank server down,3
7363,CRED,Slow refunds and poor support,1
7364,GPay,Slow refunds and poor support,1
7365,CRED,Failed transactions and money deducted,3
7366,SBI YONO,Transaction failed due to bank server down,1
7367,CRED,UPI server delay error,2
7368,GPay,App freezes during payment,1
7369,GPay,UPI server delay error,1
7370,PhonePe,App freezes during payment,1
7371,CRED,UPI server delay error,1
7372,PhonePe,App freezes during payment,3
7373,SBI YONO,Failed transactions and money deducted,3
7374,Paytm,Transaction failed due to bank server down,3
7375,CRED,Slow refunds and poor support,2
7376,Paytm,Slow refunds and poor support,1
7377,CRED,Failed transactions and money deducted,3
7378,GPay,Transaction failed due to bank server down,3
7379,PhonePe,Failed transactions and money deducted,1
7380,PhonePe,Slow refunds and poor support,3
7381,PhonePe,Slow refunds and poor support,2
7382,PhonePe,Slow refunds and poor support,3
7383,Paytm,App freezes during payment,3
7384,PhonePe,Transaction failed due to bank server down,2
7385,Paytm,Slow refunds and poor support,3
7386,CRED,Slow refunds and poor support,1
7387,PhonePe,Slow refunds and poor support,1
7388,GPay,UPI server delay error,2
7389,PhonePe,Slow refunds and poor support,1
7390,PhonePe,Transaction failed due to bank server down,1
7391,PhonePe,Failed transactions and money deducted,3
7392,SBI YONO,Transaction failed due to bank server down,1
7393,CRED,Transaction failed due to bank server down,2
7394,SBI YONO,Failed transactions and money deducted,2
7395,SBI YONO,Transaction failed due to bank server down,3
7396,SBI YONO,Slow refunds and poor support,2
7397,Paytm,Failed transactions and money deducted,3
7398,SBI YONO,Transaction failed due to bank server down,1
7399,Paytm,App freezes during payment,2
7400,CRED,Slow refunds and poor support,3
7401,Paytm,Slow refunds and poor support,3
7402,CRED,Failed transactions and money deducted,1
7403,Paytm,Transaction failed due to bank server down,2
7404,PhonePe,UPI server delay error,1
7405,GPay,Failed transactions and money deducted,3
7406,Paytm,UPI server delay error,2
7407,PhonePe,Failed transactions and money deducted,3
7408,GPay,Slow refunds and poor support,2
7409,Paytm,UPI server delay error,1
7410,GPay,Transaction failed due to bank server down,2
7411,GPay,Transaction failed due to bank server down,1
7412,PhonePe,Transaction failed due to bank server down,2
7413,SBI YONO,Slow refunds and poor support,3
7414,CRED,UPI server delay error,3
7415,CRED,Failed transactions and money deducted,2
7416,CRED,Failed transactions and money deducted,3
7417,Paytm,UPI server delay error,1
7418,Paytm,Failed transactions and money deducted,2
7419,SBI YONO,Transaction failed due to bank server down,3
7420,CRED,UPI server delay error,3
7421,GPay,App freezes during payment,1
7422,PhonePe,Transaction failed due to bank server down,3
7423,CRED,Transaction failed due to bank server down,2
7424,SBI YONO,UPI server delay error,2
7425,SBI YONO,UPI server delay error,3
7426,CRED,Failed transactions and money deducted,3
7427,PhonePe,App freezes during payment,2
7428,PhonePe,App freezes during payment,2
7429,Paytm,Slow refunds and poor support,2
7430,CRED,Slow refunds and poor support,1
7431,Paytm,Slow refunds and poor support,3
7432,PhonePe,App freezes during payment,1
7433,GPay,UPI server delay error,1
7434,Paytm,Transaction failed due to bank server down,3
7435,PhonePe,Transaction failed due to bank server down,3
7436,SBI YONO,Failed transactions and money deducted,3
7437,GPay,Failed transactions and money deducted,1
7438,Paytm,Slow refunds and poor support,1
7439,PhonePe,Slow refunds and poor support,2
7440,Paytm,Slow refunds and poor support,3
7441,GPay,Transaction failed due to bank server down,3
7442,Paytm,App freezes during payment,1
7443,CRED,Transaction failed due to bank server down,3
7444,GPay,Transaction failed due to bank server down,3
7445,GPay,Failed transactions and money deducted,1
7446,SBI YONO,UPI server delay error,2
7447,GPay,Transaction failed due to bank server down,1
7448,CRED,Transaction failed due to bank server down,1
7449,Paytm,App freezes during payment,1
7450,SBI YONO,App freezes during payment,3
7451,Paytm,Transaction failed due to bank server down,3
7452,PhonePe,UPI server delay error,1
7453,SBI YONO,Slow refunds and poor support,2
7454,Paytm,Slow refunds and poor support,2
7455,CRED,Slow refunds and poor support,1
7456,SBI YONO,UPI server delay error,2
7457,CRED,Slow refunds and poor support,1
7458,GPay,App freezes during payment,2
7459,SBI YONO,Slow refunds and poor support,3
7460,PhonePe,UPI server delay error,2
7461,PhonePe,UPI server delay error,1
7462,Paytm,Transaction failed due to bank server down,2
7463,CRED,Transaction failed due to bank server down,1
7464,Paytm,Failed transactions and money deducted,2
7465,Paytm,UPI server delay error,3
7466,Paytm,App freezes during payment,2
7467,SBI YONO,App freezes during payment,3
7468,GPay,Slow refunds and poor support,1
7469,Paytm,Slow refunds and poor support,2
7470,SBI YONO,UPI server delay error,3
7471,SBI YONO,Transaction failed due to bank server down,2
7472,Paytm,Slow refunds and poor support,2
7473,SBI YONO,Transaction failed due to bank server down,3
7474,PhonePe,Transaction failed due to bank server down,3
7475,Paytm,Transaction failed due to bank server down,2
7476,GPay,App freezes during payment,3
7477,CRED,Transaction failed due to bank server down,2
7478,PhonePe,Slow refunds and poor support,1
7479,SBI YONO,App freezes during payment,2
7480,CRED,App freezes during payment,1
7481,SBI YONO,Slow refunds and poor support,3
7482,PhonePe,Failed transactions and money deducted,1
7483,Paytm,Transaction failed due to bank server down,3
7484,CRED,UPI server delay error,2
7485,CRED,UPI server delay error,1
7486,PhonePe,UPI server delay error,1
7487,Paytm,UPI server delay error,2
7488,PhonePe,Transaction failed due to bank server down,2
7489,Paytm,Transaction failed due to bank server down,3
7490,GPay,Slow refunds and poor support,1
7491,GPay,UPI server delay error,3
7492,SBI YONO,Failed transactions and money deducted,1
7493,CRED,Failed transactions and money deducted,1
7494,GPay,UPI server delay error,3
7495,PhonePe,Failed transactions and money deducted,2
7496,PhonePe,UPI server delay error,3
7497,PhonePe,Transaction failed due to bank server down,2
7498,CRED,Slow refunds and poor support,1
7499,SBI YONO,App freezes during payment,2
7500,SBI YONO,UPI server delay error,1
7501,Paytm,App freezes during payment,1
7502,CRED,Slow refunds and poor support,3
7503,GPay,App freezes during payment,1
7504,SBI YONO,Failed transactions and money deducted,1
7505,PhonePe,UPI server delay error,3
7506,SBI YONO,Failed transactions and money deducted,2
7507,PhonePe,Slow refunds and poor support,3
7508,PhonePe,UPI server delay error,3
7509,SBI YONO,Transaction failed due to bank server down,1
7510,SBI YONO,Transaction failed due to bank server down,3
7511,Paytm,App freezes during payment,3
7512,Paytm,Slow refunds and poor support,1
7513,CRED,Failed transactions and money deducted,1
7514,PhonePe,Transaction failed due to bank server down,1
7515,GPay,App freezes during payment,1
7516,PhonePe,UPI server delay error,2
7517,Paytm,Transaction failed due to bank server down,2
7518,GPay,Failed transactions and money deducted,1
7519,CRED,Slow refunds and poor support,2
7520,Paytm,UPI server delay error,2
7521,PhonePe,UPI server delay error,2
7522,SBI YONO,Transaction failed due to bank server down,2
7523,Paytm,UPI server delay error,1
7524,SBI YONO,Slow refunds and poor support,2
7525,CRED,Transaction failed due to bank server down,3
7526,GPay,App freezes during payment,1
7527,CRED,Failed transactions and money deducted,3
7528,SBI YONO,Slow refunds and poor support,2
7529,PhonePe,Transaction failed due to bank server down,3
7530,CRED,App freezes during payment,2
7531,GPay,UPI server delay error,2
7532,SBI YONO,Transaction failed due to bank server down,3
7533,Paytm,UPI server delay error,1
7534,CRED,App freezes during payment,3
7535,CRED,UPI server delay error,1
7536,Paytm,Transaction failed due to bank server down,1
7537,PhonePe,Slow refunds and poor support,3
7538,SBI YONO,App freezes during payment,1
7539,GPay,Transaction failed due to bank server down,3
7540,GPay,Failed transactions and money deducted,3
7541,CRED,Transaction failed due to bank server down,3
7542,Paytm,Failed transactions and money deducted,1
7543,SBI YONO,UPI server delay error,1
7544,Paytm,Slow refunds and poor support,2
7545,CRED,Slow refunds and poor support,3
7546,CRED,Transaction failed due to bank server down,1
7547,PhonePe,Slow refunds and poor support,2
7548,CRED,Transaction failed due to bank server down,2
7549,GPay,Slow refunds and poor support,2
7550,CRED,Transaction failed due to bank server down,1
7551,Paytm,Failed transactions and money deducted,3
7552,PhonePe,Slow refunds and poor support,3
7553,GPay,Failed transactions and money deducted,3
7554,PhonePe,Transaction failed due to bank server down,2
7555,CRED,UPI server delay error,1
7556,SBI YONO,Transaction failed due to bank server down,2
7557,PhonePe,Transaction failed due to bank server down,1
7558,SBI YONO,Failed transactions and money deducted,3
7559,CRED,App freezes during payment,3
7560,PhonePe,Transaction failed due to bank server down,2
7561,GPay,UPI server delay error,3
7562,CRED,UPI server delay error,2
7563,Paytm,UPI server delay error,1
7564,SBI YONO,Slow refunds and poor support,1
7565,GPay,Failed transactions and money deducted,3
7566,CRED,Transaction failed due to bank server down,2
7567,SBI YONO,App freezes during payment,1
7568,GPay,Transaction failed due to bank server down,3
7569,GPay,App freezes during payment,1
7570,SBI YONO,App freezes during payment,3
7571,PhonePe,Failed transactions and money deducted,1
7572,CRED,Failed transactions and money deducted,2
7573,GPay,Transaction failed due to bank server down,3
7574,GPay,Failed transactions and money deducted,1
7575,CRED,Slow refunds and poor support,2
7576,CRED,Transaction failed due to bank server down,2
7577,PhonePe,Transaction failed due to bank server down,2
7578,PhonePe,Slow refunds and poor support,1
7579,SBI YONO,App freezes during payment,1
7580,GPay,App freezes during payment,1
7581,SBI YONO,App freezes during payment,2
7582,Paytm,Transaction failed due to bank server down,2
7583,GPay,Transaction failed due to bank server down,1
7584,SBI YONO,Failed transactions and money deducted,2
7585,CRED,Slow refunds and poor support,2
7586,GPay,Failed transactions and money deducted,1
7587,CRED,Slow refunds and poor support,1
7588,PhonePe,Slow refunds and poor support,3
7589,Paytm,Transaction failed due to bank server down,3
7590,GPay,App freezes during payment,1
7591,SBI YONO,Slow refunds and poor support,3
7592,PhonePe,UPI server delay error,1
7593,SBI YONO,UPI server delay error,3
7594,PhonePe,App freezes during payment,1
7595,PhonePe,Transaction failed due to bank server down,2
7596,GPay,Failed transactions and money deducted,2
7597,CRED,Transaction failed due to bank server down,1
7598,GPay,Slow refunds and poor support,1
7599,CRED,App freezes during payment,3
7600,GPay,App freezes during payment,2
7601,GPay,Failed transactions and money deducted,1
7602,PhonePe,Slow refunds and poor support,1
7603,SBI YONO,UPI server delay error,1
7604,SBI YONO,App freezes during payment,1
7605,CRED,Slow refunds and poor support,1
7606,PhonePe,UPI server delay error,2
7607,SBI YONO,Transaction failed due to bank server down,1
7608,SBI YONO,Transaction failed due to bank server down,3
7609,Paytm,Slow refunds and poor support,2
7610,GPay,Failed transactions and money deducted,1
7611,PhonePe,Slow refunds and poor support,2
7612,SBI YONO,Transaction failed due to bank server down,3
7613,GPay,UPI server delay error,1
7614,SBI YONO,UPI server delay error,1
7615,PhonePe,UPI server delay error,3
7616,PhonePe,Transaction failed due to bank server down,3
7617,Paytm,App freezes during payment,3
7618,PhonePe,App freezes during payment,1
7619,PhonePe,UPI server delay error,2
7620,SBI YONO,Failed transactions and money deducted,1
7621,Paytm,Transaction failed due to bank server down,3
7622,PhonePe,Slow refunds and poor support,2
7623,GPay,Transaction failed due to bank server down,3
7624,PhonePe,UPI server delay error,1
7625,PhonePe,Transaction failed due to bank server down,2
7626,SBI YONO,App freezes during payment,1
7627,CRED,Slow refunds and poor support,2
7628,CRED,UPI server delay error,1
7629,GPay,UPI server delay error,1
7630,SBI YONO,Slow refunds and poor support,1
7631,GPay,App freezes during payment,1
7632,PhonePe,UPI server delay error,3
7633,GPay,Failed transactions and money deducted,1
7634,Paytm,App freezes during payment,1
7635,CRED,Slow refunds and poor support,3
7636,CRED,UPI server delay error,2
7637,PhonePe,App freezes during payment,3
7638,Paytm,Failed transactions and money deducted,2
7639,PhonePe,Failed transactions and money deducted,3
7640,SBI YONO,UPI server delay error,1
7641,GPay,App freezes during payment,1
7642,CRED,UPI server delay error,2
7643,CRED,UPI server delay error,1
7644,PhonePe,Transaction failed due to bank server down,1
7645,GPay,Failed transactions and money deducted,1
7646,SBI YONO,Slow refunds and poor support,3
7647,PhonePe,UPI server delay error,1
7648,CRED,Failed transactions and money deducted,2
7649,PhonePe,Failed transactions and money deducted,1
7650,CRED,UPI server delay error,3
7651,PhonePe,Transaction failed due to bank server down,1
7652,PhonePe,Slow refunds and poor support,1
7653,CRED,Transaction failed due to bank server down,2
7654,GPay,Slow refunds and poor support,1
7655,SBI YONO,Slow refunds and poor support,3
7656,Paytm,UPI server delay error,2
7657,SBI YONO,UPI server delay error,3
7658,SBI YONO,Transaction failed due to bank server down,2
7659,GPay,Failed transactions and money deducted,3
7660,GPay,App freezes during payment,2
7661,SBI YONO,UPI server delay error,2
7662,PhonePe,UPI server delay error,3
7663,PhonePe,Failed transactions and money deducted,3
7664,SBI YONO,Failed transactions and money deducted,3
7665,PhonePe,Failed transactions and money deducted,1
7666,PhonePe,UPI server delay error,2
7667,SBI YONO,Slow refunds and poor support,3
7668,PhonePe,Transaction failed due to bank server down,2
7669,PhonePe,App freezes during payment,1
7670,GPay,Failed transactions and money deducted,3
7671,Paytm,Slow refunds and poor support,1
7672,CRED,Failed transactions and money deducted,1
7673,SBI YONO,UPI server delay error,3
7674,GPay,App freezes during payment,1
7675,CRED,Slow refunds and poor support,1
7676,PhonePe,Slow refunds and poor support,1
7677,SBI YONO,Failed transactions and money deducted,1
7678,SBI YONO,UPI server delay error,1
7679,CRED,Transaction failed due to bank server down,2
7680,PhonePe,Slow refunds and poor support,2
7681,PhonePe,App freezes during payment,1
7682,Paytm,App freezes during payment,1
7683,PhonePe,Slow refunds and poor support,1
7684,PhonePe,Failed transactions and money deducted,2
7685,PhonePe,Transaction failed due to bank server down,3
7686,Paytm,UPI server delay error,3
7687,SBI YONO,Slow refunds and poor support,3
7688,PhonePe,Transaction failed due to bank server down,3
7689,Paytm,Failed transactions and money deducted,2
7690,PhonePe,Slow refunds and poor support,3
7691,SBI YONO,App freezes during payment,1
7692,Paytm,Failed transactions and money deducted,3
7693,Paytm,UPI server delay error,1
7694,Paytm,Transaction failed due to bank server down,1
7695,GPay,Failed transactions and money deducted,2
7696,PhonePe,Slow refunds and poor support,2
7697,CRED,Slow refunds and poor support,3
7698,CRED,Failed transactions and money deducted,2
7699,PhonePe,Transaction failed due to bank server down,2
7700,GPay,UPI server delay error,1
7701,Paytm,Transaction failed due to bank server down,1
7702,GPay,Failed transactions and money deducted,2
7703,GPay,UPI server delay error,1
7704,PhonePe,App freezes during payment,2
7705,CRED,Failed transactions and money deducted,1
7706,SBI YONO,UPI server delay error,2
7707,CRED,App freezes during payment,2
7708,CRED,UPI server delay error,3
7709,PhonePe,App freezes during payment,1
7710,PhonePe,App freezes during payment,1
7711,PhonePe,Failed transactions and money deducted,3
7712,Paytm,UPI server delay error,2
7713,CRED,UPI server delay error,1
7714,CRED,Transaction failed due to bank server down,2
7715,Paytm,UPI server delay error,2
7716,SBI YONO,App freezes during payment,1
7717,PhonePe,Slow refunds and poor support,3
7718,GPay,App freezes during payment,1
7719,GPay,Failed transactions and money deducted,2
7720,GPay,Failed transactions and money deducted,2
7721,CRED,UPI server delay error,3
7722,GPay,Failed transactions and money deducted,3
7723,SBI YONO,App freezes during payment,3
7724,GPay,App freezes during payment,2
7725,CRED,Transaction failed due to bank server down,1
7726,GPay,Transaction failed due to bank server down,1
7727,SBI YONO,Failed transactions and money deducted,3
7728,PhonePe,UPI server delay error,2
7729,CRED,Transaction failed due to bank server down,2
7730,PhonePe,Failed transactions and money deducted,1
7731,SBI YONO,Transaction failed due to bank server down,3
7732,SBI YONO,Failed transactions and money deducted,3
7733,PhonePe,Failed transactions and money deducted,1
7734,CRED,UPI server delay error,3
7735,CRED,Transaction failed due to bank server down,2
7736,PhonePe,Failed transactions and money deducted,1
7737,Paytm,Transaction failed due to bank server down,3
7738,PhonePe,UPI server delay error,3
7739,CRED,Slow refunds and poor support,1
7740,CRED,Failed transactions and money deducted,1
7741,Paytm,Slow refunds and poor support,1
7742,CRED,Failed transactions and money deducted,1
7743,Paytm,Failed transactions and money deducted,1
7744,GPay,Transaction failed due to bank server down,2
7745,Paytm,App freezes during payment,1
7746,SBI YONO,App freezes during payment,1
7747,CRED,Transaction failed due to bank server down,1
7748,Paytm,Failed transactions and money deducted,3
7749,Paytm,Failed transactions and money deducted,3
7750,GPay,Slow refunds and poor support,3
7751,PhonePe,Transaction failed due to bank server down,3
7752,SBI YONO,App freezes during payment,3
7753,Paytm,App freezes during payment,2
7754,PhonePe,Failed transactions and money deducted,2
7755,SBI YONO,Slow refunds and poor support,2
7756,Paytm,Transaction failed due to bank server down,1
7757,GPay,UPI server delay error,1
7758,Paytm,Slow refunds and poor support,1
7759,PhonePe,Failed transactions and money deducted,1
7760,PhonePe,App freezes during payment,1
7761,Paytm,Slow refunds and poor support,1
7762,CRED,UPI server delay error,2
7763,PhonePe,App freezes during payment,1
7764,SBI YONO,Transaction failed due to bank server down,3
7765,CRED,Slow refunds and poor support,1
7766,CRED,Slow refunds and poor support,2
7767,PhonePe,Failed transactions and money deducted,1
7768,PhonePe,UPI server delay error,2
7769,PhonePe,Slow refunds and poor support,2
7770,Paytm,App freezes during payment,2
7771,GPay,Failed transactions and money deducted,3
7772,SBI YONO,Failed transactions and money deducted,3
7773,GPay,UPI server delay error,3
7774,CRED,Transaction failed due to bank server down,2
7775,SBI YONO,Slow refunds and poor support,2
7776,CRED,Failed transactions and money deducted,1
7777,GPay,App freezes during payment,3
7778,CRED,UPI server delay error,2
7779,Paytm,UPI server delay error,1
7780,CRED,UPI server delay error,2
7781,Paytm,Transaction failed due to bank server down,3
7782,GPay,Slow refunds and poor support,3
7783,CRED,Failed transactions and money deducted,2
7784,SBI YONO,UPI server delay error,1
7785,GPay,Transaction failed due to bank server down,2
7786,Paytm,Failed transactions and money deducted,3
7787,Paytm,Failed transactions and money deducted,2
7788,SBI YONO,Slow refunds and poor support,3
7789,GPay,Slow refunds and poor support,3
7790,SBI YONO,Slow refunds and poor support,3
7791,SBI YONO,App freezes during payment,2
7792,SBI YONO,App freezes during payment,1
7793,Paytm,Failed transactions and money deducted,2
7794,Paytm,Transaction failed due to bank server down,1
7795,PhonePe,Slow refunds and poor support,2
7796,CRED,Slow refunds and poor support,1
7797,CRED,UPI server delay error,1
7798,SBI YONO,UPI server delay error,2
7799,SBI YONO,Failed transactions and money deducted,2
7800,SBI YONO,UPI server delay error,1
7801,SBI YONO,App freezes during payment,2
7802,SBI YONO,Transaction failed due to bank server down,2
7803,Paytm,Failed transactions and money deducted,3
7804,CRED,UPI server delay error,2
7805,GPay,Slow refunds and poor support,3
7806,SBI YONO,Slow refunds and poor support,3
7807,Paytm,Transaction failed due to bank server down,3
7808,GPay,Slow refunds and poor support,2
7809,PhonePe,Slow refunds and poor support,2
7810,CRED,Failed transactions and money deducted,2
7811,GPay,UPI server delay error,1
7812,SBI YONO,Transaction failed due to bank server down,2
7813,GPay,Slow refunds and poor support,3
7814,Paytm,Slow refunds and poor support,3
7815,CRED,Slow refunds and poor support,3
7816,CRED,Slow refunds and poor support,2
7817,Paytm,App freezes during payment,1
7818,GPay,Failed transactions and money deducted,2
7819,GPay,Transaction failed due to bank server down,2
7820,SBI YONO,UPI server delay error,3
7821,CRED,UPI server delay error,1
7822,GPay,Slow refunds and poor support,3
7823,CRED,UPI server delay error,1
7824,PhonePe,Slow refunds and poor support,1
7825,GPay,App freezes during payment,3
7826,SBI YONO,UPI server delay error,1
7827,CRED,Transaction failed due to bank server down,1
7828,Paytm,UPI server delay error,2
7829,Paytm,UPI server delay error,2
7830,PhonePe,App freezes during payment,1
7831,Paytm,UPI server delay error,3
7832,SBI YONO,Slow refunds and poor support,3
7833,PhonePe,Failed transactions and money deducted,3
7834,CRED,Slow refunds and poor support,3
7835,PhonePe,Slow refunds and poor support,3
7836,GPay,UPI server delay error,2
7837,PhonePe,App freezes during payment,3
7838,PhonePe,Failed transactions and money deducted,2
7839,GPay,Failed transactions and money deducted,2
7840,CRED,UPI server delay error,2
7841,Paytm,App freezes during payment,2
7842,SBI YONO,UPI server delay error,3
7843,Paytm,Slow refunds and poor support,3
7844,PhonePe,App freezes during payment,2
7845,CRED,Failed transactions and money deducted,3
7846,GPay,Failed transactions and money deducted,3
7847,SBI YONO,Transaction failed due to bank server down,1
7848,Paytm,UPI server delay error,1
7849,Paytm,Transaction failed due to bank server down,2
7850,Paytm,App freezes during payment,3
7851,GPay,Slow refunds and poor support,1
7852,PhonePe,App freezes during payment,2
7853,GPay,Slow refunds and poor support,1
7854,Paytm,App freezes during payment,1
7855,GPay,Slow refunds and poor support,3
7856,GPay,Slow refunds and poor support,2
7857,CRED,Failed transactions and money deducted,2
7858,SBI YONO,Failed transactions and money deducted,3
7859,GPay,Transaction failed due to bank server down,2
7860,SBI YONO,App freezes during payment,1
7861,PhonePe,UPI server delay error,1
7862,SBI YONO,UPI server delay error,1
7863,PhonePe,Failed transactions and money deducted,3
7864,PhonePe,Slow refunds and poor support,1
7865,PhonePe,UPI server delay error,1
7866,PhonePe,UPI server delay error,2
7867,CRED,App freezes during payment,2
7868,CRED,App freezes during payment,3
7869,PhonePe,App freezes during payment,1
7870,CRED,App freezes during payment,1
7871,PhonePe,Slow refunds and poor support,1
7872,Paytm,Failed transactions and money deducted,2
7873,SBI YONO,Transaction failed due to bank server down,1
7874,Paytm,UPI server delay error,1
7875,Paytm,App freezes during payment,2
7876,SBI YONO,UPI server delay error,1
7877,SBI YONO,Failed transactions and money deducted,1
7878,GPay,Slow refunds and poor support,2
7879,SBI YONO,Slow refunds and poor support,1
7880,Paytm,UPI server delay error,1
7881,GPay,Failed transactions and money deducted,2
7882,PhonePe,Slow refunds and poor support,3
7883,Paytm,Failed transactions and money deducted,1
7884,CRED,Transaction failed due to bank server down,3
7885,SBI YONO,Failed transactions and money deducted,2
7886,GPay,Transaction failed due to bank server down,2
7887,CRED,UPI server delay error,3
7888,PhonePe,App freezes during payment,3
7889,Paytm,Slow refunds and poor support,2
7890,CRED,Failed transactions and money deducted,1
7891,Paytm,App freezes during payment,2
7892,CRED,UPI server delay error,3
7893,PhonePe,Transaction failed due to bank server down,2
7894,Paytm,UPI server delay error,1
7895,GPay,Failed transactions and money deducted,2
7896,SBI YONO,Transaction failed due to bank server down,1
7897,SBI YONO,Transaction failed due to bank server down,2
7898,SBI YONO,Transaction failed due to bank server down,3
7899,PhonePe,App freezes during payment,1
7900,CRED,App freezes during payment,1
7901,GPay,Slow refunds and poor support,3
7902,PhonePe,UPI server delay error,1
7903,SBI YONO,Failed transactions and money deducted,2
7904,PhonePe,Transaction failed due to bank server down,3
7905,GPay,UPI server delay error,2
7906,PhonePe,Failed transactions and money deducted,3
7907,Paytm,Slow refunds and poor support,3
7908,CRED,Transaction failed due to bank server down,2
7909,SBI YONO,App freezes during payment,3
7910,SBI YONO,App freezes during payment,2
7911,SBI YONO,Transaction failed due to bank server down,1
7912,GPay,Failed transactions and money deducted,1
7913,GPay,App freezes during payment,2
7914,PhonePe,Slow refunds and poor support,2
7915,SBI YONO,Failed transactions and money deducted,2
7916,Paytm,Failed transactions and money deducted,1
7917,GPay,UPI server delay error,1
7918,Paytm,UPI server delay error,1
7919,SBI YONO,Slow refunds and poor support,2
7920,GPay,Transaction failed due to bank server down,2
7921,Paytm,App freezes during payment,1
7922,SBI YONO,Slow refunds and poor support,1
7923,PhonePe,UPI server delay error,2
7924,PhonePe,Slow refunds and poor support,1
7925,SBI YONO,Failed transactions and money deducted,1
7926,PhonePe,Failed transactions and money deducted,3
7927,GPay,UPI server delay error,2
7928,SBI YONO,App freezes during payment,2
7929,PhonePe,Transaction failed due to bank server down,2
7930,PhonePe,UPI server delay error,3
7931,CRED,Failed transactions and money deducted,3
7932,SBI YONO,Failed transactions and money deducted,1
7933,GPay,Slow refunds and poor support,3
7934,SBI YONO,Slow refunds and poor support,2
7935,CRED,Transaction failed due to bank server down,2
7936,GPay,UPI server delay error,2
7937,Paytm,UPI server delay error,1
7938,GPay,Transaction failed due to bank server down,1
7939,Paytm,Failed transactions and money deducted,1
7940,GPay,Failed transactions and money deducted,3
7941,GPay,Transaction failed due to bank server down,3
7942,PhonePe,Transaction failed due to bank server down,1
7943,CRED,Failed transactions and money deducted,3
7944,GPay,App freezes during payment,2
7945,CRED,App freezes during payment,2
7946,Paytm,Transaction failed due to bank server down,2
7947,CRED,Slow refunds and poor support,1
7948,SBI YONO,UPI server delay error,3
7949,PhonePe,UPI server delay error,3
7950,CRED,App freezes during payment,2
7951,CRED,Slow refunds and poor support,3
7952,Paytm,Failed transactions and money deducted,1
7953,Paytm,Failed transactions and money deducted,2
7954,Paytm,UPI server delay error,1
7955,GPay,Transaction failed due to bank server down,1
7956,Paytm,Slow refunds and poor support,1
7957,SBI YONO,Slow refunds and poor support,3
7958,PhonePe,Failed transactions and money deducted,1
7959,PhonePe,UPI server delay error,2
7960,GPay,Transaction failed due to bank server down,3
7961,GPay,Slow refunds and poor support,2
7962,CRED,UPI server delay error,3
7963,SBI YONO,App freezes during payment,1
7964,PhonePe,Transaction failed due to bank server down,3
7965,Paytm,Failed transactions and money deducted,3
7966,GPay,Failed transactions and money deducted,1
7967,Paytm,Slow refunds and poor support,1
7968,Paytm,UPI server delay error,3
7969,SBI YONO,App freezes during payment,2
7970,GPay,App freezes during payment,3
7971,GPay,Slow refunds and poor support,1
7972,GPay,App freezes during payment,2
7973,PhonePe,App freezes during payment,2
7974,Paytm,App freezes during payment,2
7975,PhonePe,Slow refunds and poor support,1
7976,CRED,Transaction failed due to bank server down,2
7977,GPay,App freezes during payment,1
7978,CRED,App freezes during payment,3
7979,GPay,Transaction failed due to bank server down,1
7980,GPay,Slow refunds and poor support,2
7981,PhonePe,App freezes during payment,1
7982,CRED,Transaction failed due to bank server down,1
7983,GPay,Failed transactions and money deducted,2
7984,GPay,Slow refunds and poor support,3
7985,Paytm,UPI server delay error,2
7986,CRED,UPI server delay error,3
7987,Paytm,UPI server delay error,2
7988,SBI YONO,UPI server delay error,3
7989,SBI YONO,Slow refunds and poor support,3
7990,Paytm,Transaction failed due to bank server down,2
7991,CRED,Slow refunds and poor support,2
7992,GPay,Transaction failed due to bank server down,1
7993,GPay,Slow refunds and poor support,3
7994,GPay,Slow refunds and poor support,2
7995,SBI YONO,App freezes during payment,2
7996,Paytm,App freezes during payment,1
7997,Paytm,Failed transactions and money deducted,2
7998,Paytm,App freezes during payment,2
7999,SBI YONO,App freezes during payment,2
8000,SBI YONO,Transaction failed due to bank server down,3
8001,SBI YONO,Failed transactions and money deducted,1
8002,GPay,UPI server delay error,1
8003,Paytm,Slow refunds and poor support,3
8004,GPay,Transaction failed due to bank server down,2
8005,SBI YONO,App freezes during payment,1
8006,Paytm,Slow refunds and poor support,1
8007,PhonePe,Failed transactions and money deducted,1
8008,SBI YONO,Slow refunds and poor support,3
8009,GPay,Slow refunds and poor support,1
8010,Paytm,Slow refunds and poor support,1
8011,Paytm,Failed transactions and money deducted,3
8012,Paytm,Transaction failed due to bank server down,1
8013,PhonePe,Slow refunds and poor support,2
8014,SBI YONO,UPI server delay error,3
8015,CRED,Slow refunds and poor support,2
8016,PhonePe,Slow refunds and poor support,3
8017,PhonePe,UPI server delay error,3
8018,PhonePe,Slow refunds and poor support,3
8019,PhonePe,Slow refunds and poor support,3
8020,PhonePe,Transaction failed due to bank server down,3
8021,Paytm,Transaction failed due to bank server down,2
8022,CRED,Slow refunds and poor support,1
8023,PhonePe,Failed transactions and money deducted,2
8024,CRED,Transaction failed due to bank server down,1
8025,GPay,UPI server delay error,2
8026,SBI YONO,Failed transactions and money deducted,1
8027,SBI YONO,Slow refunds and poor support,1
8028,Paytm,App freezes during payment,1
8029,Paytm,UPI server delay error,1
8030,PhonePe,Transaction failed due to bank server down,1
8031,Paytm,Transaction failed due to bank server down,2
8032,Paytm,UPI server delay error,3
8033,GPay,Slow refunds and poor support,2
8034,Paytm,Slow refunds and poor support,1
8035,Paytm,Transaction failed due to bank server down,2
8036,GPay,Failed transactions and money deducted,3
8037,GPay,UPI server delay error,1
8038,GPay,Slow refunds and poor support,3
8039,SBI YONO,UPI server delay error,2
8040,Paytm,UPI server delay error,3
8041,SBI YONO,UPI server delay error,3
8042,CRED,UPI server delay error,3
8043,SBI YONO,App freezes during payment,3
8044,PhonePe,Transaction failed due to bank server down,3
8045,SBI YONO,UPI server delay error,1
8046,Paytm,Slow refunds and poor support,2
8047,CRED,Failed transactions and money deducted,3
8048,PhonePe,App freezes during payment,2
8049,GPay,Transaction failed due to bank server down,3
8050,CRED,App freezes during payment,3
8051,CRED,Slow refunds and poor support,3
8052,GPay,Slow refunds and poor support,1
8053,GPay,Transaction failed due to bank server down,3
8054,SBI YONO,App freezes during payment,2
8055,PhonePe,Slow refunds and poor support,2
8056,GPay,Slow refunds and poor support,1
8057,Paytm,Transaction failed due to bank server down,2
8058,PhonePe,Failed transactions and money deducted,1
8059,SBI YONO,App freezes during payment,1
8060,Paytm,UPI server delay error,3
8061,SBI YONO,Failed transactions and money deducted,3
8062,Paytm,App freezes during payment,1
8063,PhonePe,UPI server delay error,3
8064,PhonePe,App freezes during payment,1
8065,SBI YONO,App freezes during payment,3
8066,SBI YONO,Transaction failed due to bank server down,3
8067,SBI YONO,Failed transactions and money deducted,1
8068,PhonePe,Transaction failed due to bank server down,2
8069,SBI YONO,UPI server delay error,1
8070,Paytm,App freezes during payment,1
8071,PhonePe,Transaction failed due to bank server down,3
8072,Paytm,Transaction failed due to bank server down,1
8073,CRED,Slow refunds and poor support,2
8074,SBI YONO,App freezes during payment,2
8075,Paytm,Slow refunds and poor support,2
8076,GPay,App freezes during payment,2
8077,PhonePe,Transaction failed due to bank server down,1
8078,SBI YONO,Transaction failed due to bank server down,2
8079,Paytm,Failed transactions and money deducted,3
8080,PhonePe,Slow refunds and poor support,3
8081,CRED,UPI server delay error,1
8082,CRED,App freezes during payment,3
8083,CRED,App freezes during payment,2
8084,GPay,UPI server delay error,2
8085,CRED,App freezes during payment,1
8086,Paytm,Transaction failed due to bank server down,1
8087,PhonePe,Transaction failed due to bank server down,3
8088,PhonePe,UPI server delay error,2
8089,SBI YONO,App freezes during payment,1
8090,GPay,Transaction failed due to bank server down,1
8091,Paytm,App freezes during payment,2
8092,PhonePe,Failed transactions and money deducted,2
8093,Paytm,UPI server delay error,1
8094,GPay,Transaction failed due to bank server down,2
8095,SBI YONO,Transaction failed due to bank server down,3
8096,PhonePe,Slow refunds and poor support,1
8097,PhonePe,Transaction failed due to bank server down,3
8098,PhonePe,UPI server delay error,2
8099,Paytm,UPI server delay error,2
8100,SBI YONO,Transaction failed due to bank server down,1
8101,SBI YONO,Slow refunds and poor support,1
8102,SBI YONO,App freezes during payment,3
8103,CRED,App freezes during payment,3
8104,Paytm,UPI server delay error,3
8105,CRED,Failed transactions and money deducted,3
8106,PhonePe,Slow refunds and poor support,2
8107,Paytm,UPI server delay error,1
8108,Paytm,Slow refunds and poor support,3
8109,SBI YONO,Transaction failed due to bank server down,3
8110,PhonePe,Slow refunds and poor support,3
8111,GPay,Failed transactions and money deducted,1
8112,PhonePe,UPI server delay error,3
8113,CRED,App freezes during payment,2
8114,SBI YONO,Transaction failed due to bank server down,2
8115,SBI YONO,App freezes during payment,3
8116,GPay,Slow refunds and poor support,2
8117,Paytm,Failed transactions and money deducted,2
8118,SBI YONO,Transaction failed due to bank server down,3
8119,CRED,Slow refunds and poor support,3
8120,PhonePe,App freezes during payment,1
8121,CRED,UPI server delay error,2
8122,Paytm,UPI server delay error,2
8123,SBI YONO,Failed transactions and money deducted,3
8124,SBI YONO,UPI server delay error,1
8125,SBI YONO,Failed transactions and money deducted,1
8126,PhonePe,UPI server delay error,1
8127,Paytm,Slow refunds and poor support,1
8128,GPay,Failed transactions and money deducted,3
8129,SBI YONO,Transaction failed due to bank server down,3
8130,GPay,Failed transactions and money deducted,1
8131,Paytm,UPI server delay error,3
8132,CRED,UPI server delay error,2
8133,GPay,App freezes during payment,2
8134,SBI YONO,Failed transactions and money deducted,3
8135,PhonePe,App freezes during payment,2
8136,Paytm,Transaction failed due to bank server down,2
8137,SBI YONO,App freezes during payment,2
8138,SBI YONO,UPI server delay error,1
8139,PhonePe,Slow refunds and poor support,3
8140,Paytm,Transaction failed due to bank server down,2
8141,Paytm,Failed transactions and money deducted,2
8142,SBI YONO,Slow refunds and poor support,1
8143,Paytm,App freezes during payment,3
8144,CRED,Slow refunds and poor support,1
8145,CRED,Transaction failed due to bank server down,2
8146,PhonePe,UPI server delay error,2
8147,CRED,Failed transactions and money deducted,3
8148,CRED,Failed transactions and money deducted,3
8149,GPay,App freezes during payment,1
8150,CRED,Failed transactions and money deducted,1
8151,GPay,App freezes during payment,1
8152,Paytm,UPI server delay error,1
8153,SBI YONO,Slow refunds and poor support,3
8154,Paytm,Transaction failed due to bank server down,1
8155,SBI YONO,App freezes during payment,3
8156,CRED,Failed transactions and money deducted,2
8157,PhonePe,Slow refunds and poor support,1
8158,Paytm,Transaction failed due to bank server down,3
8159,CRED,UPI server delay error,1
8160,Paytm,App freezes during payment,1
8161,SBI YONO,Transaction failed due to bank server down,1
8162,Paytm,Transaction failed due to bank server down,2
8163,SBI YONO,Slow refunds and poor support,1
8164,GPay,Slow refunds and poor support,2
8165,PhonePe,UPI server delay error,2
8166,Paytm,Failed transactions and money deducted,2
8167,Paytm,Slow refunds and poor support,3
8168,PhonePe,UPI server delay error,1
8169,Paytm,Slow refunds and poor support,1
8170,SBI YONO,Failed transactions and money deducted,3
8171,Paytm,App freezes during payment,3
8172,CRED,Transaction failed due to bank server down,3
8173,PhonePe,UPI server delay error,2
8174,GPay,UPI server delay error,2
8175,PhonePe,Slow refunds and poor support,3
8176,PhonePe,Slow refunds and poor support,1
8177,PhonePe,UPI server delay error,1
8178,SBI YONO,UPI server delay error,2
8179,SBI YONO,App freezes during payment,2
8180,PhonePe,Transaction failed due to bank server down,2
8181,CRED,Transaction failed due to bank server down,1
8182,SBI YONO,UPI server delay error,1
8183,SBI YONO,Slow refunds and poor support,2
8184,CRED,Failed transactions and money deducted,3
8185,CRED,Slow refunds and poor support,1
8186,CRED,Slow refunds and poor support,2
8187,SBI YONO,Transaction failed due to bank server down,2
8188,PhonePe,Transaction failed due to bank server down,2
8189,CRED,App freezes during payment,1
8190,CRED,Slow refunds and poor support,1
8191,SBI YONO,Slow refunds and poor support,3
8192,GPay,Transaction failed due to bank server down,1
8193,Paytm,Failed transactions and money deducted,2
8194,SBI YONO,UPI server delay error,1
8195,PhonePe,App freezes during payment,1
8196,SBI YONO,UPI server delay error,2
8197,SBI YONO,Transaction failed due to bank server down,1
8198,Paytm,App freezes during payment,3
8199,CRED,Failed transactions and money deducted,1
8200,GPay,Transaction failed due to bank server down,1
8201,PhonePe,Slow refunds and poor support,3
8202,GPay,App freezes during payment,1
8203,Paytm,Transaction failed due to bank server down,1
8204,PhonePe,Failed transactions and money deducted,3
8205,SBI YONO,Transaction failed due to bank server down,3
8206,SBI YONO,UPI server delay error,1
8207,Paytm,Slow refunds and poor support,2
8208,PhonePe,Transaction failed due to bank server down,1
8209,Paytm,Failed transactions and money deducted,1
8210,SBI YONO,App freezes during payment,3
8211,PhonePe,Slow refunds and poor support,3
8212,Paytm,App freezes during payment,3
8213,SBI YONO,App freezes during payment,1
8214,CRED,Slow refunds and poor support,1
8215,CRED,UPI server delay error,3
8216,CRED,Failed transactions and money deducted,3
8217,PhonePe,Failed transactions and money deducted,3
8218,SBI YONO,UPI server delay error,1
8219,SBI YONO,Slow refunds and poor support,1
8220,CRED,Failed transactions and money deducted,1
8221,GPay,Failed transactions and money deducted,2
8222,GPay,UPI server delay error,3
8223,PhonePe,Transaction failed due to bank server down,1
8224,GPay,Slow refunds and poor support,2
8225,GPay,Slow refunds and poor support,2
8226,SBI YONO,Slow refunds and poor support,2
8227,SBI YONO,Transaction failed due to bank server down,2
8228,PhonePe,Failed transactions and money deducted,3
8229,PhonePe,UPI server delay error,2
8230,Paytm,UPI server delay error,1
8231,PhonePe,Slow refunds and poor support,1
8232,CRED,App freezes during payment,2
8233,Paytm,Transaction failed due to bank server down,1
8234,PhonePe,App freezes during payment,1
8235,PhonePe,App freezes during payment,3
8236,CRED,Slow refunds and poor support,1
8237,CRED,Slow refunds and poor support,2
8238,GPay,UPI server delay error,1
8239,Paytm,Transaction failed due to bank server down,1
8240,CRED,Transaction failed due to bank server down,2
8241,CRED,UPI server delay error,3
8242,SBI YONO,Failed transactions and money deducted,1
8243,CRED,Slow refunds and poor support,3
8244,GPay,UPI server delay error,1
8245,GPay,App freezes during payment,3
8246,GPay,Slow refunds and poor support,2
8247,Paytm,Failed transactions and money deducted,2
8248,Paytm,Failed transactions and money deducted,2
8249,CRED,Failed transactions and money deducted,3
8250,CRED,App freezes during payment,3
8251,Paytm,Failed transactions and money deducted,1
8252,GPay,App freezes during payment,2
8253,GPay,Failed transactions and money deducted,3
8254,Paytm,Transaction failed due to bank server down,1
8255,SBI YONO,UPI server delay error,1
8256,GPay,Failed transactions and money deducted,1
8257,Paytm,Transaction failed due to bank server down,1
8258,Paytm,Failed transactions and money deducted,2
8259,GPay,Transaction failed due to bank server down,1
8260,GPay,Transaction failed due to bank server down,3
8261,SBI YONO,App freezes during payment,1
8262,GPay,App freezes during payment,1
8263,Paytm,Transaction failed due to bank server down,3
8264,GPay,Failed transactions and money deducted,1
8265,CRED,UPI server delay error,2
8266,Paytm,UPI server delay error,2
8267,SBI YONO,Failed transactions and money deducted,2
8268,PhonePe,UPI server delay error,3
8269,PhonePe,Transaction failed due to bank server down,3
8270,PhonePe,Transaction failed due to bank server down,2
8271,SBI YONO,Failed transactions and money deducted,2
8272,Paytm,UPI server delay error,1
8273,GPay,Slow refunds and poor support,1
8274,GPay,Failed transactions and money deducted,3
8275,SBI YONO,Transaction failed due to bank server down,2
8276,CRED,App freezes during payment,1
8277,Paytm,Failed transactions and money deducted,3
8278,Paytm,Failed transactions and money deducted,3
8279,PhonePe,Failed transactions and money deducted,2
8280,SBI YONO,UPI server delay error,3
8281,PhonePe,Failed transactions and money deducted,2
8282,SBI YONO,Transaction failed due to bank server down,3
8283,CRED,Failed transactions and money deducted,3
8284,PhonePe,Transaction failed due to bank server down,1
8285,PhonePe,Transaction failed due to bank server down,2
8286,PhonePe,Slow refunds and poor support,2
8287,Paytm,Transaction failed due to bank server down,3
8288,CRED,Transaction failed due to bank server down,3
8289,CRED,Transaction failed due to bank server down,2
8290,GPay,UPI server delay error,3
8291,SBI YONO,App freezes during payment,3
8292,CRED,UPI server delay error,2
8293,SBI YONO,Failed transactions and money deducted,1
8294,SBI YONO,UPI server delay error,1
8295,Paytm,Slow refunds and poor support,3
8296,Paytm,Slow refunds and poor support,2
8297,Paytm,Slow refunds and poor support,1
8298,CRED,UPI server delay error,3
8299,PhonePe,Slow refunds and poor support,1
8300,CRED,App freezes during payment,3
8301,PhonePe,Failed transactions and money deducted,2
8302,CRED,App freezes during payment,3
8303,SBI YONO,Transaction failed due to bank server down,2
8304,PhonePe,App freezes during payment,1
8305,CRED,Slow refunds and poor support,2
8306,PhonePe,UPI server delay error,2
8307,SBI YONO,UPI server delay error,1
8308,Paytm,Slow refunds and poor support,1
8309,CRED,App freezes during payment,2
8310,CRED,UPI server delay error,2
8311,GPay,Slow refunds and poor support,1
8312,PhonePe,Failed transactions and money deducted,1
8313,CRED,Slow refunds and poor support,1
8314,GPay,Failed transactions and money deducted,1
8315,PhonePe,App freezes during payment,2
8316,GPay,UPI server delay error,3
8317,Paytm,Slow refunds and poor support,2
8318,PhonePe,App freezes during payment,3
8319,Paytm,Transaction failed due to bank server down,3
8320,CRED,Transaction failed due to bank server down,3
8321,CRED,Transaction failed due to bank server down,2
8322,PhonePe,UPI server delay error,1
8323,CRED,Transaction failed due to bank server down,3
8324,CRED,UPI server delay error,2
8325,SBI YONO,Slow refunds and poor support,3
8326,Paytm,Slow refunds and poor support,3
8327,CRED,Slow refunds and poor support,1
8328,SBI YONO,Transaction failed due to bank server down,1
8329,CRED,App freezes during payment,1
8330,SBI YONO,Transaction failed due to bank server down,1
8331,SBI YONO,App freezes during payment,1
8332,SBI YONO,App freezes during payment,3
8333,SBI YONO,UPI server delay error,2
8334,SBI YONO,Failed transactions and money deducted,1
8335,Paytm,Failed transactions and money deducted,2
8336,PhonePe,UPI server delay error,3
8337,GPay,Slow refunds and poor support,1
8338,PhonePe,App freezes during payment,2
8339,Paytm,Slow refunds and poor support,3
8340,GPay,UPI server delay error,3
8341,PhonePe,Transaction failed due to bank server down,1
8342,SBI YONO,Slow refunds and poor support,2
8343,GPay,Failed transactions and money deducted,2
8344,CRED,Failed transactions and money deducted,1
8345,SBI YONO,Failed transactions and money deducted,1
8346,Paytm,App freezes during payment,3
8347,GPay,Slow refunds and poor support,2
8348,Paytm,UPI server delay error,3
8349,CRED,UPI server delay error,1
8350,GPay,Failed transactions and money deducted,2
8351,SBI YONO,Transaction failed due to bank server down,2
8352,SBI YONO,App freezes during payment,3
8353,SBI YONO,Failed transactions and money deducted,1
8354,GPay,Failed transactions and money deducted,2
8355,Paytm,UPI server delay error,1
8356,SBI YONO,App freezes during payment,2
8357,Paytm,Slow refunds and poor support,3
8358,PhonePe,Slow refunds and poor support,3
8359,PhonePe,App freezes during payment,1
8360,SBI YONO,App freezes during payment,3
8361,Paytm,Slow refunds and poor support,2
8362,SBI YONO,UPI server delay error,3
8363,PhonePe,Transaction failed due to bank server down,1
8364,GPay,Failed transactions and money deducted,3
8365,PhonePe,Failed transactions and money deducted,1
8366,SBI YONO,Failed transactions and money deducted,2
8367,CRED,Slow refunds and poor support,3
8368,CRED,Failed transactions and money deducted,1
8369,SBI YONO,Failed transactions and money deducted,2
8370,PhonePe,UPI server delay error,1
8371,PhonePe,Slow refunds and poor support,1
8372,CRED,App freezes during payment,1
8373,SBI YONO,Slow refunds and poor support,2
8374,GPay,Transaction failed due to bank server down,1
8375,SBI YONO,Slow refunds and poor support,1
8376,SBI YONO,App freezes during payment,1
8377,CRED,UPI server delay error,1
8378,Paytm,Slow refunds and poor support,3
8379,PhonePe,UPI server delay error,1
8380,Paytm,App freezes during payment,1
8381,CRED,Slow refunds and poor support,1
8382,PhonePe,App freezes during payment,1
8383,PhonePe,Failed transactions and money deducted,3
8384,Paytm,UPI server delay error,3
8385,CRED,UPI server delay error,1
8386,SBI YONO,App freezes during payment,2
8387,PhonePe,UPI server delay error,1
8388,Paytm,App freezes during payment,2
8389,Paytm,UPI server delay error,2
8390,GPay,Failed transactions and money deducted,3
8391,GPay,Slow refunds and poor support,2
8392,CRED,Failed transactions and money deducted,3
8393,SBI YONO,Slow refunds and poor support,1
8394,CRED,UPI server delay error,3
8395,Paytm,Failed transactions and money deducted,3
8396,PhonePe,UPI server delay error,1
8397,CRED,Failed transactions and money deducted,1
8398,SBI YONO,App freezes during payment,1
8399,SBI YONO,App freezes during payment,1
8400,Paytm,UPI server delay error,3
8401,GPay,Failed transactions and money deducted,3
8402,SBI YONO,UPI server delay error,3
8403,GPay,Slow refunds and poor support,2
8404,GPay,Transaction failed due to bank server down,2
8405,Paytm,UPI server delay error,2
8406,Paytm,Slow refunds and poor support,2
8407,SBI YONO,Slow refunds and poor support,1
8408,CRED,Transaction failed due to bank server down,2
8409,GPay,Failed transactions and money deducted,1
8410,SBI YONO,Failed transactions and money deducted,2
8411,CRED,UPI server delay error,1
8412,GPay,Failed transactions and money deducted,1
8413,PhonePe,Transaction failed due to bank server down,1
8414,GPay,App freezes during payment,1
8415,PhonePe,Slow refunds and poor support,1
8416,SBI YONO,Transaction failed due to bank server down,2
8417,Paytm,Slow refunds and poor support,2
8418,GPay,Transaction failed due to bank server down,1
8419,PhonePe,Transaction failed due to bank server down,2
8420,SBI YONO,Failed transactions and money deducted,1
8421,Paytm,Failed transactions and money deducted,1
8422,CRED,Slow refunds and poor support,1
8423,GPay,App freezes during payment,1
8424,SBI YONO,UPI server delay error,3
8425,GPay,App freezes during payment,2
8426,Paytm,UPI server delay error,1
8427,PhonePe,Slow refunds and poor support,1
8428,PhonePe,Failed transactions and money deducted,3
8429,PhonePe,Transaction failed due to bank server down,3
8430,PhonePe,Transaction failed due to bank server down,1
8431,GPay,Failed transactions and money deducted,3
8432,SBI YONO,UPI server delay error,2
8433,CRED,App freezes during payment,2
8434,PhonePe,UPI server delay error,2
8435,SBI YONO,Slow refunds and poor support,3
8436,CRED,UPI server delay error,3
8437,Paytm,Failed transactions and money deducted,1
8438,CRED,Slow refunds and poor support,3
8439,PhonePe,Slow refunds and poor support,3
8440,GPay,UPI server delay error,2
8441,GPay,Transaction failed due to bank server down,1
8442,PhonePe,Transaction failed due to bank server down,2
8443,CRED,App freezes during payment,3
8444,CRED,Slow refunds and poor support,2
8445,PhonePe,UPI server delay error,3
8446,GPay,Failed transactions and money deducted,2
8447,SBI YONO,App freezes during payment,3
8448,SBI YONO,App freezes during payment,1
8449,GPay,UPI server delay error,2
8450,CRED,Slow refunds and poor support,1
8451,GPay,App freezes during payment,3
8452,CRED,Slow refunds and poor support,3
8453,Paytm,Slow refunds and poor support,1
8454,SBI YONO,UPI server delay error,1
8455,GPay,App freezes during payment,1
8456,CRED,UPI server delay error,1
8457,Paytm,Slow refunds and poor support,1
8458,GPay,App freezes during payment,2
8459,PhonePe,UPI server delay error,3
8460,Paytm,Transaction failed due to bank server down,1
8461,SBI YONO,App freezes during payment,3
8462,SBI YONO,Transaction failed due to bank server down,2
8463,SBI YONO,Failed transactions and money deducted,1
8464,GPay,UPI server delay error,2
8465,SBI YONO,Transaction failed due to bank server down,2
8466,GPay,Failed transactions and money deducted,2
8467,GPay,App freezes during payment,2
8468,Paytm,Failed transactions and money deducted,2
8469,Paytm,UPI server delay error,3
8470,SBI YONO,Transaction failed due to bank server down,2
8471,SBI YONO,Transaction failed due to bank server down,3
8472,PhonePe,Transaction failed due to bank server down,2
8473,SBI YONO,App freezes during payment,2
8474,SBI YONO,App freezes during payment,2
8475,PhonePe,Failed transactions and money deducted,1
8476,GPay,Failed transactions and money deducted,1
8477,GPay,Slow refunds and poor support,2
8478,SBI YONO,Transaction failed due to bank server down,3
8479,SBI YONO,Transaction failed due to bank server down,2
8480,PhonePe,Transaction failed due to bank server down,1
8481,SBI YONO,App freezes during payment,2
8482,SBI YONO,Failed transactions and money deducted,2
8483,CRED,Transaction failed due to bank server down,1
8484,SBI YONO,Slow refunds and poor support,1
8485,SBI YONO,Transaction failed due to bank server down,2
8486,CRED,Slow refunds and poor support,2
8487,PhonePe,Failed transactions and money deducted,2
8488,CRED,App freezes during payment,3
8489,CRED,UPI server delay error,3
8490,GPay,Slow refunds and poor support,3
8491,Paytm,App freezes during payment,3
8492,GPay,Slow refunds and poor support,1
8493,PhonePe,UPI server delay error,1
8494,SBI YONO,Slow refunds and poor support,1
8495,Paytm,Slow refunds and poor support,3
8496,SBI YONO,App freezes during payment,3
8497,PhonePe,Slow refunds and poor support,1
8498,GPay,Slow refunds and poor support,3
8499,Paytm,Transaction failed due to bank server down,2
8500,GPay,Slow refunds and poor support,1
8501,CRED,UPI server delay error,1
8502,SBI YONO,UPI server delay error,2
8503,PhonePe,Slow refunds and poor support,3
8504,Paytm,Failed transactions and money deducted,3
8505,SBI YONO,UPI server delay error,2
8506,Paytm,App freezes during payment,2
8507,CRED,App freezes during payment,3
8508,SBI YONO,App freezes during payment,3
8509,Paytm,Transaction failed due to bank server down,3
8510,SBI YONO,App freezes during payment,3
8511,PhonePe,Transaction failed due to bank server down,2
8512,GPay,Failed transactions and money deducted,3
8513,CRED,Slow refunds and poor support,1
8514,CRED,Failed transactions and money deducted,1
8515,GPay,App freezes during payment,3
8516,SBI YONO,Slow refunds and poor support,2
8517,CRED,Slow refunds and poor support,1
8518,CRED,App freezes during payment,3
8519,Paytm,App freezes during payment,2
8520,PhonePe,Slow refunds and poor support,3
8521,SBI YONO,App freezes during payment,2
8522,SBI YONO,App freezes during payment,3
8523,CRED,UPI server delay error,2
8524,SBI YONO,Transaction failed due to bank server down,2
8525,CRED,App freezes during payment,1
8526,SBI YONO,App freezes during payment,2
8527,CRED,Transaction failed due to bank server down,3
8528,SBI YONO,Failed transactions and money deducted,1
8529,Paytm,UPI server delay error,3
8530,Paytm,UPI server delay error,2
8531,PhonePe,Transaction failed due to bank server down,2
8532,Paytm,Transaction failed due to bank server down,3
8533,Paytm,Failed transactions and money deducted,3
8534,CRED,UPI server delay error,1
8535,GPay,UPI server delay error,2
8536,Paytm,Failed transactions and money deducted,3
8537,Paytm,Slow refunds and poor support,2
8538,Paytm,Transaction failed due to bank server down,2
8539,PhonePe,Failed transactions and money deducted,3
8540,GPay,Failed transactions and money deducted,2
8541,CRED,Slow refunds and poor support,1
8542,GPay,Transaction failed due to bank server down,3
8543,PhonePe,App freezes during payment,2
8544,CRED,Slow refunds and poor support,2
8545,CRED,App freezes during payment,1
8546,PhonePe,App freezes during payment,2
8547,GPay,UPI server delay error,2
8548,Paytm,Transaction failed due to bank server down,3
8549,Paytm,Transaction failed due to bank server down,3
8550,PhonePe,Slow refunds and poor support,3
8551,SBI YONO,Slow refunds and poor support,3
8552,Paytm,UPI server delay error,3
8553,SBI YONO,Slow refunds and poor support,3
8554,CRED,UPI server delay error,3
8555,CRED,Slow refunds and poor support,3
8556,CRED,UPI server delay error,1
8557,CRED,Slow refunds and poor support,1
8558,GPay,Slow refunds and poor support,2
8559,GPay,Failed transactions and money deducted,1
8560,GPay,Transaction failed due to bank server down,1
8561,CRED,Slow refunds and poor support,2
8562,PhonePe,UPI server delay error,1
8563,Paytm,Transaction failed due to bank server down,2
8564,PhonePe,App freezes during payment,1
8565,SBI YONO,Slow refunds and poor support,1
8566,Paytm,UPI server delay error,3
8567,Paytm,Slow refunds and poor support,2
8568,PhonePe,Transaction failed due to bank server down,3
8569,PhonePe,UPI server delay error,1
8570,CRED,UPI server delay error,1
8571,SBI YONO,Slow refunds and poor support,3
8572,Paytm,UPI server delay error,3
8573,GPay,Failed transactions and money deducted,1
8574,SBI YONO,Slow refunds and poor support,1
8575,PhonePe,Failed transactions and money deducted,3
8576,GPay,UPI server delay error,3
8577,CRED,Transaction failed due to bank server down,3
8578,Paytm,Slow refunds and poor support,2
8579,GPay,Slow refunds and poor support,3
8580,CRED,Slow refunds and poor support,1
8581,CRED,Failed transactions and money deducted,3
8582,Paytm,Failed transactions and money deducted,2
8583,CRED,Transaction failed due to bank server down,3
8584,GPay,Failed transactions and money deducted,3
8585,GPay,Transaction failed due to bank server down,3
8586,Paytm,Transaction failed due to bank server down,1
8587,CRED,Failed transactions and money deducted,3
8588,CRED,Slow refunds and poor support,2
8589,GPay,App freezes during payment,1
8590,GPay,App freezes during payment,2
8591,GPay,Failed transactions and money deducted,2
8592,PhonePe,App freezes during payment,1
8593,Paytm,App freezes during payment,3
8594,CRED,Failed transactions and money deducted,2
8595,SBI YONO,Slow refunds and poor support,2
8596,CRED,Transaction failed due to bank server down,2
8597,Paytm,Slow refunds and poor support,3
8598,SBI YONO,UPI server delay error,1
8599,CRED,UPI server delay error,3
8600,PhonePe,Transaction failed due to bank server down,3
8601,SBI YONO,UPI server delay error,3
8602,PhonePe,Failed transactions and money deducted,1
8603,Paytm,Slow refunds and poor support,2
8604,GPay,Failed transactions and money deducted,3
8605,PhonePe,UPI server delay error,2
8606,CRED,App freezes during payment,1
8607,GPay,UPI server delay error,2
8608,CRED,Transaction failed due to bank server down,3
8609,PhonePe,App freezes during payment,2
8610,CRED,UPI server delay error,3
8611,CRED,Transaction failed due to bank server down,1
8612,SBI YONO,Slow refunds and poor support,3
8613,SBI YONO,Failed transactions and money deducted,2
8614,GPay,App freezes during payment,3
8615,Paytm,Slow refunds and poor support,3
8616,PhonePe,App freezes during payment,1
8617,CRED,Failed transactions and money deducted,2
8618,Paytm,Failed transactions and money deducted,2
8619,Paytm,App freezes during payment,3
8620,Paytm,Failed transactions and money deducted,2
8621,CRED,Failed transactions and money deducted,1
8622,SBI YONO,Slow refunds and poor support,1
8623,Paytm,Failed transactions and money deducted,2
8624,Paytm,App freezes during payment,1
8625,SBI YONO,Slow refunds and poor support,3
8626,GPay,Transaction failed due to bank server down,2
8627,CRED,Transaction failed due to bank server down,2
8628,PhonePe,Transaction failed due to bank server down,2
8629,PhonePe,App freezes during payment,1
8630,CRED,Slow refunds and poor support,2
8631,GPay,Slow refunds and poor support,2
8632,Paytm,Failed transactions and money deducted,2
8633,PhonePe,UPI server delay error,2
8634,PhonePe,UPI server delay error,3
8635,SBI YONO,Transaction failed due to bank server down,2
8636,CRED,Slow refunds and poor support,3
8637,Paytm,App freezes during payment,2
8638,Paytm,UPI server delay error,3
8639,SBI YONO,UPI server delay error,3
8640,CRED,UPI server delay error,1
8641,PhonePe,Failed transactions and money deducted,1
8642,Paytm,Slow refunds and poor support,3
8643,SBI YONO,Slow refunds and poor support,2
8644,SBI YONO,Failed transactions and money deducted,1
8645,SBI YONO,UPI server delay error,2
8646,CRED,Slow refunds and poor support,1
8647,Paytm,Failed transactions and money deducted,2
8648,CRED,Transaction failed due to bank server down,3
8649,SBI YONO,UPI server delay error,1
8650,PhonePe,Failed transactions and money deducted,3
8651,GPay,UPI server delay error,2
8652,SBI YONO,UPI server delay error,3
8653,SBI YONO,Failed transactions and money deducted,3
8654,SBI YONO,Failed transactions and money deducted,1
8655,CRED,App freezes during payment,2
8656,PhonePe,App freezes during payment,3
8657,GPay,Slow refunds and poor support,2
8658,SBI YONO,Transaction failed due to bank server down,2
8659,PhonePe,Slow refunds and poor support,2
8660,SBI YONO,Failed transactions and money deducted,1
8661,SBI YONO,Failed transactions and money deducted,2
8662,CRED,Transaction failed due to bank server down,3
8663,SBI YONO,Transaction failed due to bank server down,1
8664,CRED,UPI server delay error,2
8665,CRED,Failed transactions and money deducted,2
8666,PhonePe,App freezes during payment,1
8667,Paytm,App freezes during payment,1
8668,PhonePe,UPI server delay error,2
8669,Paytm,Transaction failed due to bank server down,2
8670,Paytm,Slow refunds and poor support,3
8671,GPay,App freezes during payment,1
8672,Paytm,Slow refunds and poor support,2
8673,Paytm,Failed transactions and money deducted,2
8674,SBI YONO,Failed transactions and money deducted,2
8675,GPay,Failed transactions and money deducted,2
8676,PhonePe,App freezes during payment,3
8677,GPay,Failed transactions and money deducted,1
8678,SBI YONO,Failed transactions and money deducted,1
8679,Paytm,Failed transactions and money deducted,3
8680,GPay,Slow refunds and poor support,2
8681,SBI YONO,Slow refunds and poor support,2
8682,SBI YONO,Transaction failed due to bank server down,3
8683,Paytm,Failed transactions and money deducted,3
8684,GPay,UPI server delay error,2
8685,SBI YONO,App freezes during payment,2
8686,Paytm,Transaction failed due to bank server down,1
8687,CRED,UPI server delay error,2
8688,SBI YONO,App freezes during payment,2
8689,Paytm,App freezes during payment,3
8690,PhonePe,Slow refunds and poor support,1
8691,CRED,UPI server delay error,1
8692,Paytm,Failed transactions and money deducted,2
8693,GPay,App freezes during payment,1
8694,PhonePe,Slow refunds and poor support,1
8695,GPay,Transaction failed due to bank server down,1
8696,PhonePe,Transaction failed due to bank server down,2
8697,SBI YONO,App freezes during payment,1
8698,GPay,App freezes during payment,2
8699,Paytm,UPI server delay error,3
8700,GPay,Slow refunds and poor support,2
8701,SBI YONO,Failed transactions and money deducted,2
8702,PhonePe,Slow refunds and poor support,1
8703,CRED,Transaction failed due to bank server down,1
8704,SBI YONO,Failed transactions and money deducted,2
8705,CRED,Transaction failed due to bank server down,1
8706,CRED,Transaction failed due to bank server down,2
8707,PhonePe,Slow refunds and poor support,3
8708,GPay,App freezes during payment,1
8709,PhonePe,Slow refunds and poor support,3
8710,PhonePe,Failed transactions and money deducted,3
8711,PhonePe,Transaction failed due to bank server down,2
8712,SBI YONO,Slow refunds and poor support,3
8713,SBI YONO,Transaction failed due to bank server down,3
8714,SBI YONO,Slow refunds and poor support,2
8715,GPay,Failed transactions and money deducted,2
8716,Paytm,Transaction failed due to bank server down,3
8717,SBI YONO,Transaction failed due to bank server down,1
8718,CRED,Transaction failed due to bank server down,2
8719,CRED,Failed transactions and money deducted,2
8720,PhonePe,Transaction failed due to bank server down,3
8721,GPay,App freezes during payment,2
8722,CRED,Failed transactions and money deducted,3
8723,CRED,Failed transactions and money deducted,3
8724,Paytm,Transaction failed due to bank server down,2
8725,SBI YONO,Transaction failed due to bank server down,1
8726,PhonePe,UPI server delay error,3
8727,GPay,Slow refunds and poor support,3
8728,CRED,Transaction failed due to bank server down,3
8729,CRED,UPI server delay error,3
8730,GPay,Failed transactions and money deducted,2
8731,Paytm,Slow refunds and poor support,2
8732,CRED,App freezes during payment,3
8733,GPay,Slow refunds and poor support,1
8734,CRED,App freezes during payment,1
8735,SBI YONO,Transaction failed due to bank server down,2
8736,GPay,UPI server delay error,2
8737,PhonePe,Transaction failed due to bank server down,2
8738,PhonePe,Slow refunds and poor support,2
8739,SBI YONO,Transaction failed due to bank server down,3
8740,GPay,Transaction failed due to bank server down,1
8741,SBI YONO,Slow refunds and poor support,1
8742,CRED,Transaction failed due to bank server down,2
8743,GPay,UPI server delay error,2
8744,CRED,App freezes during payment,2
8745,CRED,UPI server delay error,3
8746,PhonePe,App freezes during payment,1
8747,SBI YONO,Slow refunds and poor support,1
8748,CRED,UPI server delay error,3
8749,GPay,Transaction failed due to bank server down,3
8750,PhonePe,Failed transactions and money deducted,2
8751,CRED,UPI server delay error,3
8752,PhonePe,App freezes during payment,1
8753,PhonePe,Transaction failed due to bank server down,3
8754,CRED,Slow refunds and poor support,1
8755,SBI YONO,Slow refunds and poor support,3
8756,GPay,Slow refunds and poor support,1
8757,Paytm,App freezes during payment,2
8758,CRED,App freezes during payment,2
8759,GPay,App freezes during payment,3
8760,PhonePe,Failed transactions and money deducted,3
8761,CRED,Slow refunds and poor support,3
8762,Paytm,Failed transactions and money deducted,2
8763,PhonePe,UPI server delay error,2
8764,Paytm,UPI server delay error,1
8765,Paytm,Transaction failed due to bank server down,1
8766,Paytm,App freezes during payment,2
8767,SBI YONO,App freezes during payment,2
8768,GPay,Failed transactions and money deducted,2
8769,SBI YONO,UPI server delay error,2
8770,Paytm,Slow refunds and poor support,2
8771,GPay,App freezes during payment,1
8772,GPay,Failed transactions and money deducted,2
8773,GPay,Failed transactions and money deducted,2
8774,SBI YONO,Slow refunds and poor support,2
8775,PhonePe,UPI server delay error,3
8776,SBI YONO,App freezes during payment,3
8777,SBI YONO,Failed transactions and money deducted,2
8778,CRED,App freezes during payment,1
8779,PhonePe,Failed transactions and money deducted,2
8780,SBI YONO,Transaction failed due to bank server down,3
8781,CRED,Transaction failed due to bank server down,3
8782,Paytm,Failed transactions and money deducted,1
8783,Paytm,Slow refunds and poor support,3
8784,PhonePe,Transaction failed due to bank server down,1
8785,Paytm,Transaction failed due to bank server down,2
8786,PhonePe,Failed transactions and money deducted,1
8787,PhonePe,UPI server delay error,1
8788,CRED,Transaction failed due to bank server down,3
8789,GPay,UPI server delay error,2
8790,PhonePe,Transaction failed due to bank server down,1
8791,CRED,UPI server delay error,2
8792,GPay,Transaction failed due to bank server down,2
8793,PhonePe,UPI server delay error,1
8794,SBI YONO,App freezes during payment,3
8795,Paytm,Slow refunds and poor support,2
8796,GPay,UPI server delay error,3
8797,PhonePe,Slow refunds and poor support,2
8798,CRED,Failed transactions and money deducted,2
8799,GPay,Transaction failed due to bank server down,3
8800,GPay,App freezes during payment,3
8801,SBI YONO,App freezes during payment,3
8802,GPay,App freezes during payment,1
8803,Paytm,App freezes during payment,2
8804,PhonePe,Slow refunds and poor support,1
8805,PhonePe,App freezes during payment,2
8806,PhonePe,Failed transactions and money deducted,3
8807,GPay,Slow refunds and poor support,3
8808,CRED,Slow refunds and poor support,2
8809,GPay,App freezes during payment,1
8810,SBI YONO,App freezes during payment,1
8811,CRED,Slow refunds and poor support,3
8812,GPay,Failed transactions and money deducted,2
8813,CRED,Transaction failed due to bank server down,2
8814,SBI YONO,App freezes during payment,3
8815,SBI YONO,App freezes during payment,1
8816,GPay,Transaction failed due to bank server down,3
8817,GPay,UPI server delay error,1
8818,CRED,UPI server delay error,1
8819,SBI YONO,App freezes during payment,2
8820,SBI YONO,Transaction failed due to bank server down,2
8821,CRED,Slow refunds and poor support,1
8822,CRED,App freezes during payment,3
8823,GPay,UPI server delay error,2
8824,Paytm,Transaction failed due to bank server down,3
8825,CRED,Failed transactions and money deducted,1
8826,CRED,Slow refunds and poor support,3
8827,GPay,App freezes during payment,3
8828,PhonePe,App freezes during payment,3
8829,CRED,Transaction failed due to bank server down,1
8830,Paytm,Slow refunds and poor support,3
8831,Paytm,Failed transactions and money deducted,3
8832,SBI YONO,Transaction failed due to bank server down,3
8833,PhonePe,Transaction failed due to bank server down,2
8834,Paytm,Slow refunds and poor support,1
8835,GPay,Failed transactions and money deducted,1
8836,SBI YONO,Failed transactions and money deducted,1
8837,SBI YONO,App freezes during payment,3
8838,SBI YONO,Failed transactions and money deducted,2
8839,GPay,Slow refunds and poor support,1
8840,SBI YONO,Failed transactions and money deducted,1
8841,PhonePe,Slow refunds and poor support,1
8842,Paytm,Transaction failed due to bank server down,2
8843,CRED,Transaction failed due to bank server down,2
8844,Paytm,UPI server delay error,2
8845,GPay,App freezes during payment,1
8846,GPay,UPI server delay error,2
8847,PhonePe,Failed transactions and money deducted,1
8848,GPay,Failed transactions and money deducted,2
8849,GPay,App freezes during payment,1
8850,GPay,Failed transactions and money deducted,3
8851,PhonePe,UPI server delay error,3
8852,Paytm,App freezes during payment,1
8853,SBI YONO,Slow refunds and poor support,2
8854,CRED,Transaction failed due to bank server down,2
8855,SBI YONO,Transaction failed due to bank server down,2
8856,CRED,App freezes during payment,2
8857,CRED,UPI server delay error,2
8858,GPay,UPI server delay error,3
8859,GPay,Failed transactions and money deducted,2
8860,CRED,Transaction failed due to bank server down,1
8861,GPay,Failed transactions and money deducted,3
8862,SBI YONO,App freezes during payment,2
8863,GPay,Slow refunds and poor support,2
8864,SBI YONO,Transaction failed due to bank server down,2
8865,SBI YONO,App freezes during payment,3
8866,CRED,Failed transactions and money deducted,3
8867,CRED,Slow refunds and poor support,3
8868,CRED,Failed transactions and money deducted,2
8869,GPay,Failed transactions and money deducted,1
8870,SBI YONO,Failed transactions and money deducted,2
8871,PhonePe,Transaction failed due to bank server down,1
8872,SBI YONO,App freezes during payment,1
8873,Paytm,UPI server delay error,3
8874,Paytm,Slow refunds and poor support,2
8875,PhonePe,Slow refunds and poor support,3
8876,SBI YONO,Transaction failed due to bank server down,2
8877,CRED,App freezes during payment,1
8878,SBI YONO,Transaction failed due to bank server down,3
8879,Paytm,Transaction failed due to bank server down,3
8880,Paytm,UPI server delay error,3
8881,GPay,Transaction failed due to bank server down,1
8882,SBI YONO,App freezes during payment,1
8883,GPay,UPI server delay error,3
8884,SBI YONO,Failed transactions and money deducted,2
8885,SBI YONO,Slow refunds and poor support,2
8886,CRED,App freezes during payment,3
8887,Paytm,Failed transactions and money deducted,3
8888,Paytm,Transaction failed due to bank server down,2
8889,CRED,Failed transactions and money deducted,2
8890,Paytm,App freezes during payment,1
8891,CRED,Failed transactions and money deducted,3
8892,Paytm,Transaction failed due to bank server down,1
8893,PhonePe,UPI server delay error,1
8894,GPay,Failed transactions and money deducted,3
8895,CRED,UPI server delay error,3
8896,SBI YONO,Slow refunds and poor support,2
8897,CRED,Slow refunds and poor support,1
8898,PhonePe,Slow refunds and poor support,3
8899,Paytm,UPI server delay error,2
8900,CRED,App freezes during payment,3
8901,CRED,Slow refunds and poor support,2
8902,PhonePe,UPI server delay error,2
8903,PhonePe,Slow refunds and poor support,2
8904,SBI YONO,UPI server delay error,2
8905,CRED,Transaction failed due to bank server down,2
8906,PhonePe,Failed transactions and money deducted,2
8907,GPay,Transaction failed due to bank server down,2
8908,SBI YONO,Slow refunds and poor support,1
8909,Paytm,Slow refunds and poor support,2
8910,SBI YONO,Failed transactions and money deducted,1
8911,GPay,Failed transactions and money deducted,3
8912,CRED,Failed transactions and money deducted,3
8913,SBI YONO,Failed transactions and money deducted,2
8914,GPay,Transaction failed due to bank server down,1
8915,Paytm,Slow refunds and poor support,1
8916,CRED,Slow refunds and poor support,1
8917,CRED,Transaction failed due to bank server down,1
8918,SBI YONO,Slow refunds and poor support,2
8919,Paytm,Slow refunds and poor support,2
8920,Paytm,Transaction failed due to bank server down,1
8921,PhonePe,Failed transactions and money deducted,1
8922,CRED,Transaction failed due to bank server down,2
8923,SBI YONO,Failed transactions and money deducted,2
8924,GPay,Transaction failed due to bank server down,3
8925,CRED,Failed transactions and money deducted,2
8926,GPay,App freezes during payment,3
8927,PhonePe,App freezes during payment,3
8928,PhonePe,Failed transactions and money deducted,3
8929,PhonePe,Slow refunds and poor support,1
8930,Paytm,Slow refunds and poor support,3
8931,GPay,App freezes during payment,2
8932,Paytm,Transaction failed due to bank server down,1
8933,CRED,Transaction failed due to bank server down,2
8934,Paytm,Transaction failed due to bank server down,1
8935,SBI YONO,UPI server delay error,1
8936,SBI YONO,App freezes during payment,3
8937,PhonePe,Slow refunds and poor support,1
8938,Paytm,Transaction failed due to bank server down,2
8939,CRED,App freezes during payment,3
8940,Paytm,Transaction failed due to bank server down,2
8941,Paytm,Transaction failed due to bank server down,1
8942,Paytm,App freezes during payment,1
8943,PhonePe,Slow refunds and poor support,2
8944,SBI YONO,Failed transactions and money deducted,1
8945,PhonePe,Failed transactions and money deducted,1
8946,Paytm,Failed transactions and money deducted,2
8947,Paytm,Transaction failed due to bank server down,2
8948,SBI YONO,UPI server delay error,2
8949,GPay,Slow refunds and poor support,3
8950,SBI YONO,Failed transactions and money deducted,3
8951,PhonePe,Slow refunds and poor support,1
8952,Paytm,Slow refunds and poor support,1
8953,CRED,App freezes during payment,1
8954,PhonePe,Slow refunds and poor support,1
8955,Paytm,Slow refunds and poor support,1
8956,GPay,Failed transactions and money deducted,2
8957,GPay,UPI server delay error,1
8958,SBI YONO,Slow refunds and poor support,3
8959,SBI YONO,Failed transactions and money deducted,2
8960,CRED,UPI server delay error,2
8961,SBI YONO,UPI server delay error,1
8962,SBI YONO,Slow refunds and poor support,1
8963,GPay,Transaction failed due to bank server down,3
8964,PhonePe,UPI server delay error,2
8965,GPay,Transaction failed due to bank server down,3
8966,GPay,Transaction failed due to bank server down,1
8967,Paytm,App freezes during payment,2
8968,Paytm,Slow refunds and poor support,1
8969,CRED,Transaction failed due to bank server down,1
8970,GPay,UPI server delay error,3
8971,PhonePe,App freezes during payment,3
8972,GPay,UPI server delay error,1
8973,Paytm,UPI server delay error,3
8974,PhonePe,Transaction failed due to bank server down,2
8975,CRED,UPI server delay error,2
8976,CRED,Transaction failed due to bank server down,1
8977,SBI YONO,Failed transactions and money deducted,3
8978,PhonePe,UPI server delay error,3
8979,CRED,Failed transactions and money deducted,2
8980,SBI YONO,App freezes during payment,1
8981,PhonePe,Slow refunds and poor support,2
8982,GPay,Transaction failed due to bank server down,3
8983,CRED,UPI server delay error,2
8984,GPay,Failed transactions and money deducted,1
8985,CRED,App freezes during payment,2
8986,GPay,App freezes during payment,1
8987,SBI YONO,UPI server delay error,2
8988,GPay,Failed transactions and money deducted,1
8989,GPay,App freezes during payment,3
8990,CRED,Failed transactions and money deducted,3
8991,Paytm,Transaction failed due to bank server down,1
8992,CRED,Slow refunds and poor support,3
8993,SBI YONO,Transaction failed due to bank server down,2
8994,GPay,App freezes during payment,2
8995,Paytm,Failed transactions and money deducted,3
8996,Paytm,Failed transactions and money deducted,3
8997,SBI YONO,Transaction failed due to bank server down,1
8998,CRED,UPI server delay error,1
8999,SBI YONO,UPI server delay error,2
9000,SBI YONO,Slow refunds and poor support,2
9001,SBI YONO,Failed transactions and money deducted,2
9002,Paytm,App freezes during payment,2
9003,PhonePe,App freezes during payment,1
9004,SBI YONO,Slow refunds and poor support,2
9005,CRED,Failed transactions and money deducted,3
9006,PhonePe,Transaction failed due to bank server down,2
9007,PhonePe,Transaction failed due to bank server down,1
9008,GPay,App freezes during payment,3
9009,CRED,Transaction failed due to bank server down,1
9010,PhonePe,App freezes during payment,3
9011,SBI YONO,Failed transactions and money deducted,1
9012,PhonePe,Slow refunds and poor support,3
9013,PhonePe,App freezes during payment,3
9014,CRED,UPI server delay error,3
9015,SBI YONO,Slow refunds and poor support,2
9016,Paytm,Failed transactions and money deducted,2
9017,GPay,UPI server delay error,1
9018,CRED,Transaction failed due to bank server down,1
9019,SBI YONO,Failed transactions and money deducted,1
9020,GPay,App freezes during payment,3
9021,GPay,App freezes during payment,1
9022,PhonePe,Slow refunds and poor support,2
9023,GPay,Slow refunds and poor support,2
9024,CRED,Failed transactions and money deducted,3
9025,CRED,App freezes during payment,1
9026,PhonePe,UPI server delay error,2
9027,Paytm,UPI server delay error,1
9028,CRED,Slow refunds and poor support,1
9029,PhonePe,App freezes during payment,1
9030,GPay,App freezes during payment,2
9031,SBI YONO,Slow refunds and poor support,3
9032,CRED,Failed transactions and money deducted,2
9033,CRED,Failed transactions and money deducted,3
9034,Paytm,Transaction failed due to bank server down,3
9035,CRED,Transaction failed due to bank server down,3
9036,CRED,UPI server delay error,1
9037,CRED,App freezes during payment,3
9038,Paytm,App freezes during payment,3
9039,GPay,Transaction failed due to bank server down,3
9040,SBI YONO,App freezes during payment,3
9041,PhonePe,Failed transactions and money deducted,2
9042,GPay,App freezes during payment,2
9043,SBI YONO,UPI server delay error,1
9044,GPay,UPI server delay error,1
9045,CRED,App freezes during payment,3
9046,PhonePe,Slow refunds and poor support,3
9047,CRED,Transaction failed due to bank server down,1
9048,GPay,Failed transactions and money deducted,2
9049,GPay,UPI server delay error,1
9050,Paytm,App freezes during payment,2
9051,GPay,Failed transactions and money deducted,1
9052,Paytm,Transaction failed due to bank server down,3
9053,PhonePe,App freezes during payment,1
9054,Paytm,Slow refunds and poor support,1
9055,PhonePe,UPI server delay error,3
9056,PhonePe,Failed transactions and money deducted,3
9057,Paytm,App freezes during payment,3
9058,CRED,UPI server delay error,1
9059,SBI YONO,App freezes during payment,2
9060,PhonePe,Slow refunds and poor support,2
9061,SBI YONO,App freezes during payment,1
9062,SBI YONO,UPI server delay error,2
9063,GPay,App freezes during payment,3
9064,SBI YONO,Slow refunds and poor support,1
9065,SBI YONO,Failed transactions and money deducted,3
9066,SBI YONO,Transaction failed due to bank server down,1
9067,PhonePe,UPI server delay error,3
9068,SBI YONO,App freezes during payment,1
9069,Paytm,Slow refunds and poor support,1
9070,Paytm,UPI server delay error,1
9071,CRED,Slow refunds and poor support,3
9072,Paytm,Slow refunds and poor support,2
9073,Paytm,App freezes during payment,1
9074,Paytm,Slow refunds and poor support,2
9075,GPay,App freezes during payment,3
9076,Paytm,Slow refunds and poor support,2
9077,CRED,Slow refunds and poor support,1
9078,SBI YONO,Failed transactions and money deducted,1
9079,Paytm,Failed transactions and money deducted,1
9080,CRED,App freezes during payment,3
9081,PhonePe,Failed transactions and money deducted,3
9082,GPay,Failed transactions and money deducted,2
9083,PhonePe,Slow refunds and poor support,1
9084,GPay,Slow refunds and poor support,2
9085,Paytm,Transaction failed due to bank server down,1
9086,CRED,Failed transactions and money deducted,3
9087,SBI YONO,App freezes during payment,3
9088,SBI YONO,App freezes during payment,2
9089,SBI YONO,Slow refunds and poor support,2
9090,GPay,UPI server delay error,3
9091,Paytm,Failed transactions and money deducted,2
9092,GPay,App freezes during payment,3
9093,GPay,Transaction failed due to bank server down,1
9094,PhonePe,Transaction failed due to bank server down,3
9095,SBI YONO,Transaction failed due to bank server down,3
9096,SBI YONO,App freezes during payment,1
9097,GPay,App freezes during payment,1
9098,Paytm,App freezes during payment,3
9099,Paytm,UPI server delay error,3
9100,CRED,App freezes during payment,2
9101,Paytm,Failed transactions and money deducted,1
9102,GPay,Slow refunds and poor support,1
9103,Paytm,Failed transactions and money deducted,3
9104,SBI YONO,Failed transactions and money deducted,1
9105,Paytm,Slow refunds and poor support,2
9106,Paytm,Slow refunds and poor support,1
9107,Paytm,Slow refunds and poor support,1
9108,GPay,Transaction failed due to bank server down,1
9109,GPay,Transaction failed due to bank server down,3
9110,Paytm,Transaction failed due to bank server down,3
9111,CRED,Transaction failed due to bank server down,2
9112,PhonePe,UPI server delay error,3
9113,CRED,Transaction failed due to bank server down,1
9114,SBI YONO,App freezes during payment,1
9115,Paytm,Slow refunds and poor support,3
9116,Paytm,App freezes during payment,3
9117,SBI YONO,UPI server delay error,2
9118,GPay,Failed transactions and money deducted,3
9119,GPay,UPI server delay error,3
9120,Paytm,UPI server delay error,1
9121,GPay,UPI server delay error,2
9122,Paytm,App freezes during payment,2
9123,Paytm,UPI server delay error,3
9124,GPay,Failed transactions and money deducted,3
9125,Paytm,Slow refunds and poor support,3
9126,Paytm,Slow refunds and poor support,1
9127,CRED,Failed transactions and money deducted,3
9128,GPay,App freezes during payment,3
9129,Paytm,Failed transactions and money deducted,1
9130,CRED,App freezes during payment,1
9131,SBI YONO,UPI server delay error,1
9132,CRED,Slow refunds and poor support,3
9133,CRED,Slow refunds and poor support,1
9134,GPay,Failed transactions and money deducted,1
9135,PhonePe,Failed transactions and money deducted,2
9136,Paytm,Failed transactions and money deducted,1
9137,PhonePe,Failed transactions and money deducted,1
9138,PhonePe,Slow refunds and poor support,1
9139,CRED,Failed transactions and money deducted,1
9140,GPay,Transaction failed due to bank server down,3
9141,CRED,App freezes during payment,3
9142,PhonePe,Slow refunds and poor support,1
9143,Paytm,UPI server delay error,1
9144,Paytm,Failed transactions and money deducted,1
9145,CRED,Slow refunds and poor support,1
9146,SBI YONO,App freezes during payment,1
9147,SBI YONO,App freezes during payment,1
9148,PhonePe,Transaction failed due to bank server down,3
9149,Paytm,App freezes during payment,3
9150,GPay,Failed transactions and money deducted,2
9151,SBI YONO,Slow refunds and poor support,1
9152,GPay,Slow refunds and poor support,3
9153,PhonePe,Transaction failed due to bank server down,2
9154,SBI YONO,Failed transactions and money deducted,2
9155,PhonePe,Transaction failed due to bank server down,2
9156,GPay,Transaction failed due to bank server down,1
9157,GPay,UPI server delay error,2
9158,CRED,App freezes during payment,3
9159,SBI YONO,App freezes during payment,3
9160,Paytm,App freezes during payment,1
9161,PhonePe,UPI server delay error,1
9162,SBI YONO,Failed transactions and money deducted,3
9163,PhonePe,UPI server delay error,3
9164,PhonePe,Transaction failed due to bank server down,3
9165,Paytm,Failed transactions and money deducted,2
9166,Paytm,App freezes during payment,1
9167,CRED,Slow refunds and poor support,1
9168,PhonePe,Slow refunds and poor support,1
9169,SBI YONO,Slow refunds and poor support,2
9170,CRED,Slow refunds and poor support,1
9171,CRED,Slow refunds and poor support,1
9172,Paytm,Failed transactions and money deducted,3
9173,SBI YONO,Transaction failed due to bank server down,3
9174,CRED,App freezes during payment,1
9175,SBI YONO,App freezes during payment,3
9176,CRED,Failed transactions and money deducted,1
9177,GPay,UPI server delay error,3
9178,SBI YONO,App freezes during payment,2
9179,SBI YONO,Transaction failed due to bank server down,1
9180,GPay,Slow refunds and poor support,3
9181,PhonePe,Transaction failed due to bank server down,2
9182,SBI YONO,App freezes during payment,2
9183,PhonePe,App freezes during payment,3
9184,CRED,Transaction failed due to bank server down,1
9185,SBI YONO,App freezes during payment,2
9186,CRED,Slow refunds and poor support,2
9187,PhonePe,UPI server delay error,3
9188,Paytm,Slow refunds and poor support,3
9189,PhonePe,Failed transactions and money deducted,2
9190,PhonePe,Failed transactions and money deducted,3
9191,PhonePe,Failed transactions and money deducted,2
9192,PhonePe,Transaction failed due to bank server down,1
9193,CRED,UPI server delay error,3
9194,GPay,Slow refunds and poor support,2
9195,PhonePe,Transaction failed due to bank server down,3
9196,SBI YONO,Transaction failed due to bank server down,3
9197,CRED,UPI server delay error,2
9198,SBI YONO,UPI server delay error,1
9199,GPay,Slow refunds and poor support,3
9200,Paytm,App freezes during payment,2
9201,PhonePe,App freezes during payment,3
9202,GPay,Slow refunds and poor support,3
9203,PhonePe,App freezes during payment,3
9204,PhonePe,Failed transactions and money deducted,3
9205,CRED,Failed transactions and money deducted,3
9206,CRED,Failed transactions and money deducted,3
9207,CRED,Transaction failed due to bank server down,1
9208,CRED,UPI server delay error,3
9209,PhonePe,App freezes during payment,1
9210,SBI YONO,App freezes during payment,3
9211,CRED,Failed transactions and money deducted,2
9212,Paytm,UPI server delay error,1
9213,CRED,Failed transactions and money deducted,3
9214,Paytm,App freezes during payment,1
9215,GPay,Failed transactions and money deducted,2
9216,CRED,Transaction failed due to bank server down,3
9217,GPay,Transaction failed due to bank server down,2
9218,SBI YONO,App freezes during payment,3
9219,SBI YONO,UPI server delay error,2
9220,CRED,Slow refunds and poor support,2
9221,Paytm,Slow refunds and poor support,1
9222,CRED,Failed transactions and money deducted,2
9223,GPay,UPI server delay error,3
9224,GPay,Slow refunds and poor support,3
9225,PhonePe,Transaction failed due to bank server down,1
9226,Paytm,Slow refunds and poor support,3
9227,Paytm,Transaction failed due to bank server down,3
9228,CRED,App freezes during payment,2
9229,CRED,App freezes during payment,3
9230,PhonePe,Slow refunds and poor support,1
9231,SBI YONO,Failed transactions and money deducted,3
9232,CRED,App freezes during payment,2
9233,PhonePe,Slow refunds and poor support,2
9234,Paytm,Transaction failed due to bank server down,1
9235,GPay,Slow refunds and poor support,2
9236,PhonePe,Transaction failed due to bank server down,1
9237,PhonePe,Failed transactions and money deducted,1
9238,CRED,Transaction failed due to bank server down,1
9239,PhonePe,Slow refunds and poor support,1
9240,PhonePe,App freezes during payment,3
9241,Paytm,Slow refunds and poor support,2
9242,SBI YONO,Transaction failed due to bank server down,1
9243,SBI YONO,UPI server delay error,1
9244,Paytm,UPI server delay error,3
9245,Paytm,App freezes during payment,1
9246,CRED,Failed transactions and money deducted,2
9247,PhonePe,Failed transactions and money deducted,1
9248,Paytm,App freezes during payment,2
9249,CRED,UPI server delay error,3
9250,CRED,Slow refunds and poor support,3
9251,Paytm,Transaction failed due to bank server down,2
9252,GPay,Slow refunds and poor support,3
9253,PhonePe,UPI server delay error,2
9254,CRED,Failed transactions and money deducted,1
9255,PhonePe,App freezes during payment,1
9256,CRED,UPI server delay error,3
9257,PhonePe,App freezes during payment,1
9258,SBI YONO,UPI server delay error,3
9259,Paytm,App freezes during payment,2
9260,PhonePe,Failed transactions and money deducted,2
9261,SBI YONO,App freezes during payment,1
9262,SBI YONO,Slow refunds and poor support,3
9263,CRED,Slow refunds and poor support,2
9264,Paytm,Transaction failed due to bank server down,2
9265,Paytm,Transaction failed due to bank server down,3
9266,SBI YONO,UPI server delay error,1
9267,GPay,Slow refunds and poor support,1
9268,GPay,Failed transactions and money deducted,3
9269,SBI YONO,Failed transactions and money deducted,2
9270,SBI YONO,Failed transactions and money deducted,1
9271,PhonePe,UPI server delay error,1
9272,Paytm,Failed transactions and money deducted,2
9273,CRED,UPI server delay error,3
9274,CRED,UPI server delay error,3
9275,PhonePe,Slow refunds and poor support,3
9276,CRED,Slow refunds and poor support,2
9277,Paytm,UPI server delay error,2
9278,PhonePe,App freezes during payment,2
9279,CRED,Transaction failed due to bank server down,2
9280,SBI YONO,UPI server delay error,3
9281,GPay,Transaction failed due to bank server down,2
9282,PhonePe,Failed transactions and money deducted,1
9283,SBI YONO,Transaction failed due to bank server down,2
9284,CRED,Failed transactions and money deducted,2
9285,CRED,Transaction failed due to bank server down,2
9286,Paytm,App freezes during payment,1
9287,GPay,Failed transactions and money deducted,3
9288,PhonePe,Transaction failed due to bank server down,2
9289,Paytm,App freezes during payment,2
9290,SBI YONO,UPI server delay error,2
9291,GPay,Failed transactions and money deducted,1
9292,SBI YONO,Transaction failed due to bank server down,1
9293,PhonePe,App freezes during payment,1
9294,PhonePe,Failed transactions and money deducted,2
9295,PhonePe,App freezes during payment,1
9296,CRED,App freezes during payment,2
9297,Paytm,App freezes during payment,3
9298,GPay,Failed transactions and money deducted,3
9299,SBI YONO,Transaction failed due to bank server down,3
9300,GPay,UPI server delay error,1
9301,GPay,App freezes during payment,1
9302,GPay,UPI server delay error,2
9303,SBI YONO,Transaction failed due to bank server down,3
9304,PhonePe,Transaction failed due to bank server down,3
9305,SBI YONO,Transaction failed due to bank server down,3
9306,PhonePe,Transaction failed due to bank server down,3
9307,GPay,Transaction failed due to bank server down,3
9308,GPay,Transaction failed due to bank server down,3
9309,GPay,UPI server delay error,1
9310,GPay,Slow refunds and poor support,3
9311,GPay,Transaction failed due to bank server down,2
9312,PhonePe,Transaction failed due to bank server down,2
9313,SBI YONO,Failed transactions and money deducted,3
9314,SBI YONO,UPI server delay error,1
9315,CRED,UPI server delay error,2
9316,SBI YONO,Failed transactions and money deducted,2
9317,SBI YONO,Failed transactions and money deducted,1
9318,SBI YONO,Transaction failed due to bank server down,2
9319,GPay,App freezes during payment,3
9320,Paytm,UPI server delay error,1
9321,SBI YONO,Failed transactions and money deducted,1
9322,CRED,Slow refunds and poor support,3
9323,PhonePe,Failed transactions and money deducted,1
9324,Paytm,UPI server delay error,3
9325,CRED,Slow refunds and poor support,3
9326,Paytm,Slow refunds and poor support,1
9327,PhonePe,App freezes during payment,2
9328,SBI YONO,Failed transactions and money deducted,1
9329,GPay,App freezes during payment,3
9330,CRED,Slow refunds and poor support,1
9331,PhonePe,Slow refunds and poor support,2
9332,GPay,Transaction failed due to bank server down,3
9333,GPay,Slow refunds and poor support,2
9334,SBI YONO,UPI server delay error,2
9335,GPay,App freezes during payment,2
9336,CRED,UPI server delay error,3
9337,Paytm,Transaction failed due to bank server down,2
9338,CRED,UPI server delay error,2
9339,Paytm,Transaction failed due to bank server down,2
9340,Paytm,Failed transactions and money deducted,1
9341,Paytm,App freezes during payment,1
9342,GPay,Slow refunds and poor support,2
9343,PhonePe,Slow refunds and poor support,3
9344,PhonePe,Slow refunds and poor support,3
9345,GPay,Failed transactions and money deducted,1
9346,SBI YONO,App freezes during payment,1
9347,SBI YONO,UPI server delay error,1
9348,Paytm,Slow refunds and poor support,2
9349,GPay,Slow refunds and poor support,2
9350,CRED,Failed transactions and money deducted,1
9351,CRED,UPI server delay error,2
9352,GPay,UPI server delay error,3
9353,Paytm,Slow refunds and poor support,3
9354,Paytm,Failed transactions and money deducted,3
9355,PhonePe,App freezes during payment,3
9356,CRED,App freezes during payment,3
9357,GPay,UPI server delay error,1
9358,SBI YONO,UPI server delay error,1
9359,Paytm,App freezes during payment,3
9360,SBI YONO,UPI server delay error,1
9361,PhonePe,UPI server delay error,2
9362,PhonePe,Slow refunds and poor support,1
9363,SBI YONO,Transaction failed due to bank server down,1
9364,CRED,Transaction failed due to bank server down,3
9365,GPay,Slow refunds and poor support,3
9366,PhonePe,App freezes during payment,1
9367,GPay,Transaction failed due to bank server down,1
9368,SBI YONO,Slow refunds and poor support,3
9369,PhonePe,UPI server delay error,2
9370,PhonePe,App freezes during payment,3
9371,PhonePe,Transaction failed due to bank server down,1
9372,CRED,Slow refunds and poor support,1
9373,PhonePe,Failed transactions and money deducted,1
9374,GPay,Transaction failed due to bank server down,3
9375,Paytm,App freezes during payment,1
9376,CRED,App freezes during payment,1
9377,SBI YONO,Transaction failed due to bank server down,2
9378,PhonePe,Slow refunds and poor support,1
9379,GPay,Transaction failed due to bank server down,2
9380,GPay,App freezes during payment,1
9381,PhonePe,UPI server delay error,1
9382,CRED,Transaction failed due to bank server down,1
9383,SBI YONO,Slow refunds and poor support,2
9384,GPay,App freezes during payment,3
9385,SBI YONO,App freezes during payment,3
9386,CRED,UPI server delay error,1
9387,Paytm,Slow refunds and poor support,2
9388,GPay,App freezes during payment,2
9389,SBI YONO,Failed transactions and money deducted,1
9390,PhonePe,Transaction failed due to bank server down,1
9391,Paytm,Slow refunds and poor support,2
9392,Paytm,UPI server delay error,1
9393,Paytm,Slow refunds and poor support,2
9394,Paytm,UPI server delay error,3
9395,Paytm,Slow refunds and poor support,2
9396,SBI YONO,Failed transactions and money deducted,1
9397,GPay,Transaction failed due to bank server down,3
9398,SBI YONO,UPI server delay error,2
9399,PhonePe,Failed transactions and money deducted,3
9400,SBI YONO,App freezes during payment,3
9401,GPay,UPI server delay error,3
9402,GPay,Transaction failed due to bank server down,2
9403,CRED,Transaction failed due to bank server down,3
9404,PhonePe,Transaction failed due to bank server down,1
9405,Paytm,UPI server delay error,1
9406,GPay,UPI server delay error,3
9407,PhonePe,UPI server delay error,2
9408,GPay,Slow refunds and poor support,3
9409,PhonePe,Transaction failed due to bank server down,2
9410,PhonePe,Slow refunds and poor support,3
9411,PhonePe,UPI server delay error,3
9412,CRED,Slow refunds and poor support,2
9413,Paytm,App freezes during payment,3
9414,PhonePe,App freezes during payment,3
9415,SBI YONO,Transaction failed due to bank server down,3
9416,Paytm,Slow refunds and poor support,3
9417,Paytm,Transaction failed due to bank server down,3
9418,CRED,UPI server delay error,3
9419,GPay,App freezes during payment,1
9420,Paytm,Transaction failed due to bank server down,1
9421,GPay,Slow refunds and poor support,3
9422,Paytm,UPI server delay error,1
9423,GPay,Failed transactions and money deducted,1
9424,GPay,UPI server delay error,3
9425,CRED,UPI server delay error,3
9426,SBI YONO,UPI server delay error,2
9427,GPay,Slow refunds and poor support,1
9428,GPay,UPI server delay error,2
9429,CRED,App freezes during payment,3
9430,SBI YONO,Failed transactions and money deducted,2
9431,PhonePe,Slow refunds and poor support,3
9432,SBI YONO,Failed transactions and money deducted,1
9433,Paytm,Slow refunds and poor support,1
9434,CRED,Transaction failed due to bank server down,3
9435,SBI YONO,Slow refunds and poor support,1
9436,SBI YONO,UPI server delay error,1
9437,SBI YONO,Failed transactions and money deducted,1
9438,GPay,Failed transactions and money deducted,2
9439,SBI YONO,App freezes during payment,2
9440,GPay,Failed transactions and money deducted,3
9441,CRED,Slow refunds and poor support,1
9442,SBI YONO,Slow refunds and poor support,3
9443,GPay,UPI server delay error,1
9444,PhonePe,UPI server delay error,2
9445,PhonePe,UPI server delay error,1
9446,SBI YONO,Failed transactions and money deducted,1
9447,Paytm,UPI server delay error,1
9448,PhonePe,Transaction failed due to bank server down,3
9449,PhonePe,Failed transactions and money deducted,3
9450,PhonePe,UPI server delay error,2
9451,PhonePe,Failed transactions and money deducted,1
9452,PhonePe,Transaction failed due to bank server down,1
9453,GPay,Slow refunds and poor support,1
9454,PhonePe,App freezes during payment,3
9455,PhonePe,Failed transactions and money deducted,1
9456,GPay,Transaction failed due to bank server down,3
9457,PhonePe,UPI server delay error,1
9458,GPay,Failed transactions and money deducted,2
9459,CRED,Failed transactions and money deducted,1
9460,GPay,Failed transactions and money deducted,2
9461,SBI YONO,Slow refunds and poor support,3
9462,SBI YONO,Transaction failed due to bank server down,2
9463,GPay,App freezes during payment,2
9464,GPay,App freezes during payment,1
9465,GPay,Transaction failed due to bank server down,3
9466,Paytm,App freezes during payment,3
9467,CRED,App freezes during payment,1
9468,GPay,Failed transactions and money deducted,1
9469,CRED,Slow refunds and poor support,2
9470,SBI YONO,Transaction failed due to bank server down,1
9471,CRED,App freezes during payment,2
9472,PhonePe,UPI server delay error,3
9473,GPay,App freezes during payment,2
9474,SBI YONO,Failed transactions and money deducted,3
9475,CRED,App freezes during payment,3
9476,GPay,Failed transactions and money deducted,1
9477,CRED,Transaction failed due to bank server down,3
9478,PhonePe,Transaction failed due to bank server down,3
9479,GPay,App freezes during payment,2
9480,Paytm,Slow refunds and poor support,3
9481,Paytm,Transaction failed due to bank server down,2
9482,PhonePe,UPI server delay error,1
9483,SBI YONO,UPI server delay error,2
9484,PhonePe,Slow refunds and poor support,1
9485,CRED,Transaction failed due to bank server down,2
9486,PhonePe,Slow refunds and poor support,3
9487,PhonePe,UPI server delay error,2
9488,PhonePe,Slow refunds and poor support,2
9489,CRED,App freezes during payment,1
9490,CRED,App freezes during payment,3
9491,PhonePe,UPI server delay error,3
9492,PhonePe,Slow refunds and poor support,1
9493,CRED,Failed transactions and money deducted,1
9494,CRED,Failed transactions and money deducted,2
9495,CRED,Transaction failed due to bank server down,2
9496,CRED,App freezes during payment,3
9497,Paytm,App freezes during payment,1
9498,SBI YONO,UPI server delay error,2
9499,GPay,Slow refunds and poor support,2
9500,Paytm,App freezes during payment,3
9501,Paytm,UPI server delay error,2
9502,GPay,Transaction failed due to bank server down,1
9503,CRED,UPI server delay error,1
9504,Paytm,Transaction failed due to bank server down,1
9505,CRED,Transaction failed due to bank server down,3
9506,PhonePe,App freezes during payment,2
9507,CRED,Transaction failed due to bank server down,2
9508,PhonePe,App freezes during payment,1
9509,CRED,Transaction failed due to bank server down,1
9510,PhonePe,Slow refunds and poor support,2
9511,PhonePe,App freezes during payment,2
9512,GPay,UPI server delay error,1
9513,SBI YONO,Slow refunds and poor support,1
9514,Paytm,Failed transactions and money deducted,3
9515,CRED,App freezes during payment,1
9516,SBI YONO,App freezes during payment,1
9517,PhonePe,Failed transactions and money deducted,3
9518,GPay,Slow refunds and poor support,1
9519,GPay,UPI server delay error,2
9520,CRED,UPI server delay error,1
9521,SBI YONO,UPI server delay error,3
9522,SBI YONO,Transaction failed due to bank server down,2
9523,CRED,Slow refunds and poor support,1
9524,CRED,UPI server delay error,1
9525,Paytm,Transaction failed due to bank server down,3
9526,Paytm,Slow refunds and poor support,2
9527,CRED,Failed transactions and money deducted,2
9528,SBI YONO,Slow refunds and poor support,3
9529,Paytm,Transaction failed due to bank server down,1
9530,GPay,Failed transactions and money deducted,1
9531,GPay,Slow refunds and poor support,1
9532,CRED,Failed transactions and money deducted,2
9533,PhonePe,App freezes during payment,2
9534,Paytm,Slow refunds and poor support,2
9535,Paytm,Failed transactions and money deducted,1
9536,GPay,Failed transactions and money deducted,1
9537,Paytm,Slow refunds and poor support,2
9538,GPay,Slow refunds and poor support,1
9539,PhonePe,Failed transactions and money deducted,1
9540,CRED,Failed transactions and money deducted,3
9541,PhonePe,UPI server delay error,2
9542,Paytm,Failed transactions and money deducted,1
9543,PhonePe,Transaction failed due to bank server down,2
9544,PhonePe,Failed transactions and money deducted,1
9545,SBI YONO,Transaction failed due to bank server down,2
9546,CRED,Transaction failed due to bank server down,2
9547,SBI YONO,App freezes during payment,3
9548,GPay,UPI server delay error,3
9549,SBI YONO,Failed transactions and money deducted,2
9550,Paytm,UPI server delay error,2
9551,GPay,UPI server delay error,3
9552,Paytm,Transaction failed due to bank server down,3
9553,Paytm,Transaction failed due to bank server down,2
9554,CRED,Failed transactions and money deducted,1
9555,CRED,UPI server delay error,1
9556,GPay,UPI server delay error,3
9557,Paytm,App freezes during payment,2
9558,Paytm,Failed transactions and money deducted,2
9559,PhonePe,Slow refunds and poor support,1
9560,Paytm,Slow refunds and poor support,3
9561,PhonePe,Transaction failed due to bank server down,3
9562,SBI YONO,App freezes during payment,1
9563,CRED,App freezes during payment,2
9564,SBI YONO,Failed transactions and money deducted,1
9565,GPay,Failed transactions and money deducted,2
9566,CRED,App freezes during payment,3
9567,PhonePe,UPI server delay error,2
9568,PhonePe,Transaction failed due to bank server down,2
9569,GPay,UPI server delay error,2
9570,Paytm,Slow refunds and poor support,2
9571,Paytm,Failed transactions and money deducted,2
9572,CRED,Transaction failed due to bank server down,2
9573,GPay,Slow refunds and poor support,3
9574,PhonePe,Transaction failed due to bank server down,1
9575,GPay,Transaction failed due to bank server down,3
9576,Paytm,App freezes during payment,1
9577,GPay,Failed transactions and money deducted,3
9578,CRED,Failed transactions and money deducted,2
9579,Paytm,Transaction failed due to bank server down,3
9580,SBI YONO,Transaction failed due to bank server down,2
9581,CRED,App freezes during payment,1
9582,Paytm,Slow refunds and poor support,2
9583,CRED,Transaction failed due to bank server down,3
9584,Paytm,Slow refunds and poor support,1
9585,Paytm,UPI server delay error,1
9586,CRED,UPI server delay error,2
9587,CRED,Failed transactions and money deducted,1
9588,CRED,App freezes during payment,3
9589,Paytm,UPI server delay error,1
9590,CRED,Failed transactions and money deducted,2
9591,CRED,Transaction failed due to bank server down,1
9592,Paytm,App freezes during payment,3
9593,Paytm,Transaction failed due to bank server down,2
9594,CRED,App freezes during payment,2
9595,GPay,App freezes during payment,2
9596,Paytm,App freezes during payment,1
9597,PhonePe,Transaction failed due to bank server down,3
9598,CRED,UPI server delay error,3
9599,GPay,Transaction failed due to bank server down,1
9600,PhonePe,UPI server delay error,2
9601,Paytm,Transaction failed due to bank server down,3
9602,PhonePe,Transaction failed due to bank server down,3
9603,PhonePe,App freezes during payment,2
9604,GPay,Failed transactions and money deducted,1
9605,Paytm,App freezes during payment,3
9606,CRED,Transaction failed due to bank server down,3
9607,SBI YONO,Failed transactions and money deducted,2
9608,GPay,Transaction failed due to bank server down,2
9609,SBI YONO,Failed transactions and money deducted,1
9610,SBI YONO,App freezes during payment,2
9611,Paytm,UPI server delay error,1
9612,Paytm,UPI server delay error,2
9613,Paytm,Transaction failed due to bank server down,3
9614,Paytm,App freezes during payment,1
9615,CRED,Failed transactions and money deducted,1
9616,PhonePe,Slow refunds and poor support,2
9617,SBI YONO,Transaction failed due to bank server down,2
9618,Paytm,Failed transactions and money deducted,3
9619,PhonePe,App freezes during payment,2
9620,CRED,Slow refunds and poor support,1
9621,CRED,UPI server delay error,1
9622,GPay,App freezes during payment,1
9623,SBI YONO,App freezes during payment,3
9624,PhonePe,Slow refunds and poor support,1
9625,SBI YONO,UPI server delay error,2
9626,Paytm,UPI server delay error,1
9627,PhonePe,Failed transactions and money deducted,2
9628,CRED,UPI server delay error,1
9629,SBI YONO,Slow refunds and poor support,1
9630,PhonePe,UPI server delay error,1
9631,CRED,Failed transactions and money deducted,1
9632,PhonePe,Failed transactions and money deducted,1
9633,SBI YONO,UPI server delay error,1
9634,GPay,App freezes during payment,3
9635,CRED,Transaction failed due to bank server down,1
9636,PhonePe,App freezes during payment,2
9637,GPay,App freezes during payment,3
9638,GPay,Failed transactions and money deducted,1
9639,Paytm,UPI server delay error,1
9640,SBI YONO,App freezes during payment,2
9641,PhonePe,UPI server delay error,1
9642,Paytm,App freezes during payment,3
9643,GPay,Failed transactions and money deducted,3
9644,CRED,App freezes during payment,3
9645,CRED,Failed transactions and money deducted,1
9646,SBI YONO,Failed transactions and money deducted,1
9647,PhonePe,Failed transactions and money deducted,2
9648,SBI YONO,App freezes during payment,3
9649,Paytm,Slow refunds and poor support,3
9650,GPay,Transaction failed due to bank server down,3
9651,Paytm,Transaction failed due to bank server down,2
9652,Paytm,Slow refunds and poor support,1
9653,Paytm,Failed transactions and money deducted,2
9654,GPay,UPI server delay error,2
9655,CRED,Transaction failed due to bank server down,1
9656,SBI YONO,Transaction failed due to bank server down,3
9657,Paytm,UPI server delay error,1
9658,PhonePe,UPI server delay error,1
9659,SBI YONO,App freezes during payment,1
9660,GPay,UPI server delay error,1
9661,SBI YONO,Slow refunds and poor support,2
9662,CRED,Slow refunds and poor support,1
9663,PhonePe,App freezes during payment,1
9664,PhonePe,Transaction failed due to bank server down,1
9665,SBI YONO,UPI server delay error,2
9666,PhonePe,UPI server delay error,2
9667,PhonePe,Failed transactions and money deducted,3
9668,GPay,App freezes during payment,3
9669,PhonePe,App freezes during payment,1
9670,CRED,Slow refunds and poor support,2
9671,PhonePe,UPI server delay error,1
9672,CRED,Slow refunds and poor support,3
9673,PhonePe,Slow refunds and poor support,3
9674,Paytm,UPI server delay error,2
9675,CRED,Failed transactions and money deducted,2
9676,SBI YONO,UPI server delay error,1
9677,GPay,Failed transactions and money deducted,1
9678,CRED,Slow refunds and poor support,3
9679,Paytm,Failed transactions and money deducted,2
9680,GPay,Failed transactions and money deducted,3
9681,GPay,Failed transactions and money deducted,2
9682,GPay,Transaction failed due to bank server down,3
9683,GPay,Transaction failed due to bank server down,2
9684,GPay,UPI server delay error,3
9685,CRED,Slow refunds and poor support,1
9686,CRED,Transaction failed due to bank server down,1
9687,CRED,App freezes during payment,2
9688,GPay,UPI server delay error,1
9689,SBI YONO,Transaction failed due to bank server down,3
9690,PhonePe,App freezes during payment,2
9691,CRED,App freezes during payment,3
9692,GPay,Slow refunds and poor support,2
9693,Paytm,UPI server delay error,1
9694,Paytm,App freezes during payment,2
9695,GPay,Failed transactions and money deducted,1
9696,CRED,Transaction failed due to bank server down,1
9697,SBI YONO,UPI server delay error,2
9698,SBI YONO,App freezes during payment,1
9699,GPay,App freezes during payment,3
9700,GPay,App freezes during payment,2
9701,SBI YONO,Failed transactions and money deducted,3
9702,Paytm,App freezes during payment,2
9703,CRED,Slow refunds and poor support,3
9704,Paytm,Failed transactions and money deducted,3
9705,GPay,Transaction failed due to bank server down,2
9706,CRED,UPI server delay error,3
9707,Paytm,App freezes during payment,3
9708,PhonePe,App freezes during payment,3
9709,GPay,Failed transactions and money deducted,1
9710,SBI YONO,App freezes during payment,2
9711,Paytm,UPI server delay error,3
9712,Paytm,Slow refunds and poor support,1
9713,GPay,Transaction failed due to bank server down,3
9714,CRED,UPI server delay error,2
9715,CRED,App freezes during payment,1
9716,Paytm,Transaction failed due to bank server down,2
9717,Paytm,Failed transactions and money deducted,1
9718,CRED,Failed transactions and money deducted,3
9719,PhonePe,App freezes during payment,2
9720,GPay,UPI server delay error,3
9721,SBI YONO,Slow refunds and poor support,2
9722,Paytm,UPI server delay error,2
9723,GPay,Transaction failed due to bank server down,3
9724,SBI YONO,App freezes during payment,2
9725,CRED,Failed transactions and money deducted,3
9726,SBI YONO,Transaction failed due to bank server down,3
9727,PhonePe,UPI server delay error,1
9728,SBI YONO,Failed transactions and money deducted,2
9729,CRED,Transaction failed due to bank server down,3
9730,CRED,Failed transactions and money deducted,1
9731,Paytm,UPI server delay error,3
9732,Paytm,App freezes during payment,2
9733,SBI YONO,Transaction failed due to bank server down,1
9734,PhonePe,Failed transactions and money deducted,3
9735,Paytm,Transaction failed due to bank server down,3
9736,CRED,App freezes during payment,2
9737,SBI YONO,Slow refunds and poor support,2
9738,CRED,Failed transactions and money deducted,1
9739,GPay,Transaction failed due to bank server down,3
9740,GPay,UPI server delay error,3
9741,Paytm,App freezes during payment,1
9742,GPay,Failed transactions and money deducted,1
9743,Paytm,UPI server delay error,1
9744,PhonePe,Slow refunds and poor support,3
9745,PhonePe,Failed transactions and money deducted,1
9746,GPay,Failed transactions and money deducted,3
9747,CRED,App freezes during payment,3
9748,CRED,Slow refunds and poor support,3
9749,Paytm,App freezes during payment,2
9750,Paytm,Slow refunds and poor support,3
9751,Paytm,App freezes during payment,2
9752,PhonePe,App freezes during payment,2
9753,GPay,Failed transactions and money deducted,1
9754,Paytm,UPI server delay error,3
9755,CRED,Failed transactions and money deducted,2
9756,Paytm,Transaction failed due to bank server down,3
9757,CRED,UPI server delay error,1
9758,SBI YONO,Slow refunds and poor support,1
9759,Paytm,Failed transactions and money deducted,3
9760,Paytm,Slow refunds and poor support,1
9761,CRED,UPI server delay error,2
9762,PhonePe,Transaction failed due to bank server down,2
9763,GPay,Failed transactions and money deducted,3
9764,PhonePe,UPI server delay error,2
9765,GPay,UPI server delay error,1
9766,Paytm,Slow refunds and poor support,3
9767,CRED,UPI server delay error,2
9768,Paytm,Failed transactions and money deducted,1
9769,GPay,Failed transactions and money deducted,2
9770,CRED,Transaction failed due to bank server down,3
9771,CRED,Slow refunds and poor support,1
9772,CRED,Transaction failed due to bank server down,2
9773,PhonePe,Slow refunds and poor support,3
9774,GPay,Failed transactions and money deducted,3
9775,SBI YONO,UPI server delay error,3
9776,GPay,UPI server delay error,1
9777,Paytm,UPI server delay error,2
9778,CRED,Failed transactions and money deducted,3
9779,SBI YONO,UPI server delay error,1
9780,Paytm,UPI server delay error,2
9781,PhonePe,UPI server delay error,3
9782,Paytm,Slow refunds and poor support,3
9783,GPay,Transaction failed due to bank server down,2
9784,GPay,App freezes during payment,2
9785,PhonePe,Transaction failed due to bank server down,3
9786,Paytm,Transaction failed due to bank server down,1
9787,SBI YONO,Transaction failed due to bank server down,3
9788,CRED,UPI server delay error,2
9789,Paytm,UPI server delay error,2
9790,Paytm,Failed transactions and money deducted,3
9791,CRED,UPI server delay error,2
9792,GPay,Slow refunds and poor support,2
9793,Paytm,Transaction failed due to bank server down,3
9794,PhonePe,App freezes during payment,1
9795,CRED,Transaction failed due to bank server down,1
9796,Paytm,Slow refunds and poor support,3
9797,Paytm,UPI server delay error,3
9798,Paytm,UPI server delay error,2
9799,CRED,Failed transactions and money deducted,3
9800,SBI YONO,Transaction failed due to bank server down,2
9801,SBI YONO,Transaction failed due to bank server down,3
9802,CRED,Transaction failed due to bank server down,1
9803,SBI YONO,Slow refunds and poor support,1
9804,PhonePe,App freezes during payment,3
9805,CRED,Transaction failed due to bank server down,3
9806,PhonePe,Slow refunds and poor support,3
9807,SBI YONO,Failed transactions and money deducted,1
9808,PhonePe,Slow refunds and poor support,2
9809,GPay,UPI server delay error,2
9810,GPay,Transaction failed due to bank server down,1
9811,PhonePe,Failed transactions and money deducted,2
9812,CRED,Slow refunds and poor support,3
9813,SBI YONO,Transaction failed due to bank server down,3
9814,GPay,Failed transactions and money deducted,2
9815,PhonePe,UPI server delay error,1
9816,PhonePe,UPI server delay error,3
9817,Paytm,Transaction failed due to bank server down,3
9818,Paytm,Failed transactions and money deducted,1
9819,GPay,Slow refunds and poor support,1
9820,Paytm,Failed transactions and money deducted,2
9821,CRED,Failed transactions and money deducted,1
9822,GPay,Slow refunds and poor support,2
9823,GPay,Failed transactions and money deducted,1
9824,GPay,UPI server delay error,2
9825,Paytm,Failed transactions and money deducted,2
9826,SBI YONO,Transaction failed due to bank server down,2
9827,GPay,Failed transactions and money deducted,2
9828,PhonePe,UPI server delay error,1
9829,GPay,Failed transactions and money deducted,2
9830,PhonePe,Slow refunds and poor support,2
9831,Paytm,Transaction failed due to bank server down,1
9832,SBI YONO,Slow refunds and poor support,1
9833,GPay,Transaction failed due to bank server down,1
9834,GPay,App freezes during payment,1
9835,CRED,Slow refunds and poor support,2
9836,Paytm,Failed transactions and money deducted,1
9837,GPay,Failed transactions and money deducted,1
9838,PhonePe,App freezes during payment,2
9839,PhonePe,App freezes during payment,1
9840,SBI YONO,App freezes during payment,3
9841,Paytm,Failed transactions and money deducted,2
9842,SBI YONO,Failed transactions and money deducted,3
9843,PhonePe,Failed transactions and money deducted,2
9844,SBI YONO,Failed transactions and money deducted,3
9845,GPay,App freezes during payment,3
9846,Paytm,Failed transactions and money deducted,1
9847,PhonePe,Transaction failed due to bank server down,2
9848,GPay,Slow refunds and poor support,1
9849,PhonePe,App freezes during payment,2
9850,GPay,UPI server delay error,3
9851,SBI YONO,Transaction failed due to bank server down,2
9852,Paytm,UPI server delay error,3
9853,PhonePe,Slow refunds and poor support,3
9854,PhonePe,App freezes during payment,3
9855,Paytm,App freezes during payment,3
9856,PhonePe,App freezes during payment,1
9857,SBI YONO,Slow refunds and poor support,1
9858,GPay,UPI server delay error,1
9859,CRED,Transaction failed due to bank server down,3
9860,PhonePe,UPI server delay error,1
9861,Paytm,Transaction failed due to bank server down,1
9862,SBI YONO,UPI server delay error,1
9863,GPay,App freezes during payment,3
9864,CRED,Failed transactions and money deducted,3
9865,SBI YONO,Failed transactions and money deducted,3
9866,PhonePe,Failed transactions and money deducted,1
9867,Paytm,UPI server delay error,2
9868,CRED,Transaction failed due to bank server down,3
9869,GPay,Transaction failed due to bank server down,1
9870,CRED,App freezes during payment,2
9871,GPay,Failed transactions and money deducted,3
9872,Paytm,Slow refunds and poor support,3
9873,GPay,Transaction failed due to bank server down,2
9874,PhonePe,Failed transactions and money deducted,1
9875,Paytm,Failed transactions and money deducted,2
9876,GPay,UPI server delay error,3
9877,GPay,UPI server delay error,3
9878,SBI YONO,Transaction failed due to bank server down,1
9879,PhonePe,Transaction failed due to bank server down,1
9880,PhonePe,Failed transactions and money deducted,3
9881,Paytm,Failed transactions and money deducted,2
9882,CRED,Failed transactions and money deducted,2
9883,CRED,App freezes during payment,3
9884,GPay,App freezes during payment,3
9885,CRED,App freezes during payment,2
9886,GPay,UPI server delay error,1
9887,SBI YONO,Slow refunds and poor support,3
9888,PhonePe,Slow refunds and poor support,2
9889,CRED,UPI server delay error,2
9890,Paytm,Slow refunds and poor support,2
9891,GPay,Failed transactions and money deducted,2
9892,CRED,UPI server delay error,1
9893,GPay,UPI server delay error,2
9894,CRED,Transaction failed due to bank server down,2
9895,Paytm,Transaction failed due to bank server down,3
9896,GPay,Transaction failed due to bank server down,3
9897,Paytm,UPI server delay error,2
9898,SBI YONO,Slow refunds and poor support,1
9899,GPay,App freezes during payment,1
9900,GPay,Slow refunds and poor support,2
9901,CRED,Slow refunds and poor support,2
9902,PhonePe,UPI server delay error,3
9903,GPay,Slow refunds and poor support,3
9904,Paytm,UPI server delay error,3
9905,GPay,Transaction failed due to bank server down,2
9906,CRED,Failed transactions and money deducted,1
9907,PhonePe,Slow refunds and poor support,1
9908,SBI YONO,Transaction failed due to bank server down,3
9909,Paytm,App freezes during payment,3
9910,PhonePe,Slow refunds and poor support,1
9911,PhonePe,App freezes during payment,2
9912,GPay,UPI server delay error,2
9913,GPay,UPI server delay error,2
9914,SBI YONO,Transaction failed due to bank server down,2
9915,PhonePe,UPI server delay error,2
9916,SBI YONO,Slow refunds and poor support,1
9917,Paytm,App freezes during payment,1
9918,Paytm,Transaction failed due to bank server down,2
9919,Paytm,UPI server delay error,2
9920,SBI YONO,Transaction failed due to bank server down,1
9921,Paytm,Slow refunds and poor support,1
9922,Paytm,App freezes during payment,2
9923,GPay,Transaction failed due to bank server down,3
9924,SBI YONO,Failed transactions and money deducted,2
9925,SBI YONO,Failed transactions and money deducted,3
9926,PhonePe,Transaction failed due to bank server down,1
9927,Paytm,Transaction failed due to bank server down,1
9928,PhonePe,UPI server delay error,3
9929,Paytm,Transaction failed due to bank server down,2
9930,PhonePe,Slow refunds and poor support,2
9931,CRED,Slow refunds and poor support,2
9932,PhonePe,App freezes during payment,1
9933,GPay,Slow refunds and poor support,2
9934,Paytm,UPI server delay error,1
9935,SBI YONO,Slow refunds and poor support,1
9936,GPay,App freezes during payment,2
9937,CRED,App freezes during payment,2
9938,Paytm,Failed transactions and money deducted,2
9939,PhonePe,Failed transactions and money deducted,2
9940,CRED,UPI server delay error,3
9941,PhonePe,Failed transactions and money deducted,3
9942,Paytm,App freezes during payment,2
9943,Paytm,Slow refunds and poor support,1
9944,CRED,App freezes during payment,2
9945,CRED,UPI server delay error,2
9946,GPay,Failed transactions and money deducted,1
9947,SBI YONO,Slow refunds and poor support,1
9948,CRED,Failed transactions and money deducted,3
9949,GPay,Failed transactions and money deducted,1
9950,SBI YONO,UPI server delay error,2
9951,Paytm,Slow refunds and poor support,1
9952,CRED,UPI server delay error,2
9953,GPay,UPI server delay error,3
9954,Paytm,UPI server delay error,1
9955,GPay,App freezes during payment,2
9956,SBI YONO,Slow refunds and poor support,2
9957,SBI YONO,Transaction failed due to bank server down,2
9958,Paytm,UPI server delay error,3
9959,PhonePe,App freezes during payment,3
9960,GPay,UPI server delay error,1
9961,SBI YONO,Slow refunds and poor support,3
9962,SBI YONO,App freezes during payment,2
9963,PhonePe,Failed transactions and money deducted,1
9964,GPay,UPI server delay error,3
9965,GPay,UPI server delay error,2
9966,Paytm,App freezes during payment,2
9967,CRED,Transaction failed due to bank server down,2
9968,SBI YONO,App freezes during payment,2
9969,PhonePe,Failed transactions and money deducted,3
9970,PhonePe,Slow refunds and poor support,3
9971,PhonePe,UPI server delay error,1
9972,CRED,Slow refunds and poor support,3
9973,PhonePe,Slow refunds and poor support,3
9974,CRED,Failed transactions and money deducted,2
9975,SBI YONO,Failed transactions and money deducted,2
9976,CRED,App freezes during payment,1
9977,SBI YONO,App freezes during payment,2
9978,Paytm,Transaction failed due to bank server down,1
9979,GPay,Slow refunds and poor support,2
9980,SBI YONO,App freezes during payment,1
9981,SBI YONO,App freezes during payment,2
9982,SBI YONO,Transaction failed due to bank server down,2
9983,Paytm,App freezes during payment,3
9984,GPay,Transaction failed due to bank server down,2
9985,GPay,Failed transactions and money deducted,2
9986,PhonePe,Failed transactions and money deducted,3
9987,SBI YONO,Slow refunds and poor support,3
9988,GPay,App freezes during payment,2
9989,SBI YONO,Transaction failed due to bank server down,3
9990,PhonePe,Transaction failed due to bank server down,2
9991,SBI YONO,Transaction failed due to bank server down,3
9992,SBI YONO,Failed transactions and money deducted,3
9993,GPay,Slow refunds and poor support,1
9994,CRED,Failed transactions and money deducted,3
9995,SBI YONO,UPI server delay error,1
9996,GPay,App freezes during payment,2
9997,PhonePe,Transaction failed due to bank server down,2
9998,PhonePe,Slow refunds and poor support,3
9999,CRED,Failed transactions and money deducted,3
10000,GPay,Transaction failed due to bank server down,2
10001,Paytm,Slow refunds and poor support,3
10002,Paytm,Slow refunds and poor support,3
10003,Paytm,App freezes during payment,2
10004,CRED,App freezes during payment,3
10005,CRED,Slow refunds and poor support,2
10006,PhonePe,UPI server delay error,2
10007,SBI YONO,Failed transactions and money deducted,1
10008,GPay,UPI server delay error,1
10009,CRED,Slow refunds and poor support,2
10010,PhonePe,App freezes during payment,2
10011,CRED,Transaction failed due to bank server down,3
10012,GPay,Failed transactions and money deducted,1
10013,CRED,App freezes during payment,3
10014,Paytm,Failed transactions and money deducted,3
10015,CRED,App freezes during payment,2
10016,CRED,Slow refunds and poor support,1
10017,PhonePe,Slow refunds and poor support,1
10018,PhonePe,Slow refunds and poor support,3
10019,PhonePe,UPI server delay error,2
10020,SBI YONO,Transaction failed due to bank server down,1
10021,Paytm,UPI server delay error,3
10022,PhonePe,App freezes during payment,3
10023,Paytm,UPI server delay error,3
10024,GPay,App freezes during payment,1
10025,CRED,Slow refunds and poor support,3
10026,GPay,UPI server delay error,1
10027,CRED,UPI server delay error,2
10028,Paytm,Failed transactions and money deducted,1
10029,CRED,App freezes during payment,1
10030,PhonePe,App freezes during payment,1
10031,Paytm,Transaction failed due to bank server down,2
10032,PhonePe,Transaction failed due to bank server down,3
10033,PhonePe,App freezes during payment,1
10034,Paytm,Failed transactions and money deducted,3
10035,PhonePe,Failed transactions and money deducted,1
10036,GPay,App freezes during payment,2
10037,Paytm,Slow refunds and poor support,3
10038,GPay,Transaction failed due to bank server down,1
10039,CRED,Transaction failed due to bank server down,2
10040,SBI YONO,Slow refunds and poor support,3
10041,GPay,Failed transactions and money deducted,1
10042,GPay,Slow refunds and poor support,3
10043,PhonePe,App freezes during payment,3
10044,CRED,UPI server delay error,1
10045,SBI YONO,App freezes during payment,1
10046,PhonePe,Failed transactions and money deducted,2
10047,GPay,Slow refunds and poor support,3
10048,GPay,App freezes during payment,1
10049,CRED,Slow refunds and poor support,3
10050,SBI YONO,UPI server delay error,3
10051,Paytm,UPI server delay error,1
10052,SBI YONO,Slow refunds and poor support,3
10053,GPay,App freezes during payment,2
10054,Paytm,Transaction failed due to bank server down,3
10055,CRED,Slow refunds and poor support,3
10056,SBI YONO,Transaction failed due to bank server down,1
10057,CRED,Transaction failed due to bank server down,3
10058,GPay,Slow refunds and poor support,1
10059,Paytm,Failed transactions and money deducted,2
10060,GPay,UPI server delay error,1
10061,PhonePe,Transaction failed due to bank server down,1
10062,CRED,Slow refunds and poor support,2
10063,SBI YONO,App freezes during payment,2
10064,GPay,Failed transactions and money deducted,1
10065,PhonePe,UPI server delay error,2
10066,Paytm,App freezes during payment,3
10067,CRED,App freezes during payment,2
10068,PhonePe,Slow refunds and poor support,2
10069,PhonePe,App freezes during payment,1
10070,SBI YONO,App freezes during payment,1
10071,Paytm,Failed transactions and money deducted,2
10072,PhonePe,Slow refunds and poor support,1
10073,Paytm,Transaction failed due to bank server down,1
10074,Paytm,Failed transactions and money deducted,2
10075,GPay,Failed transactions and money deducted,2
10076,SBI YONO,UPI server delay error,3
10077,SBI YONO,UPI server delay error,1
10078,GPay,UPI server delay error,3
10079,SBI YONO,App freezes during payment,1
10080,GPay,App freezes during payment,1
10081,GPay,App freezes during payment,2
10082,GPay,Failed transactions and money deducted,2
10083,PhonePe,Slow refunds and poor support,1
10084,PhonePe,UPI server delay error,3
10085,SBI YONO,Transaction failed due to bank server down,2
10086,Paytm,Failed transactions and money deducted,1
10087,Paytm,Slow refunds and poor support,1
10088,CRED,UPI server delay error,1
10089,SBI YONO,Slow refunds and poor support,1
10090,CRED,Transaction failed due to bank server down,2
10091,GPay,Failed transactions and money deducted,2
10092,SBI YONO,Slow refunds and poor support,2
10093,SBI YONO,Failed transactions and money deducted,2
10094,SBI YONO,UPI server delay error,3
10095,GPay,Slow refunds and poor support,2
10096,SBI YONO,Failed transactions and money deducted,3
10097,GPay,Transaction failed due to bank server down,2
10098,PhonePe,Slow refunds and poor support,1
10099,GPay,UPI server delay error,2
10100,PhonePe,Slow refunds and poor support,3
10101,SBI YONO,Failed transactions and money deducted,3
10102,SBI YONO,Slow refunds and poor support,3
10103,PhonePe,Slow refunds and poor support,2
10104,PhonePe,UPI server delay error,3
10105,SBI YONO,App freezes during payment,1
10106,GPay,Slow refunds and poor support,1
10107,CRED,Slow refunds and poor support,3
10108,GPay,Failed transactions and money deducted,3
10109,PhonePe,Transaction failed due to bank server down,3
10110,PhonePe,Failed transactions and money deducted,2
10111,PhonePe,Slow refunds and poor support,2
10112,GPay,Failed transactions and money deducted,1
10113,CRED,Slow refunds and poor support,2
10114,CRED,App freezes during payment,2
10115,Paytm,Slow refunds and poor support,3
10116,CRED,Transaction failed due to bank server down,2
10117,GPay,Transaction failed due to bank server down,2
10118,Paytm,Transaction failed due to bank server down,1
10119,CRED,Failed transactions and money deducted,3
10120,SBI YONO,App freezes during payment,3
10121,SBI YONO,App freezes during payment,3
10122,Paytm,App freezes during payment,2
10123,SBI YONO,Slow refunds and poor support,1
10124,SBI YONO,Failed transactions and money deducted,1
10125,Paytm,Slow refunds and poor support,2
10126,GPay,Failed transactions and money deducted,1
10127,GPay,Failed transactions and money deducted,1
10128,PhonePe,Failed transactions and money deducted,3
10129,CRED,Failed transactions and money deducted,1
10130,GPay,Slow refunds and poor support,1
10131,GPay,Transaction failed due to bank server down,2
10132,CRED,App freezes during payment,3
10133,PhonePe,Transaction failed due to bank server down,3
10134,SBI YONO,Slow refunds and poor support,2
10135,GPay,UPI server delay error,3
10136,SBI YONO,Slow refunds and poor support,2
10137,PhonePe,Failed transactions and money deducted,3
10138,CRED,Slow refunds and poor support,3
10139,SBI YONO,Slow refunds and poor support,2
10140,CRED,UPI server delay error,3
10141,Paytm,Slow refunds and poor support,3
10142,PhonePe,Transaction failed due to bank server down,2
10143,GPay,UPI server delay error,3
10144,SBI YONO,App freezes during payment,3
10145,Paytm,Slow refunds and poor support,2
10146,SBI YONO,Slow refunds and poor support,1
10147,PhonePe,Failed transactions and money deducted,2
10148,GPay,Failed transactions and money deducted,3
10149,CRED,UPI server delay error,3
10150,SBI YONO,Transaction failed due to bank server down,1
10151,Paytm,App freezes during payment,2
10152,GPay,App freezes during payment,2
10153,SBI YONO,UPI server delay error,1
10154,GPay,Failed transactions and money deducted,1
10155,GPay,Transaction failed due to bank server down,3
10156,GPay,Failed transactions and money deducted,1
10157,SBI YONO,App freezes during payment,2
10158,SBI YONO,Failed transactions and money deducted,3
10159,Paytm,UPI server delay error,1
10160,SBI YONO,App freezes during payment,1
10161,CRED,App freezes during payment,3
10162,PhonePe,Transaction failed due to bank server down,2
10163,SBI YONO,Transaction failed due to bank server down,1
10164,CRED,Transaction failed due to bank server down,3
10165,SBI YONO,UPI server delay error,1
10166,CRED,Transaction failed due to bank server down,2
10167,PhonePe,Failed transactions and money deducted,2
10168,GPay,Slow refunds and poor support,1
10169,Paytm,Slow refunds and poor support,2
10170,CRED,Transaction failed due to bank server down,2
10171,GPay,App freezes during payment,3
10172,GPay,UPI server delay error,2
10173,GPay,App freezes during payment,3
10174,PhonePe,App freezes during payment,2
10175,CRED,Slow refunds and poor support,3
10176,CRED,Transaction failed due to bank server down,1
10177,CRED,App freezes during payment,2
10178,SBI YONO,Slow refunds and poor support,1
10179,SBI YONO,Slow refunds and poor support,3
10180,Paytm,UPI server delay error,1
10181,CRED,App freezes during payment,1
10182,SBI YONO,App freezes during payment,1
10183,GPay,Slow refunds and poor support,3
10184,Paytm,Failed transactions and money deducted,2
10185,Paytm,App freezes during payment,3
10186,GPay,Transaction failed due to bank server down,2
10187,CRED,Slow refunds and poor support,2
10188,Paytm,Transaction failed due to bank server down,2
10189,Paytm,UPI server delay error,1
10190,GPay,Failed transactions and money deducted,1
10191,SBI YONO,UPI server delay error,3
10192,CRED,Failed transactions and money deducted,2
10193,Paytm,UPI server delay error,3
10194,SBI YONO,Slow refunds and poor support,2
10195,CRED,App freezes during payment,2
10196,CRED,Transaction failed due to bank server down,2
10197,CRED,UPI server delay error,1
10198,SBI YONO,Failed transactions and money deducted,1
10199,GPay,Failed transactions and money deducted,1
10200,GPay,App freezes during payment,2
10201,Paytm,App freezes during payment,2
10202,SBI YONO,Transaction failed due to bank server down,1
10203,Paytm,Failed transactions and money deducted,1
10204,Paytm,Failed transactions and money deducted,3
10205,CRED,Transaction failed due to bank server down,1
10206,Paytm,Slow refunds and poor support,1
10207,Paytm,App freezes during payment,2
10208,Paytm,UPI server delay error,3
10209,GPay,Transaction failed due to bank server down,2
10210,GPay,App freezes during payment,3
10211,Paytm,Transaction failed due to bank server down,2
10212,PhonePe,Failed transactions and money deducted,1
10213,CRED,Transaction failed due to bank server down,3
10214,GPay,Slow refunds and poor support,2
10215,GPay,Failed transactions and money deducted,2
10216,SBI YONO,Transaction failed due to bank server down,1
10217,GPay,App freezes during payment,3
10218,PhonePe,Transaction failed due to bank server down,1
10219,GPay,Slow refunds and poor support,1
10220,GPay,App freezes during payment,3
10221,GPay,App freezes during payment,1
10222,Paytm,Transaction failed due to bank server down,2
10223,Paytm,App freezes during payment,1
10224,PhonePe,Slow refunds and poor support,1
10225,CRED,UPI server delay error,3
10226,SBI YONO,Transaction failed due to bank server down,1
10227,SBI YONO,UPI server delay error,2
10228,GPay,UPI server delay error,2
10229,CRED,Failed transactions and money deducted,2
10230,CRED,UPI server delay error,3
10231,PhonePe,Transaction failed due to bank server down,2
10232,Paytm,UPI server delay error,2
10233,PhonePe,Transaction failed due to bank server down,1
10234,PhonePe,Failed transactions and money deducted,2
10235,Paytm,Failed transactions and money deducted,1
10236,GPay,Slow refunds and poor support,3
10237,Paytm,Failed transactions and money deducted,3
10238,Paytm,Transaction failed due to bank server down,2
10239,GPay,Failed transactions and money deducted,3
10240,CRED,Failed transactions and money deducted,1
10241,Paytm,Slow refunds and poor support,3
10242,PhonePe,Slow refunds and poor support,2
10243,CRED,Transaction failed due to bank server down,2
10244,CRED,Slow refunds and poor support,3
10245,GPay,Slow refunds and poor support,2
10246,Paytm,Slow refunds and poor support,2
10247,PhonePe,UPI server delay error,3
10248,Paytm,App freezes during payment,1
10249,GPay,App freezes during payment,2
10250,CRED,Failed transactions and money deducted,1
10251,GPay,App freezes during payment,1
10252,Paytm,UPI server delay error,2
10253,CRED,Slow refunds and poor support,3
10254,PhonePe,Transaction failed due to bank server down,1
10255,PhonePe,UPI server delay error,3
10256,GPay,Transaction failed due to bank server down,2
10257,PhonePe,App freezes during payment,2
10258,GPay,App freezes during payment,3
10259,PhonePe,App freezes during payment,2
10260,SBI YONO,Failed transactions and money deducted,3
10261,GPay,Transaction failed due to bank server down,3
10262,CRED,Slow refunds and poor support,1
10263,CRED,App freezes during payment,1
10264,Paytm,UPI server delay error,3
10265,GPay,Failed transactions and money deducted,1
10266,CRED,Transaction failed due to bank server down,3
10267,PhonePe,Failed transactions and money deducted,2
10268,SBI YONO,App freezes during payment,3
10269,SBI YONO,Failed transactions and money deducted,1
10270,SBI YONO,Transaction failed due to bank server down,3
10271,SBI YONO,Failed transactions and money deducted,3
10272,CRED,UPI server delay error,1
10273,SBI YONO,UPI server delay error,3
10274,CRED,UPI server delay error,1
10275,SBI YONO,UPI server delay error,3
10276,PhonePe,Transaction failed due to bank server down,2
10277,GPay,Failed transactions and money deducted,3
10278,CRED,Transaction failed due to bank server down,3
10279,PhonePe,UPI server delay error,1
10280,PhonePe,Transaction failed due to bank server down,1
10281,CRED,UPI server delay error,2
10282,SBI YONO,Failed transactions and money deducted,1
10283,GPay,Failed transactions and money deducted,2
10284,SBI YONO,App freezes during payment,3
10285,SBI YONO,UPI server delay error,1
10286,PhonePe,App freezes during payment,3
10287,PhonePe,Failed transactions and money deducted,3
10288,Paytm,Transaction failed due to bank server down,3
10289,Paytm,Transaction failed due to bank server down,3
10290,SBI YONO,Failed transactions and money deducted,2
10291,Paytm,UPI server delay error,2
10292,GPay,UPI server delay error,1
10293,SBI YONO,Transaction failed due to bank server down,2
10294,SBI YONO,Slow refunds and poor support,2
10295,GPay,Slow refunds and poor support,1
10296,Paytm,Slow refunds and poor support,1
10297,SBI YONO,Failed transactions and money deducted,3
10298,Paytm,Failed transactions and money deducted,1
10299,SBI YONO,Failed transactions and money deducted,3
10300,CRED,UPI server delay error,1
10301,CRED,Transaction failed due to bank server down,3
10302,SBI YONO,UPI server delay error,2
10303,PhonePe,Failed transactions and money deducted,1
10304,CRED,Slow refunds and poor support,2
10305,GPay,Slow refunds and poor support,1
10306,Paytm,UPI server delay error,1
10307,Paytm,Slow refunds and poor support,1
10308,Paytm,UPI server delay error,3
10309,GPay,Transaction failed due to bank server down,1
10310,Paytm,UPI server delay error,2
10311,SBI YONO,UPI server delay error,1
10312,Paytm,UPI server delay error,1
10313,GPay,UPI server delay error,2
10314,GPay,App freezes during payment,3
10315,Paytm,UPI server delay error,1
10316,SBI YONO,App freezes during payment,2
10317,PhonePe,UPI server delay error,3
10318,PhonePe,Failed transactions and money deducted,1
10319,GPay,UPI server delay error,2
10320,CRED,Failed transactions and money deducted,2
10321,CRED,UPI server delay error,3
10322,Paytm,Failed transactions and money deducted,2
10323,CRED,Transaction failed due to bank server down,2
10324,SBI YONO,Failed transactions and money deducted,1
10325,SBI YONO,Transaction failed due to bank server down,3
10326,GPay,UPI server delay error,3
10327,Paytm,Failed transactions and money deducted,1
10328,SBI YONO,UPI server delay error,2
10329,CRED,App freezes during payment,1
10330,SBI YONO,Slow refunds and poor support,2
10331,GPay,UPI server delay error,3
10332,PhonePe,Slow refunds and poor support,1
10333,GPay,Transaction failed due to bank server down,3
10334,PhonePe,Failed transactions and money deducted,2
10335,SBI YONO,Slow refunds and poor support,2
10336,PhonePe,Slow refunds and poor support,1
10337,CRED,App freezes during payment,1
10338,PhonePe,App freezes during payment,1
10339,GPay,Slow refunds and poor support,1
10340,CRED,App freezes during payment,3
10341,PhonePe,Transaction failed due to bank server down,3
10342,CRED,UPI server delay error,2
10343,CRED,Failed transactions and money deducted,3
10344,SBI YONO,Failed transactions and money deducted,2
10345,GPay,App freezes during payment,1
10346,GPay,Transaction failed due to bank server down,3
10347,GPay,App freezes during payment,2
10348,Paytm,UPI server delay error,1
10349,Paytm,UPI server delay error,1
10350,PhonePe,Transaction failed due to bank server down,1
10351,SBI YONO,App freezes during payment,1
10352,SBI YONO,UPI server delay error,2
10353,GPay,Failed transactions and money deducted,2
10354,PhonePe,Failed transactions and money deducted,2
10355,SBI YONO,UPI server delay error,3
10356,PhonePe,Failed transactions and money deducted,1
10357,GPay,App freezes during payment,1
10358,SBI YONO,Slow refunds and poor support,1
10359,GPay,Failed transactions and money deducted,1
10360,SBI YONO,Failed transactions and money deducted,3
10361,SBI YONO,Transaction failed due to bank server down,2
10362,Paytm,Transaction failed due to bank server down,1
10363,PhonePe,App freezes during payment,2
10364,SBI YONO,Failed transactions and money deducted,1
10365,SBI YONO,UPI server delay error,2
10366,GPay,App freezes during payment,3
10367,GPay,Failed transactions and money deducted,1
10368,CRED,Failed transactions and money deducted,2
10369,PhonePe,Slow refunds and poor support,1
10370,SBI YONO,UPI server delay error,1
10371,Paytm,Transaction failed due to bank server down,2
10372,PhonePe,App freezes during payment,3
10373,SBI YONO,Failed transactions and money deducted,1
10374,GPay,App freezes during payment,1
10375,PhonePe,Transaction failed due to bank server down,2
10376,SBI YONO,UPI server delay error,3
10377,GPay,Failed transactions and money deducted,1
10378,GPay,Slow refunds and poor support,3
10379,Paytm,App freezes during payment,3
10380,Paytm,Slow refunds and poor support,2
10381,CRED,UPI server delay error,2
10382,CRED,Failed transactions and money deducted,2
10383,CRED,App freezes during payment,1
10384,Paytm,Slow refunds and poor support,3
10385,Paytm,Slow refunds and poor support,2
10386,Paytm,UPI server delay error,1
10387,SBI YONO,App freezes during payment,1
10388,CRED,Transaction failed due to bank server down,1
10389,SBI YONO,App freezes during payment,3
10390,PhonePe,Transaction failed due to bank server down,1
10391,GPay,Failed transactions and money deducted,3
10392,SBI YONO,Failed transactions and money deducted,2
10393,Paytm,Transaction failed due to bank server down,1
10394,PhonePe,Slow refunds and poor support,3
10395,CRED,Slow refunds and poor support,3
10396,Paytm,Transaction failed due to bank server down,2
10397,GPay,UPI server delay error,1
10398,PhonePe,Failed transactions and money deducted,2
10399,CRED,Transaction failed due to bank server down,3
10400,SBI YONO,Slow refunds and poor support,1
10401,SBI YONO,Failed transactions and money deducted,3
10402,Paytm,Transaction failed due to bank server down,3
10403,Paytm,Transaction failed due to bank server down,3
10404,SBI YONO,UPI server delay error,1
10405,Paytm,UPI server delay error,3
10406,Paytm,Slow refunds and poor support,2
10407,CRED,Failed transactions and money deducted,1
10408,PhonePe,App freezes during payment,1
10409,CRED,Transaction failed due to bank server down,1
10410,GPay,Transaction failed due to bank server down,3
10411,PhonePe,Failed transactions and money deducted,2
10412,SBI YONO,App freezes during payment,3
10413,GPay,Slow refunds and poor support,1
10414,Paytm,UPI server delay error,2
10415,SBI YONO,UPI server delay error,3
10416,CRED,App freezes during payment,2
10417,SBI YONO,App freezes during payment,1
10418,PhonePe,App freezes during payment,2
10419,GPay,Slow refunds and poor support,2
10420,PhonePe,App freezes during payment,1
10421,CRED,App freezes during payment,2
10422,PhonePe,UPI server delay error,2
10423,SBI YONO,Failed transactions and money deducted,2
10424,GPay,Slow refunds and poor support,1
10425,GPay,Transaction failed due to bank server down,1
10426,CRED,Failed transactions and money deducted,1
10427,SBI YONO,Slow refunds and poor support,1
10428,Paytm,Failed transactions and money deducted,3
10429,SBI YONO,Slow refunds and poor support,3
10430,PhonePe,Slow refunds and poor support,2
10431,SBI YONO,Transaction failed due to bank server down,1
10432,SBI YONO,Slow refunds and poor support,2
10433,SBI YONO,Failed transactions and money deducted,3
10434,SBI YONO,Failed transactions and money deducted,2
10435,SBI YONO,Failed transactions and money deducted,1
10436,GPay,Transaction failed due to bank server down,3
10437,GPay,Failed transactions and money deducted,3
10438,GPay,App freezes during payment,2
10439,PhonePe,App freezes during payment,1
10440,PhonePe,Failed transactions and money deducted,3
10441,CRED,Transaction failed due to bank server down,1
10442,CRED,Slow refunds and poor support,1
10443,Paytm,Slow refunds and poor support,3
10444,PhonePe,UPI server delay error,3
10445,GPay,App freezes during payment,1
10446,GPay,Failed transactions and money deducted,1
10447,PhonePe,Transaction failed due to bank server down,3
10448,GPay,Failed transactions and money deducted,1
10449,GPay,UPI server delay error,2
10450,PhonePe,Slow refunds and poor support,2
10451,GPay,App freezes during payment,2
10452,GPay,App freezes during payment,1
10453,PhonePe,App freezes during payment,1
10454,Paytm,Transaction failed due to bank server down,3
10455,GPay,Slow refunds and poor support,2
10456,GPay,App freezes during payment,1
10457,GPay,Failed transactions and money deducted,1
10458,PhonePe,UPI server delay error,3
10459,PhonePe,Transaction failed due to bank server down,1
10460,SBI YONO,Failed transactions and money deducted,3
10461,GPay,Failed transactions and money deducted,1
10462,PhonePe,App freezes during payment,3
10463,Paytm,Failed transactions and money deducted,3
10464,Paytm,Failed transactions and money deducted,1
10465,GPay,App freezes during payment,2
10466,SBI YONO,Failed transactions and money deducted,2
10467,SBI YONO,UPI server delay error,3
10468,PhonePe,UPI server delay error,3
10469,SBI YONO,Slow refunds and poor support,1
10470,GPay,App freezes during payment,2
10471,CRED,App freezes during payment,1
10472,PhonePe,UPI server delay error,1
10473,SBI YONO,Slow refunds and poor support,3
10474,Paytm,App freezes during payment,1
10475,SBI YONO,Failed transactions and money deducted,1
10476,GPay,Slow refunds and poor support,2
10477,GPay,Transaction failed due to bank server down,1
10478,GPay,UPI server delay error,3
10479,GPay,Failed transactions and money deducted,3
10480,CRED,App freezes during payment,2
10481,PhonePe,UPI server delay error,1
10482,Paytm,Slow refunds and poor support,3
10483,Paytm,Slow refunds and poor support,3
10484,SBI YONO,Slow refunds and poor support,3
10485,CRED,App freezes during payment,3
10486,CRED,Failed transactions and money deducted,1
10487,GPay,Failed transactions and money deducted,2
10488,SBI YONO,Slow refunds and poor support,2
10489,SBI YONO,Transaction failed due to bank server down,3
10490,Paytm,Failed transactions and money deducted,1
10491,CRED,Failed transactions and money deducted,3
10492,PhonePe,Transaction failed due to bank server down,1
10493,PhonePe,Failed transactions and money deducted,3
10494,Paytm,UPI server delay error,1
10495,CRED,App freezes during payment,2
10496,SBI YONO,Slow refunds and poor support,1
10497,SBI YONO,Slow refunds and poor support,3
10498,GPay,Transaction failed due to bank server down,1
10499,GPay,UPI server delay error,2
