transaction_id,bank_name,hour_of_day,network_latency_ms,previous_failures_24h,is_peak_hour,server_delay_occurred
0,SBI,18,48,2,0,0
1,HDFC,19,377,1,1,0
2,HDFC,14,89,0,0,0
3,HDFC,13,171,3,0,1
4,SBI,21,422,5,0,0
5,HDFC,11,232,2,0,1
6,HDFC,18,277,0,1,0
7,ICICI,23,26,5,0,0
8,HDFC,11,175,4,0,0
9,ICICI,2,381,1,1,0
10,Axis,1,394,4,0,0
11,Axis,9,106,3,1,0
12,SBI,13,182,3,0,0
13,Axis,5,124,2,0,0
14,ICICI,6,461,0,1,1
15,HDFC,23,396,2,0,0
16,Axis,1,195,2,0,0
17,Axis,15,427,2,0,0
18,ICICI,23,432,1,1,1
19,ICICI,21,200,3,0,0
20,SBI,20,101,0,1,0
21,SBI,4,126,1,0,0
22,ICICI,14,186,0,1,0
23,ICICI,6,337,1,1,1
24,ICICI,22,228,5,0,1
25,ICICI,1,54,0,0,1
26,HDFC,6,376,1,1,0
27,Axis,6,95,5,0,0
28,ICICI,18,127,3,0,0
29,Axis,13,381,4,0,1
30,ICICI,21,43,2,0,0
31,ICICI,20,313,1,0,0
32,ICICI,13,22,2,0,1
33,SBI,15,158,2,0,0
34,ICICI,8,269,2,1,0
35,Axis,22,196,3,0,0
36,SBI,8,291,1,1,0
37,Axis,10,312,0,1,1
38,Axis,15,60,4,1,0
39,HDFC,20,102,0,0,0
40,ICICI,0,454,2,0,1
41,HDFC,18,198,3,0,0
42,SBI,21,490,2,0,0
43,SBI,0,48,5,0,0
44,HDFC,21,136,1,0,0
45,ICICI,7,243,1,0,0
46,SBI,4,177,0,1,0
47,HDFC,13,100,4,0,1
48,Axis,18,45,4,0,0
49,ICICI,0,349,1,0,0
50,Axis,4,147,4,0,1
51,Axis,0,245,1,0,1
52,SBI,20,441,2,0,0
53,SBI,18,241,1,0,1
54,SBI,12,253,4,0,0
55,HDFC,12,115,1,0,0
56,Axis,12,262,1,0,1
57,HDFC,17,241,2,0,0
58,HDFC,21,80,0,0,0
59,Axis,12,115,4,0,0
60,ICICI,1,337,1,0,0
61,HDFC,16,349,3,0,0
62,Axis,9,368,5,0,0
63,HDFC,7,93,2,0,0
64,SBI,21,149,3,0,0
65,ICICI,12,198,5,0,1
66,HDFC,4,180,2,0,1
67,SBI,0,164,1,1,0
68,HDFC,10,126,1,0,1
69,Axis,19,433,0,0,1
70,SBI,7,408,4,0,0
71,SBI,12,21,5,0,0
72,HDFC,22,32,0,0,0
73,Axis,6,350,1,0,1
74,Axis,5,259,1,0,0
75,Axis,18,215,5,0,0
76,Axis,22,238,3,0,1
77,SBI,19,304,3,0,0
78,HDFC,13,491,1,1,0
79,Axis,4,157,3,0,1
80,HDFC,4,314,1,0,0
81,HDFC,1,423,3,1,0
82,HDFC,4,173,5,0,1
83,SBI,13,40,5,0,0
84,SBI,3,374,1,0,1
85,HDFC,6,239,3,0,0
86,ICICI,7,119,3,1,1
87,SBI,22,378,5,1,1
88,Axis,13,34,3,0,0
89,Axis,20,266,2,0,0
90,Axis,7,55,5,0,0
91,ICICI,16,274,4,0,0
92,HDFC,13,466,5,0,0
93,HDFC,19,195,2,0,0
94,Axis,20,240,5,1,1
95,Axis,12,267,4,0,0
96,HDFC,10,75,0,0,1
97,ICICI,7,224,0,0,1
98,HDFC,2,396,2,0,0
99,Axis,6,65,0,1,0
100,Axis,17,418,2,0,1
101,SBI,6,25,5,0,0
102,ICICI,4,480,4,0,1
103,SBI,3,297,3,0,0
104,Axis,21,122,2,0,1
105,ICICI,1,145,5,0,1
106,HDFC,9,397,5,0,1
107,Axis,14,453,4,0,1
108,ICICI,12,498,0,0,0
109,HDFC,8,131,1,0,1
110,Axis,19,103,4,1,0
111,Axis,5,148,4,1,0
112,HDFC,0,188,5,0,0
113,HDFC,5,72,4,0,1
114,SBI,14,223,2,1,0
115,Axis,18,206,2,0,0
116,ICICI,22,61,3,0,0
117,SBI,6,42,1,0,1
118,Axis,1,307,3,1,0
119,SBI,19,86,1,0,0
120,HDFC,16,196,4,0,0
121,HDFC,10,201,0,0,0
122,ICICI,4,476,3,0,0
123,HDFC,16,25,5,0,1
124,Axis,16,343,3,1,0
125,ICICI,0,363,5,0,0
126,SBI,0,300,3,1,0
127,Axis,12,94,3,1,1
128,ICICI,12,401,2,0,0
129,ICICI,17,495,0,1,0
130,ICICI,23,377,1,1,0
131,HDFC,15,399,5,0,1
132,SBI,8,106,1,1,0
133,SBI,18,88,1,0,0
134,Axis,20,146,5,0,0
135,SBI,18,56,1,0,0
136,SBI,12,411,2,0,1
137,HDFC,15,410,0,0,0
138,HDFC,23,45,1,0,1
139,SBI,2,359,3,1,1
140,SBI,9,100,4,1,0
141,Axis,10,213,3,0,0
142,SBI,14,498,2,1,1
143,SBI,12,91,5,0,1
144,Axis,11,423,3,0,0
145,HDFC,7,467,5,0,1
146,ICICI,5,108,0,0,0
147,HDFC,13,261,0,0,0
148,HDFC,19,31,0,0,0
149,Axis,6,280,5,0,0
150,Axis,2,237,3,0,0
151,HDFC,4,232,4,0,0
152,Axis,19,199,5,1,1
153,HDFC,6,347,4,1,0
154,SBI,4,198,4,1,1
155,HDFC,12,286,1,0,1
156,ICICI,9,454,1,0,0
157,Axis,11,269,0,0,0
158,SBI,14,393,1,1,0
159,Axis,23,490,1,0,0
160,HDFC,13,47,3,0,1
161,HDFC,15,279,5,0,0
162,HDFC,2,94,5,0,1
163,HDFC,10,401,2,1,1
164,HDFC,9,322,5,0,1
165,HDFC,1,355,2,0,1
166,Axis,13,314,2,1,1
167,ICICI,0,262,3,0,1
168,ICICI,12,318,4,0,0
169,ICICI,15,309,4,1,0
170,HDFC,2,278,2,0,0
171,Axis,14,458,1,1,1
172,HDFC,9,248,1,1,0
173,HDFC,2,272,3,0,0
174,SBI,15,279,4,0,1
175,SBI,15,312,3,0,0
176,HDFC,13,426,2,0,0
177,ICICI,9,398,0,0,0
178,HDFC,10,71,3,0,0
179,Axis,4,274,3,1,0
180,Axis,4,422,3,1,1
181,Axis,4,281,4,0,0
182,HDFC,7,183,1,0,1
183,SBI,8,341,5,0,1
184,SBI,17,301,2,0,1
185,ICICI,19,357,4,0,0
186,SBI,14,168,3,1,1
187,SBI,12,142,5,1,0
188,ICICI,23,115,5,0,1
189,ICICI,22,236,4,1,0
190,Axis,1,210,0,1,0
191,ICICI,4,442,4,0,0
192,ICICI,21,165,2,0,1
193,Axis,11,459,0,0,1
194,Axis,20,353,0,0,0
195,SBI,12,451,4,0,0
196,HDFC,20,327,2,0,0
197,Axis,16,355,0,0,1
198,Axis,12,413,2,1,0
199,HDFC,2,79,3,0,0
200,SBI,12,343,5,1,1
201,HDFC,1,209,5,0,0
202,HDFC,13,483,5,1,0
203,SBI,13,281,2,0,0
204,Axis,6,469,3,0,0
205,Axis,11,353,0,0,0
206,ICICI,0,331,0,0,0
207,ICICI,11,314,1,0,1
208,ICICI,18,239,4,0,0
209,HDFC,14,320,4,1,1
210,ICICI,9,33,0,0,1
211,HDFC,3,102,0,1,1
212,Axis,13,340,5,0,0
213,ICICI,13,175,1,0,0
214,Axis,6,42,2,1,0
215,ICICI,22,269,3,0,0
216,ICICI,15,272,4,0,1
217,ICICI,15,451,5,1,0
218,ICICI,20,360,0,0,0
219,Axis,7,387,3,0,0
220,HDFC,10,134,3,0,0
221,ICICI,23,82,4,0,1
222,Axis,0,320,3,1,0
223,HDFC,5,389,2,0,1
224,SBI,12,410,3,0,0
225,HDFC,22,125,2,1,0
226,Axis,9,372,3,0,0
227,Axis,10,279,0,0,0
228,SBI,11,191,1,0,0
229,Axis,14,307,1,1,0
230,Axis,15,283,5,1,1
231,Axis,6,458,3,0,0
232,Axis,23,433,4,1,0
233,SBI,22,469,3,0,1
234,Axis,15,395,2,0,0
235,ICICI,2,403,2,0,0
236,SBI,4,291,1,0,0
237,HDFC,2,196,0,1,1
238,ICICI,13,156,3,1,1
239,SBI,19,449,3,1,1
240,SBI,10,49,4,1,0
241,ICICI,2,410,2,0,0
242,HDFC,11,352,1,0,0
243,Axis,20,25,2,0,0
244,SBI,12,447,5,1,1
245,SBI,17,353,5,0,0
246,Axis,19,285,0,0,0
247,Axis,0,228,2,0,0
248,ICICI,17,74,0,0,0
249,HDFC,6,151,0,1,0
250,SBI,4,418,0,0,0
251,SBI,23,351,2,1,0
252,SBI,9,472,4,1,0
253,Axis,22,355,4,0,0
254,HDFC,7,253,4,0,0
255,Axis,8,210,5,0,0
256,SBI,1,197,3,0,0
257,ICICI,16,191,3,0,1
258,SBI,19,268,4,1,1
259,HDFC,12,462,0,0,1
260,SBI,12,413,1,0,0
261,ICICI,21,78,2,0,0
262,HDFC,18,413,3,1,0
263,SBI,18,53,2,1,0
264,SBI,7,179,1,0,0
265,ICICI,6,293,1,1,0
266,ICICI,23,83,0,1,0
267,Axis,15,153,5,0,0
268,HDFC,3,353,0,0,0
269,HDFC,18,324,3,0,0
270,HDFC,16,134,3,0,0
271,SBI,6,164,5,0,0
272,ICICI,1,420,5,0,0
273,SBI,16,102,3,0,1
274,HDFC,3,49,0,0,0
275,Axis,7,448,3,0,0
276,Axis,12,247,3,1,0
277,ICICI,17,23,5,0,0
278,ICICI,19,456,5,0,0
279,HDFC,15,313,5,0,0
280,Axis,4,182,4,0,1
281,ICICI,8,213,5,0,0
282,HDFC,9,181,5,0,0
283,HDFC,5,176,5,1,1
284,SBI,10,484,4,0,0
285,SBI,17,204,2,0,1
286,Axis,11,440,3,0,0
287,Axis,17,350,5,0,0
288,HDFC,2,200,3,0,0
289,HDFC,22,436,4,1,0
290,SBI,2,288,3,0,1
291,Axis,10,133,3,1,0
292,HDFC,5,411,2,0,0
293,Axis,2,110,0,0,0
294,SBI,15,451,0,0,1
295,SBI,11,179,4,0,1
296,ICICI,7,466,0,1,1
297,ICICI,4,156,5,1,0
298,Axis,16,320,0,0,0
299,SBI,4,169,4,0,1
300,HDFC,13,326,5,0,0
301,HDFC,18,329,3,0,0
302,ICICI,15,380,1,0,0
303,ICICI,20,207,1,1,0
304,Axis,23,333,0,0,0
305,SBI,5,367,5,1,0
306,ICICI,10,120,2,1,1
307,SBI,0,211,1,0,0
308,HDFC,6,407,1,1,0
309,HDFC,3,286,3,1,1
310,ICICI,3,290,0,0,0
311,ICICI,0,409,0,0,0
312,ICICI,5,303,3,0,0
313,ICICI,4,110,4,1,1
314,Axis,23,280,4,1,0
315,Axis,16,479,5,0,0
316,SBI,9,132,2,0,0
317,ICICI,7,381,5,0,1
318,ICICI,0,38,3,0,0
319,HDFC,16,262,1,0,0
320,SBI,16,249,3,1,0
321,HDFC,16,418,3,0,1
322,Axis,0,326,0,1,0
323,ICICI,22,219,5,1,1
324,HDFC,12,156,4,0,0
325,Axis,4,366,3,1,0
326,HDFC,10,357,0,0,0
327,Axis,2,388,5,0,0
328,SBI,20,65,0,0,0
329,ICICI,11,185,4,1,1
330,ICICI,13,190,5,1,0
331,SBI,17,414,3,1,1
332,HDFC,8,387,3,1,0
333,HDFC,10,289,3,0,1
334,Axis,18,108,1,1,0
335,SBI,3,357,3,1,0
336,Axis,5,60,1,1,0
337,ICICI,11,480,3,1,1
338,Axis,12,139,3,1,1
339,Axis,2,22,4,0,0
340,HDFC,11,500,2,1,1
341,SBI,1,415,1,1,0
342,Axis,19,217,5,1,1
343,ICICI,23,69,1,0,0
344,SBI,11,75,4,0,1
345,SBI,17,290,0,0,1
346,ICICI,12,366,0,1,0
347,Axis,15,402,5,0,1
348,ICICI,15,164,1,0,0
349,ICICI,19,56,0,0,1
350,SBI,16,354,4,0,1
351,ICICI,8,209,2,0,1
352,Axis,3,242,0,0,0
353,Axis,2,145,2,1,1
354,Axis,6,389,5,0,0
355,Axis,0,40,5,0,0
356,SBI,4,478,1,1,0
357,ICICI,0,429,5,1,0
358,ICICI,15,101,1,0,1
359,HDFC,2,266,5,1,0
360,Axis,7,240,2,0,0
361,Axis,23,158,5,0,1
362,SBI,0,427,1,1,0
363,Axis,11,480,3,0,0
364,SBI,12,132,2,0,1
365,Axis,11,392,1,0,0
366,SBI,11,476,4,0,0
367,Axis,20,422,0,0,0
368,SBI,7,371,4,0,0
369,HDFC,6,405,3,0,0
370,Axis,15,103,3,1,1
371,HDFC,5,287,1,1,1
372,HDFC,12,48,1,0,0
373,SBI,23,318,1,0,0
374,HDFC,20,439,3,0,1
375,Axis,18,389,1,0,0
376,ICICI,2,472,5,0,0
377,HDFC,12,258,4,0,0
378,Axis,8,350,5,0,0
379,Axis,20,499,0,0,0
380,HDFC,9,460,3,1,0
381,Axis,16,325,4,0,1
382,SBI,19,412,0,0,0
383,ICICI,7,289,4,0,0
384,ICICI,10,486,5,0,0
385,HDFC,21,272,1,1,0
386,ICICI,12,270,3,0,0
387,ICICI,1,210,1,0,1
388,SBI,6,248,3,0,0
389,ICICI,8,420,1,0,0
390,SBI,15,329,5,0,0
391,HDFC,3,163,1,0,0
392,SBI,10,271,2,0,0
393,HDFC,8,42,2,0,0
394,HDFC,22,123,4,1,0
395,ICICI,8,120,0,0,0
396,SBI,22,92,3,0,0
397,SBI,2,416,1,1,0
398,Axis,18,75,2,1,0
399,Axis,3,454,2,0,1
400,ICICI,22,388,2,1,0
401,SBI,8,435,5,0,0
402,ICICI,21,65,2,0,1
403,ICICI,14,461,4,1,0
404,ICICI,22,48,1,1,1
405,HDFC,8,153,5,0,1
406,ICICI,22,130,5,0,0
407,ICICI,16,302,1,1,0
408,SBI,11,321,0,0,0
409,HDFC,3,97,0,0,0
410,Axis,7,352,4,0,0
411,SBI,6,76,5,0,0
412,HDFC,18,59,0,1,0
413,Axis,18,245,1,0,0
414,Axis,14,284,3,0,0
415,ICICI,22,289,3,0,0
416,SBI,16,300,1,0,0
417,Axis,6,183,1,0,0
418,ICICI,19,466,3,1,0
419,ICICI,1,215,2,1,0
420,ICICI,15,150,4,0,0
421,Axis,16,109,1,1,0
422,HDFC,13,99,1,0,0
423,SBI,20,78,3,0,0
424,HDFC,10,343,5,0,0
425,Axis,18,227,3,0,1
426,SBI,19,320,2,0,0
427,ICICI,20,171,3,0,0
428,HDFC,14,334,3,0,0
429,ICICI,12,90,0,1,0
430,HDFC,9,75,1,1,1
431,HDFC,11,35,4,1,1
432,Axis,5,441,1,0,0
433,SBI,7,35,3,1,0
434,ICICI,9,278,1,1,1
435,SBI,2,359,1,0,1
436,Axis,17,421,2,0,0
437,SBI,18,76,3,0,0
438,SBI,14,194,2,0,1
439,Axis,23,267,2,0,1
440,ICICI,5,428,2,0,0
441,ICICI,8,312,1,0,0
442,ICICI,21,264,1,1,1
443,ICICI,7,432,5,0,0
444,ICICI,21,357,1,0,0
445,ICICI,4,324,1,1,0
446,ICICI,2,274,5,0,0
447,SBI,2,104,0,0,1
448,ICICI,6,378,2,1,0
449,ICICI,23,129,0,0,0
450,ICICI,3,39,5,0,0
451,SBI,13,153,3,0,0
452,ICICI,8,137,1,1,0
453,HDFC,19,117,0,1,0
454,SBI,21,487,0,0,1
455,ICICI,15,465,2,0,0
456,Axis,10,327,4,0,0
457,SBI,7,195,2,1,0
458,ICICI,15,100,3,0,1
459,ICICI,17,485,0,0,1
460,HDFC,23,128,4,1,0
461,HDFC,14,121,3,0,0
462,ICICI,6,52,1,0,0
463,Axis,23,210,1,1,1
464,Axis,6,44,4,1,0
465,ICICI,3,486,4,0,0
466,SBI,7,139,3,1,0
467,SBI,23,331,3,1,0
468,Axis,11,333,4,0,1
469,HDFC,11,436,2,0,0
470,Axis,8,167,1,1,0
471,SBI,15,298,1,0,0
472,SBI,6,206,1,0,0
473,ICICI,7,425,2,1,0
474,ICICI,1,65,3,0,1
475,ICICI,4,464,0,1,0
476,ICICI,8,360,4,1,0
477,HDFC,17,150,1,0,0
478,SBI,8,338,5,1,0
479,SBI,10,454,0,0,0
480,HDFC,20,358,2,1,0
481,Axis,12,236,0,0,0
482,Axis,5,175,1,0,0
483,Axis,13,173,0,0,0
484,Axis,21,209,5,0,0
485,Axis,15,157,5,0,1
486,SBI,16,185,3,0,1
487,ICICI,22,86,3,0,0
488,HDFC,6,168,4,1,1
489,SBI,13,75,4,0,0
490,Axis,0,350,4,0,0
491,SBI,19,465,3,0,0
492,Axis,2,84,2,0,0
493,SBI,9,315,5,0,1
494,ICICI,3,307,0,0,0
495,HDFC,4,445,3,0,1
496,HDFC,3,190,4,0,0
497,HDFC,4,216,0,0,0
498,ICICI,16,389,3,1,0
499,SBI,19,464,0,1,0
500,ICICI,10,275,3,1,0
501,Axis,7,273,0,0,1
502,ICICI,3,456,2,0,0
503,SBI,21,68,4,0,0
504,ICICI,5,186,4,1,1
505,HDFC,1,217,5,0,1
506,SBI,14,276,4,0,0
507,ICICI,8,49,1,0,1
508,HDFC,7,211,3,0,1
509,SBI,21,465,4,0,0
510,HDFC,6,206,4,1,0
511,Axis,13,21,4,1,0
512,ICICI,4,67,1,0,1
513,Axis,5,166,4,1,1
514,Axis,3,35,2,0,1
515,ICICI,13,376,3,0,0
516,ICICI,19,396,1,0,0
517,ICICI,6,266,3,0,1
518,SBI,8,138,3,1,0
519,HDFC,8,378,4,0,0
520,Axis,5,87,1,0,0
521,SBI,7,372,5,0,0
522,ICICI,7,31,1,0,0
523,SBI,5,50,2,0,0
524,ICICI,22,116,1,0,1
525,HDFC,11,255,2,0,0
526,ICICI,20,410,5,0,1
527,SBI,15,376,4,0,1
528,SBI,8,348,3,0,1
529,SBI,16,68,2,0,0
530,ICICI,17,453,0,1,0
531,Axis,10,498,5,0,0
532,ICICI,12,356,3,0,0
533,ICICI,18,265,0,0,0
534,ICICI,1,237,4,0,1
535,HDFC,5,172,4,1,0
536,SBI,21,461,4,0,0
537,HDFC,4,262,0,0,0
538,HDFC,23,41,1,0,0
539,SBI,18,163,3,1,0
540,HDFC,15,397,4,0,0
541,Axis,18,385,1,1,0
542,HDFC,12,293,0,1,0
543,ICICI,12,292,1,1,1
544,HDFC,1,457,4,0,0
545,Axis,22,480,5,0,1
546,Axis,15,228,3,0,1
547,Axis,16,52,0,1,0
548,Axis,2,440,1,0,0
549,Axis,6,377,0,0,0
550,Axis,18,135,1,0,0
551,HDFC,3,208,4,0,1
552,Axis,3,23,0,0,0
553,SBI,8,53,3,0,0
554,Axis,6,262,2,0,1
555,HDFC,2,219,5,0,0
556,Axis,8,474,5,0,1
557,HDFC,23,69,2,0,1
558,ICICI,7,456,5,0,0
559,SBI,14,56,5,0,0
560,HDFC,23,205,5,1,0
561,Axis,23,253,0,0,0
562,SBI,14,364,2,0,0
563,SBI,1,215,3,0,0
564,ICICI,4,87,1,0,1
565,SBI,3,244,4,0,0
566,Axis,6,218,3,0,0
567,HDFC,10,181,0,0,0
568,ICICI,20,239,5,0,0
569,HDFC,15,159,0,1,0
570,Axis,13,246,4,0,0
571,ICICI,20,396,3,0,0
572,SBI,17,393,3,0,1
573,ICICI,7,109,5,1,1
574,Axis,19,80,3,0,0
575,ICICI,13,500,1,1,0
576,HDFC,1,168,1,0,0
577,Axis,7,121,5,0,0
578,SBI,21,243,4,0,0
579,SBI,20,493,1,0,0
580,ICICI,16,385,0,1,0
581,HDFC,18,430,0,0,1
582,Axis,5,477,2,1,0
583,HDFC,11,200,1,1,0
584,HDFC,20,64,3,0,1
585,HDFC,22,170,2,0,0
586,Axis,18,155,1,0,0
587,HDFC,7,52,3,0,0
588,SBI,13,418,4,0,0
589,HDFC,19,431,3,0,0
590,ICICI,6,250,3,0,0
591,Axis,7,211,1,1,1
592,SBI,16,332,3,0,1
593,HDFC,20,93,5,1,0
594,ICICI,16,346,4,0,0
595,Axis,8,215,5,0,0
596,SBI,4,491,2,1,1
597,SBI,10,303,4,1,0
598,Axis,2,456,2,0,0
599,ICICI,19,66,1,0,1
600,Axis,14,438,2,0,1
601,Axis,3,449,5,0,0
602,ICICI,6,40,5,0,0
603,Axis,18,324,3,0,0
604,Axis,16,205,5,1,0
605,HDFC,12,182,4,0,0
606,Axis,3,337,3,0,0
607,ICICI,15,97,2,0,0
608,HDFC,17,211,3,0,0
609,HDFC,13,485,3,0,0
610,HDFC,0,343,4,0,0
611,HDFC,1,243,3,0,1
612,ICICI,1,371,5,0,0
613,ICICI,11,384,1,1,0
614,SBI,7,166,5,0,0
615,Axis,21,277,3,0,0
616,SBI,23,408,1,0,1
617,HDFC,14,334,0,0,0
618,SBI,3,258,4,0,0
619,SBI,15,329,4,0,0
620,Axis,3,201,3,1,0
621,SBI,9,285,3,0,0
622,SBI,15,466,3,0,0
623,HDFC,2,225,2,0,1
624,Axis,23,433,4,1,0
625,Axis,3,431,2,0,0
626,Axis,12,236,5,0,0
627,ICICI,10,59,0,0,0
628,ICICI,18,299,4,0,0
629,HDFC,3,90,3,0,0
630,Axis,14,394,2,0,0
631,SBI,16,30,1,1,1
632,SBI,21,371,4,0,1
633,HDFC,11,38,2,0,1
634,ICICI,4,460,2,1,0
635,SBI,22,463,4,1,0
636,HDFC,4,68,2,0,0
637,HDFC,1,44,5,0,0
638,SBI,10,53,1,1,0
639,ICICI,16,385,5,0,0
640,SBI,12,310,5,0,0
641,ICICI,10,361,0,0,0
642,SBI,17,32,4,0,0
643,SBI,6,183,3,0,0
644,HDFC,9,31,3,1,0
645,SBI,4,53,5,0,1
646,Axis,14,338,4,0,1
647,Axis,10,496,0,1,1
648,ICICI,13,106,5,0,0
649,HDFC,5,195,2,1,1
650,HDFC,1,86,3,1,1
651,Axis,16,127,3,0,0
652,SBI,22,339,3,0,0
653,ICICI,1,196,3,0,0
654,ICICI,5,241,1,1,0
655,ICICI,3,147,0,1,0
656,ICICI,23,420,2,0,0
657,Axis,3,384,1,0,1
658,Axis,0,410,1,1,1
659,ICICI,22,466,3,0,0
660,ICICI,1,177,1,0,0
661,Axis,5,40,0,0,0
662,ICICI,15,354,4,0,0
663,ICICI,18,481,3,0,0
664,HDFC,4,458,0,0,0
665,HDFC,14,414,5,1,0
666,SBI,1,430,2,0,1
667,SBI,0,347,4,1,1
668,SBI,2,206,4,0,1
669,HDFC,13,309,1,1,0
670,SBI,13,346,4,0,0
671,Axis,9,413,0,0,1
672,ICICI,17,136,5,0,0
673,SBI,10,131,1,0,1
674,HDFC,18,269,5,0,0
675,SBI,20,113,1,1,0
676,ICICI,3,261,4,0,0
677,Axis,0,189,4,0,1
678,HDFC,2,141,2,0,0
679,ICICI,18,254,0,0,0
680,HDFC,18,49,2,0,0
681,HDFC,2,107,0,0,0
682,HDFC,15,414,4,0,0
683,ICICI,0,58,4,1,0
684,SBI,19,255,5,1,0
685,HDFC,14,306,5,0,0
686,SBI,17,194,4,1,1
687,SBI,13,76,0,0,0
688,Axis,3,383,3,0,1
689,Axis,8,102,4,1,0
690,SBI,11,287,5,0,0
691,Axis,18,347,1,1,0
692,HDFC,16,483,2,0,1
693,HDFC,3,234,0,0,0
694,HDFC,16,141,1,1,1
695,Axis,9,220,2,1,0
696,ICICI,19,452,1,1,0
697,SBI,10,95,5,0,0
698,Axis,16,123,5,0,0
699,ICICI,11,331,4,0,0
700,SBI,4,125,5,1,0
701,HDFC,20,72,4,0,0
702,ICICI,14,341,4,0,1
703,SBI,11,136,0,0,0
704,Axis,18,140,1,0,1
705,SBI,6,201,0,0,0
706,ICICI,12,134,2,0,0
707,Axis,4,167,5,0,0
708,HDFC,17,245,4,0,0
709,Axis,5,100,2,0,1
710,Axis,9,445,2,0,0
711,HDFC,23,271,3,0,0
712,HDFC,2,132,1,0,1
713,HDFC,7,22,2,0,0
714,HDFC,1,202,0,0,0
715,Axis,11,408,5,0,1
716,Axis,18,124,0,0,1
717,SBI,0,89,2,0,0
718,Axis,5,31,0,0,1
719,ICICI,11,127,5,0,0
720,HDFC,17,168,1,0,0
721,ICICI,18,138,5,1,0
722,ICICI,13,281,1,1,0
723,ICICI,22,148,5,0,0
724,SBI,4,253,0,0,1
725,ICICI,1,105,5,1,0
726,SBI,17,462,0,1,0
727,ICICI,3,103,3,0,0
728,Axis,1,251,1,1,0
729,Axis,17,357,0,1,0
730,SBI,7,77,1,1,1
731,ICICI,21,114,5,1,0
732,ICICI,8,182,2,0,1
733,SBI,22,157,3,1,0
734,ICICI,4,306,1,0,0
735,ICICI,9,413,5,0,0
736,SBI,15,129,4,1,0
737,ICICI,3,487,2,0,0
738,Axis,7,78,2,0,1
739,Axis,8,481,2,0,1
740,Axis,8,97,2,0,0
741,ICICI,3,219,2,0,1
742,SBI,20,300,3,1,0
743,HDFC,12,378,5,0,0
744,HDFC,1,127,5,0,0
745,Axis,7,64,5,0,1
746,SBI,17,302,4,1,0
747,Axis,12,383,2,1,0
748,ICICI,8,193,0,0,0
749,HDFC,13,340,3,0,0
750,SBI,23,54,0,0,0
751,Axis,11,243,4,1,0
752,ICICI,7,459,1,1,0
753,ICICI,23,436,1,0,1
754,HDFC,15,109,0,1,0
755,HDFC,14,436,4,0,0
756,ICICI,7,102,4,1,0
757,HDFC,21,332,0,0,1
758,SBI,1,25,3,0,0
759,HDFC,2,86,2,0,0
760,ICICI,14,283,3,1,0
761,ICICI,0,198,1,1,1
762,Axis,23,65,2,1,0
763,ICICI,22,280,0,1,0
764,Axis,23,223,2,0,0
765,ICICI,15,309,0,0,0
766,Axis,9,394,0,0,0
767,ICICI,3,207,4,0,0
768,Axis,16,339,2,0,0
769,HDFC,23,438,4,0,0
770,ICICI,21,159,3,0,0
771,HDFC,18,116,4,1,0
772,HDFC,18,204,5,0,1
773,HDFC,0,391,2,1,0
774,SBI,2,319,1,0,0
775,Axis,13,408,5,0,0
776,ICICI,18,339,4,0,0
777,Axis,22,367,1,0,0
778,ICICI,23,83,2,0,0
779,SBI,17,349,0,0,0
780,SBI,9,482,0,0,0
781,SBI,9,26,0,0,1
782,Axis,23,75,3,0,0
783,ICICI,20,303,5,0,0
784,ICICI,8,66,1,1,0
785,SBI,7,25,5,1,1
786,Axis,17,320,4,0,0
787,HDFC,3,88,5,0,1
788,HDFC,10,34,2,0,1
789,ICICI,2,249,2,0,1
790,HDFC,4,472,2,0,1
791,SBI,13,184,1,0,0
792,ICICI,11,396,0,0,0
793,ICICI,5,384,5,0,0
794,HDFC,12,160,5,0,0
795,Axis,23,229,1,0,0
796,ICICI,20,409,5,0,1
797,Axis,21,38,0,0,0
798,HDFC,8,209,1,0,1
799,SBI,0,468,5,0,0
800,SBI,8,149,5,0,0
801,SBI,16,276,0,0,0
802,ICICI,1,456,0,1,0
803,ICICI,9,408,3,1,0
804,Axis,6,466,3,0,0
805,SBI,6,336,2,0,0
806,Axis,7,252,5,0,1
807,SBI,3,498,3,0,0
808,HDFC,23,66,2,0,0
809,HDFC,5,113,1,0,0
810,HDFC,0,29,0,0,0
811,SBI,5,244,1,1,0
812,ICICI,11,147,3,0,0
813,ICICI,8,389,4,0,1
814,HDFC,15,140,5,0,0
815,SBI,23,458,3,0,0
816,SBI,1,312,5,0,0
817,Axis,2,305,2,1,0
818,ICICI,12,382,0,1,1
819,ICICI,10,453,4,1,0
820,SBI,4,129,3,0,0
821,SBI,18,323,1,0,0
822,ICICI,9,406,0,0,1
823,SBI,18,276,4,0,0
824,HDFC,22,378,1,0,0
825,HDFC,19,223,5,0,1
826,Axis,6,336,5,0,1
827,HDFC,13,178,5,1,0
828,HDFC,3,422,1,1,0
829,HDFC,21,75,2,1,1
830,HDFC,2,446,5,1,0
831,SBI,7,377,4,0,1
832,SBI,15,170,1,0,1
833,Axis,2,499,2,1,1
834,SBI,11,143,0,0,0
835,HDFC,19,446,0,0,0
836,SBI,1,443,3,0,1
837,SBI,12,276,3,0,1
838,ICICI,21,487,4,0,0
839,Axis,13,414,5,1,0
840,Axis,7,299,0,0,0
841,Axis,4,488,3,0,0
842,Axis,15,287,3,1,1
843,ICICI,2,166,2,0,0
844,Axis,22,459,3,0,0
845,ICICI,23,212,4,0,0
846,HDFC,19,340,0,1,1
847,ICICI,3,210,4,0,0
848,ICICI,11,436,0,0,0
849,ICICI,12,187,3,1,0
850,Axis,22,154,2,1,1
851,HDFC,1,195,5,1,1
852,HDFC,1,204,2,0,0
853,SBI,5,70,4,1,0
854,Axis,14,341,1,0,0
855,HDFC,17,328,5,0,0
856,ICICI,8,279,1,0,1
857,SBI,12,482,0,1,1
858,Axis,3,76,1,0,0
859,ICICI,7,121,1,0,0
860,ICICI,0,468,3,1,0
861,HDFC,15,327,1,0,1
862,SBI,6,247,0,1,0
863,SBI,2,162,5,0,1
864,ICICI,14,287,1,0,0
865,ICICI,21,189,4,0,0
866,Axis,8,282,2,1,0
867,HDFC,9,29,2,0,0
868,ICICI,10,309,3,1,0
869,ICICI,15,67,4,1,0
870,Axis,1,326,4,0,0
871,Axis,12,278,2,0,0
872,SBI,1,103,2,0,1
873,Axis,18,271,5,0,1
874,ICICI,5,373,2,1,0
875,ICICI,5,218,5,0,0
876,SBI,12,76,5,0,0
877,SBI,20,434,3,0,1
878,HDFC,2,465,3,1,0
879,HDFC,18,485,3,1,0
880,SBI,9,183,1,0,0
881,HDFC,11,138,1,0,0
882,SBI,10,179,1,1,0
883,SBI,23,94,3,1,1
884,Axis,13,364,1,0,0
885,SBI,22,297,5,0,0
886,ICICI,15,278,0,0,1
887,HDFC,16,150,2,0,0
888,Axis,16,244,5,0,0
889,Axis,20,163,0,0,0
890,SBI,0,65,4,0,0
891,HDFC,19,308,1,1,0
892,Axis,18,58,3,0,0
893,Axis,17,215,0,0,1
894,HDFC,1,98,2,0,1
895,SBI,23,30,5,0,1
896,HDFC,17,229,4,1,1
897,Axis,14,38,4,0,1
898,ICICI,23,254,2,0,0
899,ICICI,20,460,3,0,0
900,HDFC,4,138,1,0,0
901,SBI,19,147,2,0,1
902,Axis,16,265,2,0,0
903,HDFC,23,40,5,0,0
904,SBI,4,385,2,0,1
905,HDFC,16,358,4,0,0
906,ICICI,7,34,2,1,0
907,ICICI,12,296,1,1,1
908,Axis,15,160,3,1,0
909,HDFC,11,111,5,0,0
910,SBI,18,111,5,0,1
911,SBI,7,164,5,0,1
912,Axis,13,500,4,0,0
913,Axis,0,68,5,0,1
914,SBI,5,239,5,1,0
915,HDFC,8,127,2,0,0
916,HDFC,4,113,2,0,0
917,HDFC,10,278,3,0,1
918,SBI,19,323,0,1,0
919,ICICI,22,263,2,1,0
920,ICICI,21,414,1,0,0
921,Axis,4,485,0,0,0
922,HDFC,14,80,2,0,0
923,Axis,14,26,5,1,1
924,Axis,13,325,1,0,1
925,Axis,20,487,3,0,0
926,ICICI,8,258,3,0,0
927,ICICI,6,262,4,0,0
928,SBI,7,455,0,1,0
929,Axis,2,248,0,1,1
930,HDFC,19,201,3,0,1
931,SBI,3,47,1,0,0
932,HDFC,7,178,4,0,0
933,SBI,20,169,3,0,0
934,SBI,6,328,4,0,1
935,HDFC,16,318,5,0,1
936,Axis,12,385,1,0,0
937,ICICI,11,266,3,1,0
938,SBI,13,395,2,1,0
939,SBI,21,163,2,0,0
940,ICICI,7,429,3,0,0
941,ICICI,7,167,5,0,0
942,ICICI,11,20,1,1,0
943,HDFC,17,130,4,0,1
944,HDFC,9,400,3,1,0
945,HDFC,19,277,1,0,0
946,SBI,8,337,0,1,0
947,HDFC,23,471,0,1,0
948,HDFC,2,251,3,0,0
949,Axis,20,225,2,0,0
950,HDFC,13,305,0,0,1
951,HDFC,4,24,1,0,0
952,Axis,10,71,5,1,0
953,Axis,17,96,1,0,1
954,SBI,10,90,4,1,0
955,HDFC,19,370,1,0,0
956,Axis,22,141,0,1,1
957,HDFC,23,318,4,0,0
958,SBI,3,117,0,0,0
959,Axis,1,173,3,0,0
960,SBI,4,363,4,0,1
961,ICICI,13,384,3,0,1
962,ICICI,9,30,5,1,0
963,HDFC,17,275,3,0,0
964,SBI,16,262,3,1,0
965,Axis,11,275,4,1,0
966,SBI,22,273,1,1,0
967,HDFC,14,394,3,1,0
968,Axis,12,104,3,1,0
969,SBI,8,30,2,0,0
970,Axis,18,254,0,1,1
971,SBI,21,248,0,1,0
972,HDFC,2,129,4,1,1
973,ICICI,12,410,5,0,0
974,SBI,13,33,0,0,0
975,ICICI,7,393,5,0,0
976,ICICI,11,184,3,0,0
977,ICICI,5,366,0,1,0
978,ICICI,0,80,5,0,0
979,SBI,22,279,4,1,0
980,HDFC,15,367,2,1,0
981,ICICI,9,368,4,0,1
982,ICICI,21,371,2,0,0
983,SBI,20,106,2,0,0
984,HDFC,11,492,3,0,1
985,HDFC,8,20,2,0,0
986,SBI,10,53,2,0,0
987,Axis,8,283,1,0,1
988,Axis,20,146,4,0,0
989,HDFC,9,306,1,0,1
990,SBI,16,419,4,1,1
991,SBI,17,306,1,1,0
992,ICICI,10,236,2,1,0
993,HDFC,7,288,3,0,0
994,HDFC,12,190,1,0,1
995,Axis,16,468,5,0,0
996,SBI,12,204,0,0,0
997,HDFC,19,237,5,1,0
998,HDFC,21,30,4,1,0
999,ICICI,16,448,4,1,0
1000,SBI,16,292,2,0,1
1001,ICICI,5,423,3,0,1
1002,SBI,22,432,5,0,0
1003,Axis,22,352,1,0,0
1004,SBI,12,226,1,0,0
1005,SBI,8,237,2,0,1
1006,SBI,5,115,5,0,1
1007,ICICI,17,238,4,0,0
1008,HDFC,18,236,0,0,0
1009,HDFC,7,326,4,0,0
1010,Axis,1,479,2,0,0
1011,HDFC,15,273,2,1,1
1012,Axis,17,319,0,0,0
1013,HDFC,6,96,3,1,1
1014,Axis,7,25,3,0,0
1015,HDFC,2,312,3,0,0
1016,SBI,12,275,4,0,0
1017,SBI,12,389,0,0,1
1018,ICICI,19,113,1,1,0
1019,ICICI,6,123,3,1,0
1020,HDFC,20,362,4,0,1
1021,HDFC,0,152,5,0,0
1022,SBI,5,262,0,1,0
1023,SBI,10,115,5,1,0
1024,Axis,2,184,1,0,0
1025,SBI,9,93,4,0,1
1026,Axis,17,373,3,0,0
1027,Axis,12,321,2,0,1
1028,SBI,0,346,3,0,0
1029,Axis,13,142,3,1,0
1030,ICICI,14,356,2,1,0
1031,SBI,2,85,0,0,0
1032,ICICI,14,94,0,1,1
1033,ICICI,7,303,3,0,0
1034,SBI,5,443,4,0,1
1035,Axis,19,208,1,1,1
1036,ICICI,10,213,3,0,1
1037,ICICI,16,445,4,1,0
1038,HDFC,0,124,0,0,0
1039,SBI,19,69,3,0,0
1040,SBI,1,357,3,1,0
1041,ICICI,20,275,2,0,0
1042,Axis,5,134,1,0,0
1043,HDFC,9,327,5,0,0
1044,SBI,18,35,1,0,1
1045,HDFC,0,74,4,0,1
1046,Axis,9,99,0,0,0
1047,Axis,10,100,0,0,1
1048,Axis,19,403,1,1,0
1049,Axis,5,142,4,0,0
1050,ICICI,22,104,5,1,1
1051,SBI,6,334,1,0,0
1052,ICICI,10,394,2,0,0
1053,ICICI,16,453,4,1,0
1054,Axis,14,302,3,0,0
1055,HDFC,1,87,4,1,1
1056,HDFC,7,418,1,0,0
1057,ICICI,12,59,0,0,0
1058,ICICI,19,76,3,0,0
1059,SBI,15,249,2,1,0
1060,Axis,11,381,3,1,0
1061,ICICI,16,247,4,0,0
1062,HDFC,11,264,3,0,1
1063,Axis,21,389,3,0,0
1064,SBI,12,153,2,0,0
1065,ICICI,8,420,1,0,0
1066,Axis,21,354,5,0,1
1067,ICICI,6,163,0,0,1
1068,ICICI,22,74,0,0,1
1069,Axis,21,201,3,1,0
1070,Axis,14,477,5,0,0
1071,SBI,11,433,4,0,1
1072,Axis,18,215,0,0,1
1073,HDFC,3,362,2,0,0
1074,ICICI,4,242,3,0,0
1075,Axis,6,66,1,1,1
1076,Axis,21,176,2,0,0
1077,HDFC,20,402,4,0,1
1078,HDFC,22,498,2,0,1
1079,ICICI,18,37,0,0,0
1080,ICICI,2,163,3,0,0
1081,Axis,9,175,5,1,0
1082,ICICI,11,448,3,0,0
1083,HDFC,4,384,1,1,0
1084,SBI,12,494,3,0,0
1085,HDFC,8,397,2,0,0
1086,Axis,13,352,2,1,0
1087,SBI,9,442,5,1,0
1088,HDFC,14,116,0,0,0
1089,Axis,0,450,3,0,0
1090,Axis,17,75,5,0,0
1091,Axis,6,155,0,0,0
1092,HDFC,19,337,2,0,0
1093,ICICI,20,406,2,1,0
1094,HDFC,1,104,0,0,1
1095,SBI,20,155,1,0,0
1096,Axis,10,274,4,0,0
1097,SBI,11,120,0,0,0
1098,HDFC,3,71,4,0,0
1099,ICICI,10,27,3,1,0
1100,SBI,13,316,3,1,0
1101,ICICI,22,193,3,1,0
1102,Axis,13,368,5,0,1
1103,SBI,10,374,3,1,0
1104,Axis,19,143,3,0,1
1105,SBI,15,64,1,1,0
1106,HDFC,22,73,4,1,0
1107,ICICI,0,70,1,0,1
1108,ICICI,15,293,3,1,0
1109,SBI,9,419,3,1,0
1110,Axis,18,204,5,0,1
1111,Axis,10,319,0,0,0
1112,HDFC,23,131,4,0,1
1113,ICICI,13,214,3,1,0
1114,SBI,12,215,2,0,0
1115,HDFC,3,37,0,0,1
1116,SBI,4,102,2,0,0
1117,HDFC,0,121,5,1,0
1118,Axis,6,411,2,1,0
1119,Axis,13,92,5,0,1
1120,ICICI,11,70,2,0,0
1121,Axis,10,105,4,0,1
1122,ICICI,5,282,4,1,0
1123,HDFC,9,88,1,0,0
1124,ICICI,3,196,3,0,1
1125,ICICI,3,357,5,0,1
1126,ICICI,13,303,3,0,1
1127,Axis,18,83,5,0,0
1128,SBI,7,195,1,0,0
1129,Axis,9,192,2,0,1
1130,SBI,13,371,0,0,0
1131,Axis,0,286,2,0,1
1132,Axis,10,270,4,0,0
1133,SBI,10,416,4,0,1
1134,ICICI,17,34,3,0,0
1135,ICICI,10,179,4,1,0
1136,ICICI,6,330,2,0,0
1137,SBI,10,278,4,1,0
1138,SBI,23,443,0,0,0
1139,Axis,7,383,4,0,0
1140,SBI,14,271,4,1,0
1141,ICICI,19,372,3,0,1
1142,HDFC,10,63,2,0,0
1143,SBI,18,63,5,1,0
1144,HDFC,6,187,1,0,1
1145,Axis,14,62,2,0,0
1146,ICICI,20,335,3,0,0
1147,HDFC,0,411,1,0,0
1148,ICICI,7,484,2,0,0
1149,SBI,0,254,3,1,0
1150,SBI,16,267,5,0,0
1151,Axis,10,433,1,0,0
1152,HDFC,19,395,1,0,0
1153,SBI,13,70,1,0,0
1154,SBI,10,39,3,0,0
1155,HDFC,0,314,2,0,0
1156,SBI,20,118,1,0,0
1157,ICICI,7,109,0,0,0
1158,HDFC,3,180,1,0,0
1159,Axis,9,401,5,0,0
1160,ICICI,20,420,4,0,0
1161,HDFC,5,352,3,0,0
1162,HDFC,17,356,5,0,0
1163,SBI,13,461,4,0,0
1164,ICICI,23,259,0,1,1
1165,SBI,2,63,5,1,1
1166,ICICI,21,347,1,0,0
1167,SBI,8,227,3,1,0
1168,HDFC,2,195,2,1,0
1169,Axis,6,182,0,1,0
1170,ICICI,18,31,3,1,0
1171,Axis,6,406,5,0,0
1172,SBI,9,109,5,0,1
1173,HDFC,3,119,2,1,1
1174,SBI,16,236,1,0,0
1175,HDFC,8,426,0,0,1
1176,Axis,11,369,0,0,0
1177,Axis,16,150,5,0,0
1178,ICICI,2,188,4,0,0
1179,Axis,6,98,0,1,0
1180,HDFC,19,40,3,0,0
1181,SBI,4,494,2,1,0
1182,ICICI,18,104,1,0,1
1183,SBI,16,489,0,1,0
1184,Axis,8,117,3,1,0
1185,ICICI,13,157,2,1,1
1186,SBI,19,230,0,0,0
1187,HDFC,13,93,0,1,1
1188,HDFC,19,414,4,0,0
1189,ICICI,1,368,3,0,0
1190,ICICI,13,92,5,1,0
1191,Axis,16,133,0,0,1
1192,Axis,19,426,0,1,0
1193,SBI,9,93,5,1,1
1194,SBI,16,34,3,1,0
1195,SBI,8,89,2,0,0
1196,Axis,1,117,5,1,0
1197,HDFC,4,301,4,1,0
1198,HDFC,14,251,2,0,1
1199,ICICI,8,422,2,0,1
1200,HDFC,11,468,1,1,0
1201,Axis,9,463,3,0,0
1202,HDFC,20,115,3,1,0
1203,ICICI,11,154,2,0,0
1204,Axis,0,284,3,0,0
1205,ICICI,4,161,1,0,0
1206,Axis,11,479,5,0,0
1207,ICICI,19,391,4,1,0
1208,SBI,10,51,2,0,0
1209,SBI,6,39,3,0,0
1210,ICICI,0,431,0,0,0
1211,ICICI,17,118,0,0,0
1212,ICICI,10,393,1,1,1
1213,SBI,17,322,2,1,0
1214,ICICI,8,141,0,0,0
1215,SBI,4,264,5,1,0
1216,ICICI,14,154,5,0,0
1217,HDFC,13,273,0,1,1
1218,Axis,13,445,2,0,0
1219,HDFC,15,180,0,0,0
1220,Axis,23,145,0,0,0
1221,SBI,6,98,5,0,0
1222,Axis,12,426,3,0,0
1223,Axis,14,139,5,1,0
1224,HDFC,22,136,0,0,0
1225,HDFC,21,135,3,0,0
1226,Axis,9,251,4,0,0
1227,ICICI,21,466,3,1,1
1228,SBI,8,413,4,0,0
1229,ICICI,16,51,4,1,0
1230,SBI,17,298,2,1,0
1231,HDFC,4,145,3,0,0
1232,Axis,3,91,5,0,0
1233,HDFC,12,21,2,0,1
1234,Axis,10,267,4,1,0
1235,HDFC,7,156,1,1,0
1236,ICICI,18,135,5,1,0
1237,HDFC,16,189,2,0,0
1238,Axis,20,329,1,0,0
1239,SBI,0,230,4,0,0
1240,ICICI,12,126,4,1,0
1241,ICICI,11,276,1,1,0
1242,ICICI,0,206,2,0,0
1243,Axis,20,245,2,0,0
1244,SBI,15,228,2,0,0
1245,ICICI,10,25,0,1,0
1246,ICICI,12,45,2,0,1
1247,SBI,8,160,0,1,0
1248,SBI,7,406,5,0,0
1249,Axis,17,107,2,0,0
1250,Axis,11,458,0,0,0
1251,SBI,5,386,4,1,0
1252,Axis,7,434,2,1,0
1253,HDFC,8,76,4,0,1
1254,Axis,14,434,4,1,1
1255,ICICI,0,106,0,1,0
1256,SBI,19,422,0,0,0
1257,HDFC,0,195,1,1,0
1258,HDFC,17,275,1,0,1
1259,Axis,12,219,2,0,1
1260,ICICI,19,101,0,0,0
1261,ICICI,10,362,5,0,0
1262,ICICI,16,259,4,0,1
1263,ICICI,22,173,0,0,0
1264,Axis,18,312,1,0,1
1265,ICICI,3,271,4,0,0
1266,SBI,16,243,1,1,1
1267,HDFC,14,291,5,0,0
1268,Axis,21,291,1,0,0
1269,ICICI,4,495,4,0,0
1270,HDFC,10,388,3,0,0
1271,HDFC,9,382,0,1,0
1272,ICICI,19,46,2,0,0
1273,SBI,15,167,2,0,0
1274,Axis,6,377,5,0,0
1275,ICICI,9,171,1,0,0
1276,SBI,18,46,0,0,0
1277,Axis,6,79,4,0,1
1278,Axis,5,443,4,0,1
1279,SBI,1,381,5,0,1
1280,SBI,0,460,3,0,0
1281,Axis,0,202,2,0,0
1282,Axis,18,460,0,0,0
1283,Axis,9,381,3,1,0
1284,SBI,18,338,4,1,0
1285,Axis,18,443,0,0,0
1286,HDFC,7,295,2,0,1
1287,SBI,20,216,1,0,0
1288,SBI,21,356,2,1,0
1289,Axis,15,77,0,0,1
1290,HDFC,23,471,0,1,0
1291,Axis,20,195,1,0,0
1292,ICICI,4,263,5,0,1
1293,ICICI,2,455,3,0,0
1294,ICICI,9,415,0,1,0
1295,HDFC,2,337,2,0,0
1296,ICICI,7,98,1,0,0
1297,SBI,7,249,3,0,0
1298,SBI,6,140,0,1,0
1299,SBI,16,492,3,0,1
1300,ICICI,12,276,0,0,1
1301,ICICI,13,257,5,0,1
1302,HDFC,1,472,0,1,1
1303,SBI,18,48,4,0,0
1304,ICICI,12,443,3,0,0
1305,SBI,11,365,3,0,0
1306,SBI,20,247,0,1,0
1307,ICICI,1,106,3,0,0
1308,ICICI,9,187,0,1,0
1309,ICICI,21,269,3,0,1
1310,ICICI,16,300,3,1,1
1311,ICICI,0,466,0,0,1
1312,ICICI,8,173,3,1,0
1313,SBI,7,499,5,0,1
1314,ICICI,4,278,4,1,1
1315,SBI,4,441,3,1,1
1316,SBI,0,373,3,0,0
1317,Axis,16,278,5,0,1
1318,ICICI,18,363,1,1,0
1319,ICICI,8,78,4,0,0
1320,SBI,16,46,0,1,0
1321,HDFC,21,81,1,0,0
1322,SBI,11,270,3,0,0
1323,ICICI,22,476,3,0,1
1324,SBI,15,75,4,0,1
1325,HDFC,8,121,4,0,0
1326,ICICI,22,307,4,0,1
1327,SBI,11,182,0,0,0
1328,SBI,15,469,2,0,1
1329,ICICI,20,48,3,0,1
1330,ICICI,10,240,5,0,0
1331,ICICI,14,417,4,0,0
1332,Axis,10,27,0,1,1
1333,HDFC,20,42,5,1,0
1334,Axis,19,442,2,0,1
1335,Axis,22,408,0,0,1
1336,HDFC,23,299,4,0,1
1337,Axis,16,266,2,0,0
1338,ICICI,22,451,3,1,1
1339,ICICI,11,375,1,1,1
1340,HDFC,18,379,4,0,1
1341,Axis,18,368,5,0,0
1342,ICICI,16,65,1,1,1
1343,SBI,20,419,2,0,0
1344,Axis,12,176,1,0,0
1345,Axis,1,71,3,0,0
1346,Axis,16,173,0,0,1
1347,SBI,20,269,0,0,1
1348,ICICI,18,323,4,0,1
1349,Axis,3,255,3,0,0
1350,SBI,13,35,2,0,0
1351,ICICI,23,370,1,1,0
1352,Axis,2,315,1,0,1
1353,HDFC,21,126,3,0,0
1354,Axis,5,447,2,0,1
1355,ICICI,15,480,3,0,0
1356,ICICI,6,275,1,0,0
1357,ICICI,8,402,1,0,1
1358,Axis,13,338,2,1,0
1359,HDFC,5,461,1,0,0
1360,Axis,3,340,2,1,1
1361,HDFC,6,319,3,0,0
1362,HDFC,1,455,1,0,0
1363,HDFC,6,193,0,1,0
1364,SBI,6,284,5,0,0
1365,SBI,16,365,0,0,0
1366,SBI,19,61,2,1,1
1367,SBI,9,50,5,0,0
1368,HDFC,18,58,0,0,0
1369,Axis,12,283,1,0,0
1370,SBI,18,167,4,1,0
1371,HDFC,18,307,0,0,0
1372,SBI,16,243,1,0,0
1373,Axis,8,270,3,0,1
1374,HDFC,17,255,4,0,0
1375,HDFC,18,478,3,1,1
1376,HDFC,11,198,3,0,0
1377,HDFC,15,188,4,1,0
1378,Axis,7,387,2,1,0
1379,ICICI,9,163,2,0,0
1380,ICICI,2,130,2,0,1
1381,ICICI,3,216,0,0,1
1382,Axis,4,464,5,1,0
1383,Axis,1,297,0,0,0
1384,SBI,15,374,2,1,0
1385,ICICI,4,182,5,1,1
1386,ICICI,19,226,0,1,0
1387,Axis,13,80,4,1,1
1388,ICICI,1,266,0,1,0
1389,SBI,16,37,5,0,1
1390,ICICI,12,408,2,0,0
1391,Axis,21,26,2,0,0
1392,HDFC,0,227,4,0,1
1393,ICICI,20,154,2,0,0
1394,ICICI,18,472,5,1,1
1395,Axis,8,414,2,1,0
1396,HDFC,21,284,3,0,0
1397,SBI,16,369,0,1,1
1398,Axis,4,99,2,0,0
1399,Axis,8,93,1,0,0
1400,SBI,0,213,1,0,0
1401,Axis,6,52,2,1,1
1402,ICICI,21,149,5,1,0
1403,HDFC,2,488,3,0,1
1404,ICICI,17,227,1,0,0
1405,SBI,16,476,2,0,1
1406,HDFC,13,237,5,0,0
1407,Axis,6,70,5,1,0
1408,ICICI,2,142,0,0,1
1409,ICICI,14,199,1,1,0
1410,SBI,8,374,0,0,1
1411,HDFC,18,222,4,0,0
1412,HDFC,22,400,3,0,1
1413,ICICI,16,475,4,1,0
1414,SBI,6,229,5,0,0
1415,HDFC,0,357,1,0,0
1416,ICICI,4,224,3,1,0
1417,ICICI,8,369,2,0,0
1418,Axis,1,87,3,0,1
1419,ICICI,10,250,3,0,0
1420,HDFC,21,424,4,0,0
1421,Axis,19,130,4,1,0
1422,Axis,19,494,5,0,0
1423,Axis,16,363,3,1,1
1424,HDFC,22,193,5,0,0
1425,HDFC,8,320,0,0,1
1426,Axis,7,401,5,0,1
1427,ICICI,23,97,2,1,1
1428,SBI,10,173,2,0,0
1429,SBI,16,85,2,0,0
1430,Axis,6,496,4,0,0
1431,HDFC,20,180,4,1,1
1432,HDFC,11,68,4,0,0
1433,Axis,18,477,2,0,1
1434,SBI,15,471,0,0,0
1435,ICICI,21,126,0,1,0
1436,Axis,9,120,5,0,1
1437,Axis,4,394,3,0,0
1438,HDFC,5,73,3,0,1
1439,HDFC,2,213,5,0,0
1440,ICICI,4,364,5,1,0
1441,ICICI,20,439,4,1,1
1442,Axis,17,34,1,1,1
1443,SBI,2,67,2,0,0
1444,ICICI,10,232,0,1,1
1445,ICICI,23,121,4,0,0
1446,SBI,16,441,4,1,0
1447,ICICI,11,308,0,0,1
1448,Axis,10,205,3,0,1
1449,HDFC,4,353,5,0,0
1450,SBI,10,238,5,0,0
1451,Axis,10,398,4,0,0
1452,Axis,14,464,3,0,1
1453,HDFC,13,423,1,0,1
1454,SBI,9,103,2,0,0
1455,ICICI,2,25,4,0,1
1456,HDFC,17,193,5,0,1
1457,HDFC,15,240,1,1,0
1458,Axis,9,195,2,0,0
1459,Axis,22,451,4,0,1
1460,HDFC,21,329,3,0,0
1461,Axis,1,245,3,0,0
1462,ICICI,14,68,3,0,1
1463,Axis,21,199,1,1,0
1464,ICICI,2,247,0,1,0
1465,Axis,2,208,4,0,0
1466,Axis,10,38,2,0,0
1467,ICICI,13,272,1,1,1
1468,ICICI,1,467,3,1,1
1469,SBI,9,68,2,0,0
1470,ICICI,21,154,3,0,1
1471,SBI,4,449,0,1,1
1472,SBI,1,59,4,0,0
1473,ICICI,16,485,1,0,0
1474,HDFC,1,432,4,0,0
1475,HDFC,12,178,0,0,0
1476,SBI,15,200,5,1,0
1477,Axis,17,379,4,0,1
1478,SBI,14,20,2,0,1
1479,SBI,9,497,3,1,1
1480,ICICI,4,456,1,0,0
1481,Axis,3,456,4,1,1
1482,HDFC,1,132,1,0,0
1483,Axis,10,270,4,0,0
1484,SBI,3,110,4,0,0
1485,Axis,1,178,4,1,0
1486,Axis,19,388,3,0,1
1487,Axis,14,426,3,0,1
1488,ICICI,13,233,1,0,0
1489,HDFC,1,466,0,0,0
1490,Axis,0,414,2,0,0
1491,Axis,18,441,4,0,0
1492,HDFC,15,377,2,0,0
1493,SBI,22,192,0,0,0
1494,SBI,2,272,3,0,0
1495,ICICI,3,77,4,0,1
1496,ICICI,10,359,1,0,0
1497,HDFC,11,90,4,0,0
1498,HDFC,15,402,1,0,1
1499,ICICI,0,236,4,0,0
1500,ICICI,17,422,4,0,1
1501,SBI,19,405,4,0,0
1502,HDFC,15,353,2,0,0
1503,HDFC,0,176,1,0,1
1504,ICICI,11,47,0,0,1
1505,Axis,16,313,0,1,0
1506,HDFC,3,198,1,0,0
1507,SBI,16,282,1,0,1
1508,ICICI,19,187,5,0,0
1509,ICICI,21,297,0,0,0
1510,SBI,9,151,3,0,0
1511,Axis,19,395,2,1,0
1512,Axis,16,217,1,1,0
1513,ICICI,9,294,1,0,0
1514,ICICI,12,190,2,1,0
1515,HDFC,3,161,3,0,0
1516,Axis,13,288,0,0,0
1517,ICICI,15,238,5,0,0
1518,SBI,20,86,0,0,0
1519,ICICI,7,225,3,1,0
1520,ICICI,17,428,5,1,0
1521,HDFC,11,445,3,0,0
1522,ICICI,19,235,3,0,0
1523,SBI,7,425,2,0,0
1524,HDFC,2,260,0,0,0
1525,SBI,11,329,0,0,0
1526,HDFC,15,262,1,0,1
1527,ICICI,9,52,3,0,0
1528,HDFC,19,312,3,0,0
1529,ICICI,0,191,4,0,0
1530,HDFC,2,51,5,0,0
1531,ICICI,15,477,0,0,0
1532,ICICI,20,367,3,0,1
1533,ICICI,14,220,1,0,0
1534,ICICI,10,38,0,0,0
1535,HDFC,18,420,0,0,0
1536,Axis,12,168,1,0,1
1537,Axis,13,144,5,0,1
1538,HDFC,1,235,4,0,0
1539,Axis,17,162,0,0,0
1540,HDFC,18,33,4,1,1
1541,SBI,10,377,4,1,1
1542,ICICI,19,398,4,0,1
1543,SBI,16,77,1,0,0
1544,SBI,13,375,3,0,0
1545,SBI,11,108,1,0,0
1546,ICICI,15,460,3,0,0
1547,SBI,14,304,1,0,1
1548,SBI,7,334,0,1,0
1549,Axis,10,113,5,1,0
1550,ICICI,4,33,2,0,0
1551,HDFC,5,86,4,0,0
1552,Axis,10,426,3,1,0
1553,ICICI,14,150,0,0,1
1554,SBI,15,438,1,0,0
1555,HDFC,20,78,4,0,1
1556,SBI,2,42,3,0,0
1557,ICICI,21,73,5,0,0
1558,ICICI,7,160,4,0,1
1559,Axis,23,463,0,0,1
1560,SBI,19,261,5,0,0
1561,HDFC,14,273,4,0,0
1562,Axis,19,408,3,1,0
1563,Axis,13,450,3,0,0
1564,SBI,16,258,1,0,0
1565,HDFC,3,30,5,1,0
1566,ICICI,23,420,5,0,0
1567,SBI,10,112,5,1,0
1568,HDFC,6,126,1,1,0
1569,SBI,14,292,1,0,1
1570,ICICI,23,411,1,0,1
1571,HDFC,1,383,4,0,0
1572,ICICI,20,397,2,0,1
1573,SBI,16,499,1,0,1
1574,Axis,9,251,0,0,0
1575,SBI,10,461,4,0,0
1576,HDFC,19,58,5,0,0
1577,ICICI,9,460,4,0,0
1578,Axis,10,31,2,0,1
1579,SBI,19,137,5,0,0
1580,Axis,19,151,0,1,0
1581,SBI,22,169,5,0,0
1582,Axis,14,102,5,1,0
1583,Axis,21,439,0,1,0
1584,ICICI,21,77,5,1,0
1585,Axis,12,216,2,0,0
1586,SBI,13,478,1,0,1
1587,Axis,23,232,2,0,1
1588,SBI,16,184,4,1,0
1589,Axis,1,227,4,0,0
1590,SBI,10,171,3,0,0
1591,HDFC,7,352,2,0,1
1592,SBI,10,358,4,1,1
1593,Axis,17,332,5,0,1
1594,ICICI,3,467,1,0,0
1595,ICICI,21,77,3,1,1
1596,Axis,4,332,0,0,0
1597,ICICI,2,465,3,0,0
1598,ICICI,22,289,0,1,1
1599,HDFC,3,416,4,0,0
1600,SBI,1,156,3,0,0
1601,SBI,11,160,5,0,0
1602,ICICI,23,436,5,0,1
1603,SBI,18,59,3,0,0
1604,Axis,6,68,1,0,1
1605,Axis,13,246,4,1,0
1606,SBI,23,148,3,0,0
1607,HDFC,23,325,4,1,0
1608,SBI,16,321,1,0,0
1609,ICICI,20,121,0,0,0
1610,Axis,19,432,3,0,0
1611,ICICI,5,216,2,0,1
1612,Axis,8,185,1,1,0
1613,HDFC,14,324,3,0,0
1614,HDFC,3,163,1,0,0
1615,Axis,11,195,5,0,0
1616,Axis,7,82,0,0,0
1617,ICICI,8,76,4,0,0
1618,ICICI,6,487,3,0,0
1619,HDFC,18,217,0,0,1
1620,HDFC,6,479,5,0,0
1621,SBI,22,372,3,0,0
1622,ICICI,10,105,3,1,1
1623,HDFC,6,200,3,1,0
1624,Axis,13,296,5,0,1
1625,HDFC,4,412,0,1,0
1626,ICICI,8,467,4,0,1
1627,Axis,21,347,3,0,1
1628,HDFC,18,245,1,0,0
1629,Axis,7,415,2,1,0
1630,HDFC,11,488,3,0,0
1631,Axis,9,253,5,0,0
1632,ICICI,6,465,3,0,0
1633,SBI,3,115,4,0,0
1634,Axis,23,476,1,0,0
1635,ICICI,4,272,2,0,0
1636,ICICI,8,289,2,1,0
1637,HDFC,11,417,5,1,1
1638,SBI,14,494,5,0,0
1639,SBI,16,308,5,0,1
1640,Axis,6,338,4,0,0
1641,HDFC,4,122,3,0,0
1642,ICICI,18,326,4,1,0
1643,Axis,0,329,5,0,1
1644,HDFC,9,430,3,0,0
1645,HDFC,13,249,3,0,0
1646,HDFC,14,246,2,1,1
1647,SBI,22,248,1,0,0
1648,HDFC,1,473,2,0,0
1649,HDFC,11,399,4,1,0
1650,Axis,2,389,3,0,0
1651,SBI,17,402,2,0,1
1652,Axis,2,263,5,0,0
1653,ICICI,4,318,1,0,1
1654,Axis,8,479,1,1,0
1655,ICICI,5,325,2,0,0
1656,SBI,19,443,4,0,0
1657,HDFC,6,190,5,0,0
1658,HDFC,16,40,1,0,0
1659,ICICI,7,476,3,0,0
1660,Axis,10,280,0,0,1
1661,SBI,3,76,0,0,1
1662,SBI,16,219,4,0,0
1663,SBI,4,331,2,0,0
1664,ICICI,20,244,3,0,0
1665,HDFC,0,106,3,0,0
1666,ICICI,21,104,0,0,0
1667,Axis,17,393,5,0,0
1668,Axis,21,327,3,1,0
1669,Axis,16,305,5,0,0
1670,SBI,9,197,1,1,0
1671,ICICI,6,243,0,0,0
1672,SBI,8,417,3,0,0
1673,HDFC,14,415,1,0,1
1674,ICICI,23,225,1,0,0
1675,ICICI,3,136,2,0,1
1676,Axis,14,240,0,1,1
1677,SBI,6,171,2,0,0
1678,Axis,23,190,5,1,1
1679,HDFC,16,49,2,1,1
1680,ICICI,5,107,4,0,0
1681,SBI,2,116,5,0,0
1682,HDFC,15,461,1,1,0
1683,SBI,8,434,1,0,0
1684,HDFC,2,476,1,1,0
1685,SBI,13,111,2,1,0
1686,SBI,18,197,1,0,1
1687,SBI,19,113,2,0,0
1688,SBI,18,180,4,1,0
1689,SBI,15,335,5,0,0
1690,ICICI,5,28,4,0,0
1691,ICICI,3,118,1,0,0
1692,HDFC,20,205,3,0,0
1693,HDFC,19,213,4,0,0
1694,Axis,6,182,2,0,0
1695,Axis,3,428,2,0,0
1696,ICICI,20,55,4,0,1
1697,Axis,23,474,3,0,1
1698,Axis,18,59,5,0,0
1699,SBI,1,248,2,0,0
1700,Axis,7,450,3,1,0
1701,ICICI,7,344,2,1,0
1702,HDFC,4,472,0,0,1
1703,ICICI,22,195,0,1,0
1704,ICICI,20,213,1,0,0
1705,ICICI,4,439,4,1,1
1706,SBI,9,249,0,1,0
1707,ICICI,21,419,2,0,1
1708,HDFC,6,434,2,1,1
1709,SBI,11,454,5,0,0
1710,Axis,21,373,0,0,0
1711,HDFC,17,346,2,0,1
1712,Axis,21,243,3,0,1
1713,ICICI,9,231,0,0,0
1714,Axis,2,366,3,1,0
1715,Axis,20,102,0,0,1
1716,ICICI,4,321,0,0,0
1717,Axis,16,341,0,1,1
1718,Axis,8,203,0,1,1
1719,ICICI,17,126,1,0,0
1720,Axis,9,234,3,0,0
1721,Axis,5,30,2,0,1
1722,HDFC,20,34,4,0,0
1723,Axis,14,158,2,0,0
1724,Axis,1,428,1,0,0
1725,SBI,17,463,0,0,0
1726,ICICI,0,244,4,0,0
1727,ICICI,8,266,0,1,0
1728,ICICI,15,106,3,1,0
1729,ICICI,9,493,1,1,0
1730,HDFC,22,133,2,0,0
1731,Axis,23,172,0,0,0
1732,Axis,9,103,2,0,1
1733,HDFC,2,174,2,0,0
1734,SBI,19,184,5,0,0
1735,ICICI,11,132,4,1,1
1736,SBI,23,218,0,1,0
1737,Axis,13,234,4,1,0
1738,Axis,23,95,4,0,0
1739,SBI,13,183,2,0,0
1740,HDFC,3,186,1,0,0
1741,ICICI,17,459,5,1,0
1742,SBI,13,425,4,0,1
1743,ICICI,4,472,2,0,1
1744,Axis,11,50,3,0,0
1745,HDFC,10,403,2,0,1
1746,SBI,3,432,4,0,0
1747,ICICI,11,472,0,1,0
1748,ICICI,0,475,1,0,1
1749,HDFC,13,121,0,0,1
1750,ICICI,19,184,2,0,0
1751,HDFC,6,334,2,1,0
1752,Axis,7,442,3,0,0
1753,Axis,21,149,4,0,0
1754,ICICI,18,127,3,0,0
1755,SBI,13,234,4,0,0
1756,ICICI,5,187,2,1,0
1757,HDFC,2,396,2,0,0
1758,ICICI,5,353,0,1,1
1759,ICICI,0,126,2,1,1
1760,ICICI,4,482,1,0,0
1761,HDFC,21,336,1,0,1
1762,HDFC,16,403,5,0,0
1763,SBI,16,182,0,0,1
1764,HDFC,5,210,1,1,1
1765,HDFC,15,346,1,0,1
1766,Axis,1,446,3,1,0
1767,ICICI,11,444,1,0,0
1768,HDFC,11,116,5,1,1
1769,Axis,5,241,4,1,0
1770,Axis,18,356,4,0,0
1771,SBI,8,282,1,0,0
1772,Axis,11,421,5,1,0
1773,SBI,4,43,2,0,0
1774,SBI,19,447,1,1,0
1775,ICICI,0,421,1,1,0
1776,Axis,0,259,3,0,1
1777,ICICI,0,370,5,1,1
1778,Axis,1,201,4,0,0
1779,SBI,2,55,4,1,0
1780,SBI,5,248,3,1,1
1781,SBI,17,180,5,0,1
1782,ICICI,10,417,5,0,0
1783,SBI,11,372,1,0,0
1784,ICICI,10,420,3,1,1
1785,ICICI,9,88,2,1,0
1786,SBI,13,128,3,0,1
1787,ICICI,0,428,5,0,1
1788,SBI,12,408,4,1,1
1789,SBI,15,334,4,0,0
1790,HDFC,11,423,2,1,0
1791,Axis,3,52,5,1,0
1792,Axis,20,348,5,0,0
1793,SBI,16,87,5,1,1
1794,SBI,14,49,0,1,1
1795,Axis,19,207,0,0,1
1796,SBI,21,181,2,0,0
1797,SBI,13,31,4,0,0
1798,SBI,12,242,4,0,0
1799,HDFC,15,132,4,1,1
1800,HDFC,11,188,5,1,1
1801,ICICI,10,415,4,1,0
1802,SBI,17,135,5,0,0
1803,ICICI,16,243,4,0,0
1804,HDFC,18,416,3,0,1
1805,HDFC,18,158,4,1,0
1806,Axis,19,181,3,0,1
1807,SBI,5,389,2,1,0
1808,SBI,21,32,0,1,0
1809,ICICI,16,418,3,0,0
1810,SBI,18,291,0,0,0
1811,ICICI,8,306,3,0,0
1812,HDFC,19,307,4,1,0
1813,HDFC,2,125,4,0,1
1814,HDFC,17,369,4,0,0
1815,Axis,3,469,1,1,0
1816,Axis,19,161,1,0,1
1817,SBI,6,216,4,0,0
1818,ICICI,13,486,3,1,0
1819,Axis,4,456,4,1,0
1820,Axis,15,301,2,0,0
1821,ICICI,0,292,2,1,0
1822,HDFC,17,68,2,1,1
1823,SBI,5,144,4,0,0
1824,SBI,1,411,1,0,1
1825,ICICI,15,99,3,0,0
1826,SBI,8,454,3,0,0
1827,ICICI,18,471,3,0,0
1828,HDFC,9,184,0,1,0
1829,SBI,7,485,3,1,0
1830,HDFC,1,203,0,0,1
1831,HDFC,2,37,0,0,1
1832,Axis,22,167,3,0,0
1833,ICICI,22,341,5,0,0
1834,Axis,1,35,5,0,1
1835,HDFC,19,496,4,1,0
1836,SBI,8,244,1,1,0
1837,Axis,23,341,0,0,0
1838,ICICI,16,353,2,1,0
1839,SBI,2,315,3,0,0
1840,Axis,17,90,0,0,0
1841,ICICI,4,280,1,0,1
1842,Axis,21,257,3,1,0
1843,HDFC,0,412,1,1,0
1844,HDFC,15,366,5,1,0
1845,Axis,3,162,2,0,0
1846,Axis,9,279,4,0,0
1847,SBI,8,363,1,0,0
1848,HDFC,14,397,5,0,0
1849,HDFC,2,257,2,0,0
1850,SBI,12,111,1,0,0
1851,HDFC,19,152,4,1,1
1852,HDFC,6,144,2,1,0
1853,SBI,14,370,2,0,0
1854,SBI,16,41,3,0,1
1855,HDFC,22,293,5,0,0
1856,HDFC,4,336,2,0,0
1857,Axis,3,330,3,0,0
1858,HDFC,15,363,1,0,1
1859,SBI,23,86,5,0,0
1860,Axis,15,398,1,0,0
1861,ICICI,6,323,4,0,0
1862,SBI,14,51,2,0,0
1863,SBI,17,101,3,0,0
1864,SBI,8,244,2,0,0
1865,SBI,3,208,3,0,0
1866,HDFC,6,224,0,1,0
1867,Axis,8,133,3,0,0
1868,SBI,2,500,1,0,0
1869,HDFC,20,414,3,0,0
1870,Axis,10,435,0,0,0
1871,Axis,13,284,5,1,0
1872,SBI,19,36,3,0,0
1873,SBI,7,367,1,0,0
1874,ICICI,7,208,3,0,1
1875,ICICI,9,175,5,0,1
1876,SBI,15,44,3,0,0
1877,Axis,19,145,1,0,0
1878,HDFC,7,314,5,1,0
1879,SBI,8,76,5,1,0
1880,HDFC,4,459,2,0,0
1881,Axis,10,436,4,0,0
1882,Axis,21,332,1,0,0
1883,Axis,13,249,2,0,1
1884,Axis,8,174,5,0,1
1885,ICICI,7,354,4,1,0
1886,ICICI,11,267,3,0,0
1887,Axis,15,278,3,0,0
1888,HDFC,20,355,4,0,1
1889,HDFC,21,325,3,0,1
1890,Axis,7,460,1,0,0
1891,ICICI,1,156,2,1,0
1892,Axis,22,399,4,1,0
1893,HDFC,17,378,3,0,1
1894,SBI,6,194,5,0,1
1895,ICICI,22,222,5,1,0
1896,SBI,19,367,5,0,1
1897,ICICI,5,375,1,1,1
1898,SBI,1,311,5,0,0
1899,SBI,23,202,4,0,0
1900,HDFC,20,187,5,0,0
1901,SBI,16,110,4,1,1
1902,SBI,17,481,3,0,1
1903,Axis,17,212,3,1,1
1904,HDFC,5,49,4,0,1
1905,SBI,2,167,2,1,0
1906,Axis,12,427,0,0,0
1907,SBI,18,98,4,0,0
1908,ICICI,11,338,1,1,0
1909,Axis,12,182,1,1,0
1910,Axis,15,429,1,0,0
1911,HDFC,12,292,5,1,1
1912,Axis,19,329,3,0,0
1913,Axis,10,85,5,1,0
1914,Axis,23,265,4,0,1
1915,ICICI,13,315,3,0,0
1916,SBI,23,234,2,1,0
1917,SBI,5,181,1,1,0
1918,SBI,7,227,3,0,0
1919,Axis,7,155,0,0,1
1920,Axis,11,101,1,1,0
1921,HDFC,2,47,0,0,0
1922,HDFC,11,92,5,0,0
1923,Axis,13,134,0,0,0
1924,Axis,9,94,4,0,0
1925,HDFC,20,279,2,0,1
1926,Axis,21,368,1,0,0
1927,Axis,8,191,3,0,1
1928,Axis,17,186,4,1,0
1929,SBI,6,92,2,1,0
1930,ICICI,9,294,0,0,0
1931,ICICI,22,184,5,1,0
1932,Axis,11,224,5,0,0
1933,HDFC,7,372,5,1,0
1934,SBI,8,90,5,0,0
1935,HDFC,5,37,3,0,0
1936,HDFC,9,48,4,1,0
1937,HDFC,2,204,2,0,0
1938,Axis,4,442,2,1,0
1939,ICICI,2,221,2,0,1
1940,HDFC,14,411,3,0,0
1941,Axis,17,493,0,0,0
1942,ICICI,21,141,0,0,0
1943,SBI,18,240,5,0,0
1944,HDFC,18,202,2,0,0
1945,ICICI,18,199,1,1,0
1946,ICICI,13,25,5,0,0
1947,Axis,8,141,0,1,0
1948,HDFC,10,257,5,0,0
1949,ICICI,1,208,2,1,1
1950,SBI,7,88,4,1,1
1951,HDFC,23,252,2,0,0
1952,SBI,9,204,4,1,0
1953,ICICI,0,357,0,0,1
1954,Axis,3,447,4,1,0
1955,SBI,2,465,0,0,0
1956,ICICI,22,245,1,0,1
1957,ICICI,19,215,2,0,0
1958,SBI,23,144,3,0,0
1959,HDFC,13,241,1,0,0
1960,Axis,9,472,5,0,0
1961,SBI,0,235,0,1,0
1962,ICICI,18,107,4,0,0
1963,ICICI,7,330,1,0,0
1964,Axis,13,206,4,0,1
1965,ICICI,23,392,0,0,0
1966,Axis,22,377,2,0,0
1967,ICICI,1,416,3,0,1
1968,HDFC,11,129,3,0,0
1969,ICICI,14,267,0,0,1
1970,SBI,12,139,1,0,0
1971,Axis,8,108,2,0,0
1972,ICICI,11,322,0,0,0
1973,HDFC,18,184,5,0,1
1974,HDFC,19,453,1,0,0
1975,HDFC,22,360,3,0,1
1976,ICICI,17,113,5,1,0
1977,ICICI,19,276,1,1,1
1978,SBI,1,337,0,0,0
1979,SBI,14,118,1,0,0
1980,HDFC,12,422,4,0,1
1981,HDFC,8,419,3,1,0
1982,ICICI,10,186,1,1,1
1983,HDFC,22,281,0,0,0
1984,SBI,19,330,0,1,0
1985,ICICI,11,182,1,1,0
1986,Axis,17,57,2,0,0
1987,ICICI,12,472,0,1,0
1988,SBI,16,207,5,0,0
1989,SBI,7,365,3,0,0
1990,ICICI,6,416,4,0,0
1991,SBI,19,112,5,0,0
1992,ICICI,22,142,2,1,0
1993,ICICI,9,257,5,0,0
1994,ICICI,18,44,4,1,1
1995,Axis,4,238,3,0,0
1996,SBI,15,406,1,0,1
1997,SBI,8,299,4,1,0
1998,HDFC,20,34,2,0,0
1999,HDFC,21,271,2,0,0
2000,SBI,21,206,3,0,0
2001,SBI,0,361,4,1,0
2002,SBI,18,288,5,0,0
2003,HDFC,11,142,3,1,0
2004,HDFC,9,91,0,0,1
2005,ICICI,2,36,2,0,0
2006,Axis,17,391,4,1,1
2007,ICICI,13,274,2,1,0
2008,SBI,0,453,4,0,1
2009,HDFC,10,37,3,0,0
2010,HDFC,5,366,1,1,0
2011,ICICI,1,71,2,1,0
2012,Axis,16,141,5,1,0
2013,SBI,1,304,2,0,1
2014,Axis,19,439,0,0,0
2015,SBI,2,478,3,1,0
2016,HDFC,4,193,1,1,1
2017,Axis,16,45,0,1,0
2018,SBI,1,403,3,1,0
2019,HDFC,12,95,3,0,1
2020,Axis,23,38,0,0,0
2021,SBI,1,489,3,0,0
2022,SBI,0,271,2,0,0
2023,SBI,5,90,4,0,1
2024,Axis,16,402,2,1,0
2025,SBI,4,232,3,1,0
2026,HDFC,10,193,2,0,0
2027,SBI,22,424,3,1,0
2028,SBI,21,158,2,0,0
2029,Axis,10,456,1,0,0
2030,ICICI,21,403,3,0,0
2031,Axis,0,264,2,1,0
2032,ICICI,17,80,2,0,0
2033,SBI,13,201,5,0,1
2034,SBI,23,85,1,0,0
2035,ICICI,5,101,4,0,1
2036,Axis,23,230,1,0,0
2037,Axis,18,464,3,0,0
2038,HDFC,4,89,2,1,0
2039,SBI,15,46,2,1,1
2040,Axis,19,408,1,0,0
2041,Axis,13,417,4,1,0
2042,SBI,20,333,5,1,1
2043,HDFC,11,498,3,0,1
2044,SBI,2,121,0,1,0
2045,SBI,18,148,3,1,1
2046,ICICI,18,403,3,0,0
2047,ICICI,2,142,0,1,0
2048,HDFC,1,125,0,0,0
2049,SBI,4,178,0,0,0
2050,HDFC,3,55,1,0,0
2051,ICICI,14,456,4,1,0
2052,Axis,19,269,2,0,0
2053,HDFC,2,174,3,0,0
2054,ICICI,3,57,2,1,0
2055,Axis,21,248,2,0,0
2056,ICICI,13,343,3,0,0
2057,Axis,21,217,4,1,0
2058,ICICI,1,98,1,0,0
2059,HDFC,1,66,2,1,0
2060,HDFC,14,274,1,1,0
2061,Axis,10,96,0,0,0
2062,HDFC,2,343,2,1,0
2063,SBI,0,446,3,0,0
2064,ICICI,2,169,1,0,0
2065,Axis,5,222,1,0,0
2066,ICICI,20,100,0,1,1
2067,Axis,21,154,0,0,1
2068,SBI,18,21,5,0,0
2069,SBI,13,145,4,0,1
2070,SBI,17,105,1,0,1
2071,ICICI,3,426,3,0,1
2072,Axis,20,370,3,0,1
2073,SBI,19,317,2,1,1
2074,ICICI,15,335,5,1,0
2075,Axis,20,103,4,1,0
2076,HDFC,21,35,4,0,1
2077,Axis,16,190,3,0,1
2078,HDFC,21,363,2,1,0
2079,HDFC,18,418,0,1,0
2080,HDFC,19,260,5,1,0
2081,ICICI,22,330,1,1,0
2082,SBI,13,190,4,0,1
2083,ICICI,7,429,5,0,0
2084,ICICI,15,81,3,0,0
2085,ICICI,23,228,1,0,1
2086,HDFC,22,134,0,1,1
2087,HDFC,11,134,4,0,0
2088,HDFC,1,339,2,0,1
2089,ICICI,23,388,3,0,0
2090,Axis,4,264,4,1,0
2091,ICICI,19,349,5,1,1
2092,ICICI,15,438,1,0,1
2093,ICICI,4,268,5,1,0
2094,SBI,15,365,5,0,1
2095,HDFC,15,190,2,1,0
2096,Axis,7,312,3,0,0
2097,ICICI,2,204,1,0,0
2098,SBI,1,334,2,1,1
2099,ICICI,9,323,0,0,0
2100,SBI,8,337,0,0,0
2101,ICICI,7,167,1,1,0
2102,ICICI,0,318,2,0,0
2103,Axis,17,341,1,1,0
2104,SBI,3,277,1,0,0
2105,Axis,11,472,3,0,0
2106,HDFC,20,382,2,0,1
2107,ICICI,14,180,1,1,0
2108,SBI,10,440,5,0,0
2109,HDFC,14,302,2,0,0
2110,ICICI,0,379,5,0,0
2111,SBI,11,373,3,0,0
2112,HDFC,2,104,1,1,0
2113,SBI,20,346,4,1,0
2114,ICICI,16,88,5,0,0
2115,ICICI,2,164,4,1,0
2116,SBI,2,61,4,0,1
2117,Axis,9,337,3,1,1
2118,Axis,11,199,3,0,0
2119,HDFC,18,451,0,0,0
2120,ICICI,7,162,3,1,1
2121,ICICI,8,296,1,0,0
2122,HDFC,2,34,2,0,0
2123,HDFC,9,173,4,0,0
2124,ICICI,10,257,5,0,0
2125,ICICI,9,244,1,0,1
2126,Axis,4,185,1,0,0
2127,ICICI,15,52,5,1,0
2128,ICICI,21,359,4,1,0
2129,SBI,4,217,4,1,0
2130,ICICI,4,84,1,0,0
2131,HDFC,9,460,3,0,0
2132,SBI,5,298,0,0,0
2133,ICICI,11,319,5,0,1
2134,SBI,1,371,5,0,0
2135,SBI,12,293,2,0,0
2136,HDFC,14,53,5,1,1
2137,HDFC,11,235,2,0,0
2138,Axis,10,350,2,0,0
2139,HDFC,11,199,2,1,1
2140,Axis,8,489,2,1,0
2141,HDFC,18,499,3,1,0
2142,HDFC,6,237,0,1,0
2143,Axis,21,443,2,0,0
2144,SBI,3,352,4,1,1
2145,SBI,17,78,4,0,0
2146,HDFC,20,102,4,0,1
2147,ICICI,12,75,4,0,0
2148,HDFC,1,478,2,1,1
2149,HDFC,19,125,0,0,0
2150,HDFC,13,411,1,0,0
2151,SBI,3,350,3,0,0
2152,Axis,21,158,4,1,0
2153,SBI,20,166,4,0,1
2154,HDFC,13,493,0,1,0
2155,Axis,22,91,4,1,0
2156,HDFC,9,459,3,0,0
2157,SBI,19,34,4,0,1
2158,ICICI,22,408,5,0,0
2159,Axis,13,157,0,1,0
2160,HDFC,1,467,0,0,0
2161,ICICI,11,398,3,0,1
2162,Axis,16,425,3,0,0
2163,Axis,3,350,0,1,0
2164,SBI,10,331,2,0,1
2165,SBI,3,307,2,1,1
2166,HDFC,15,317,4,0,0
2167,Axis,5,248,4,1,0
2168,HDFC,9,253,2,0,1
2169,HDFC,7,122,4,1,0
2170,SBI,17,79,5,0,0
2171,Axis,18,163,3,0,1
2172,ICICI,8,331,0,1,0
2173,ICICI,0,277,4,0,0
2174,SBI,16,123,3,0,0
2175,Axis,16,164,3,1,1
2176,Axis,23,461,0,0,0
2177,SBI,14,456,1,0,0
2178,Axis,10,359,2,0,0
2179,HDFC,10,438,2,0,0
2180,Axis,21,209,1,0,1
2181,ICICI,18,426,3,1,0
2182,ICICI,22,69,0,0,0
2183,Axis,21,92,3,1,0
2184,HDFC,4,241,1,0,0
2185,Axis,21,309,1,0,0
2186,ICICI,20,77,2,1,0
2187,HDFC,1,272,2,0,0
2188,HDFC,10,27,3,0,0
2189,HDFC,0,460,3,0,0
2190,Axis,4,306,3,0,0
2191,SBI,5,399,4,0,0
2192,HDFC,13,366,5,0,0
2193,Axis,13,274,2,0,1
2194,Axis,21,339,4,0,0
2195,Axis,1,361,5,0,0
2196,Axis,16,359,4,0,0
2197,ICICI,5,247,3,1,0
2198,ICICI,18,217,5,0,1
2199,ICICI,12,380,4,0,0
2200,ICICI,8,136,1,0,0
2201,Axis,17,321,5,0,0
2202,HDFC,16,173,0,0,0
2203,ICICI,8,455,1,1,0
2204,HDFC,4,436,1,0,1
2205,SBI,1,321,4,0,0
2206,SBI,20,480,5,1,0
2207,ICICI,5,36,4,0,0
2208,ICICI,0,187,4,0,1
2209,SBI,23,404,2,0,1
2210,ICICI,18,416,2,0,0
2211,Axis,0,349,5,0,1
2212,SBI,12,32,1,0,0
2213,ICICI,4,488,3,0,0
2214,HDFC,16,97,0,1,0
2215,SBI,21,436,5,0,0
2216,HDFC,4,333,1,0,1
2217,Axis,0,265,3,0,1
2218,Axis,5,425,4,0,1
2219,Axis,19,437,0,0,1
2220,Axis,0,485,3,0,0
2221,Axis,1,31,2,0,0
2222,ICICI,9,27,1,0,0
2223,HDFC,22,427,1,0,0
2224,ICICI,5,62,2,0,1
2225,HDFC,4,368,5,1,0
2226,SBI,11,103,5,1,0
2227,Axis,9,197,2,1,1
2228,SBI,22,142,0,0,0
2229,SBI,10,287,2,1,0
2230,HDFC,10,173,2,1,0
2231,HDFC,1,196,5,0,0
2232,Axis,8,359,4,0,0
2233,SBI,10,29,5,1,0
2234,Axis,21,101,5,1,0
2235,ICICI,4,245,1,0,0
2236,SBI,6,455,4,0,1
2237,SBI,22,393,4,1,0
2238,Axis,13,470,5,1,1
2239,HDFC,21,251,1,0,1
2240,ICICI,14,391,5,1,0
2241,SBI,18,96,4,1,0
2242,Axis,1,64,1,1,0
2243,HDFC,14,213,4,1,0
2244,SBI,6,177,5,0,0
2245,ICICI,11,187,1,0,0
2246,SBI,19,182,0,0,0
2247,SBI,19,278,5,0,0
2248,ICICI,7,248,3,1,0
2249,ICICI,21,390,1,0,0
2250,SBI,14,264,2,0,1
2251,Axis,2,164,2,1,1
2252,ICICI,5,143,2,0,0
2253,HDFC,13,231,0,1,0
2254,HDFC,18,440,1,0,0
2255,SBI,3,268,2,1,0
2256,HDFC,7,62,5,0,0
2257,Axis,4,334,5,0,0
2258,Axis,15,487,0,0,0
2259,ICICI,8,43,2,0,0
2260,SBI,6,434,4,1,0
2261,ICICI,4,384,0,0,0
2262,Axis,9,479,1,0,0
2263,HDFC,9,168,5,1,0
2264,ICICI,10,24,5,1,1
2265,SBI,1,285,5,0,0
2266,ICICI,17,221,5,0,0
2267,SBI,20,216,5,0,0
2268,SBI,9,485,0,1,0
2269,SBI,14,447,4,0,1
2270,SBI,23,212,4,1,1
2271,ICICI,6,320,1,0,1
2272,Axis,13,284,3,0,1
2273,ICICI,6,231,5,0,1
2274,SBI,22,265,2,0,0
2275,ICICI,0,410,0,0,0
2276,HDFC,4,278,1,1,0
2277,Axis,0,185,3,0,0
2278,HDFC,5,439,1,0,0
2279,HDFC,14,494,5,1,1
2280,Axis,16,294,3,0,1
2281,HDFC,9,332,1,1,0
2282,Axis,16,389,4,1,0
2283,ICICI,22,134,4,1,0
2284,HDFC,10,102,2,0,0
2285,HDFC,20,387,0,0,1
2286,Axis,23,208,4,0,1
2287,HDFC,10,188,2,0,0
2288,SBI,7,230,4,0,0
2289,SBI,10,177,1,1,1
2290,SBI,20,264,2,0,1
2291,ICICI,11,163,5,1,1
2292,ICICI,20,119,1,0,0
2293,Axis,12,213,3,1,1
2294,ICICI,13,373,3,1,0
2295,ICICI,23,89,3,1,0
2296,HDFC,1,325,2,0,0
2297,Axis,2,41,0,0,0
2298,Axis,22,348,5,0,0
2299,ICICI,0,268,4,1,0
2300,SBI,22,285,1,1,0
2301,SBI,19,83,5,0,1
2302,Axis,23,245,5,0,0
2303,Axis,0,178,1,0,0
2304,Axis,19,91,2,1,0
2305,HDFC,12,401,4,0,0
2306,HDFC,1,469,1,0,0
2307,SBI,6,271,4,0,0
2308,HDFC,12,87,0,0,0
2309,ICICI,13,261,4,0,0
2310,ICICI,10,256,0,0,0
2311,Axis,3,178,3,0,0
2312,ICICI,6,230,4,1,0
2313,ICICI,9,414,1,1,1
2314,ICICI,17,117,3,0,0
2315,Axis,17,144,0,0,1
2316,Axis,2,63,2,0,0
2317,ICICI,23,488,5,0,0
2318,HDFC,10,252,0,0,0
2319,ICICI,16,283,3,1,0
2320,SBI,20,208,0,0,1
2321,HDFC,20,21,1,0,0
2322,ICICI,9,295,2,0,1
2323,HDFC,0,368,5,1,0
2324,Axis,13,222,1,1,0
2325,Axis,9,357,5,1,0
2326,HDFC,14,162,0,0,0
2327,ICICI,3,283,0,1,1
2328,Axis,22,463,3,0,1
2329,ICICI,20,141,4,1,0
2330,ICICI,15,52,3,0,0
2331,SBI,1,285,3,1,0
2332,SBI,16,26,1,0,0
2333,Axis,3,250,3,1,0
2334,Axis,1,329,5,0,0
2335,Axis,5,95,0,0,0
2336,ICICI,21,116,0,0,0
2337,SBI,4,464,2,1,0
2338,SBI,20,385,2,0,0
2339,HDFC,15,208,4,0,1
2340,Axis,1,329,0,0,0
2341,HDFC,20,38,0,1,1
2342,Axis,19,455,3,1,0
2343,Axis,9,256,1,0,0
2344,SBI,8,301,5,0,0
2345,HDFC,8,133,4,0,0
2346,HDFC,0,201,4,0,0
2347,SBI,12,240,1,0,0
2348,Axis,0,119,1,0,1
2349,Axis,5,432,2,0,0
2350,HDFC,6,247,0,0,0
2351,HDFC,1,489,2,1,0
2352,ICICI,22,349,0,1,0
2353,Axis,16,443,0,0,1
2354,SBI,17,123,1,1,0
2355,SBI,14,490,2,0,0
2356,ICICI,2,338,5,0,0
2357,Axis,21,204,5,0,0
2358,ICICI,17,145,0,0,0
2359,SBI,22,168,2,1,0
2360,ICICI,21,78,4,1,0
2361,Axis,1,261,5,0,1
2362,Axis,2,388,4,0,0
2363,ICICI,1,36,5,0,0
2364,Axis,0,132,2,0,0
2365,HDFC,2,374,4,0,0
2366,SBI,5,138,1,1,0
2367,HDFC,9,41,1,0,0
2368,SBI,17,29,1,0,1
2369,Axis,11,150,1,1,0
2370,SBI,0,246,1,0,1
2371,HDFC,12,304,3,0,0
2372,Axis,16,249,3,0,1
2373,HDFC,7,249,4,0,0
2374,SBI,20,213,0,0,0
2375,SBI,15,162,1,0,0
2376,ICICI,2,269,2,0,0
2377,HDFC,13,255,5,0,1
2378,HDFC,2,166,1,0,0
2379,HDFC,18,288,1,1,0
2380,Axis,6,244,5,1,0
2381,SBI,10,423,5,0,1
2382,HDFC,13,25,4,1,0
2383,HDFC,0,229,1,1,1
2384,ICICI,18,151,1,0,0
2385,HDFC,16,173,4,1,1
2386,Axis,2,103,5,0,0
2387,Axis,14,342,3,0,0
2388,Axis,22,156,4,0,0
2389,SBI,19,130,0,1,0
2390,SBI,6,272,1,0,0
2391,Axis,1,273,3,0,1
2392,SBI,15,235,0,0,0
2393,Axis,20,383,3,1,0
2394,ICICI,7,126,0,0,0
2395,HDFC,23,289,3,0,1
2396,HDFC,1,365,4,0,0
2397,SBI,8,41,0,0,0
2398,ICICI,6,191,1,0,0
2399,Axis,3,406,5,0,0
2400,ICICI,6,24,3,1,0
2401,SBI,8,378,1,1,0
2402,HDFC,18,80,0,0,0
2403,Axis,23,68,1,0,0
2404,Axis,10,328,2,0,0
2405,HDFC,13,161,3,0,0
2406,HDFC,23,182,1,0,0
2407,Axis,11,131,1,0,0
2408,SBI,3,369,5,0,0
2409,HDFC,17,45,1,0,0
2410,Axis,12,291,0,1,0
2411,SBI,6,331,2,0,0
2412,HDFC,8,488,0,0,0
2413,ICICI,1,61,2,0,0
2414,ICICI,12,283,4,0,0
2415,Axis,12,358,0,0,0
2416,HDFC,7,150,0,1,0
2417,ICICI,15,465,2,0,0
2418,SBI,10,486,1,0,0
2419,Axis,11,424,3,0,0
2420,SBI,16,111,0,1,0
2421,SBI,4,22,3,1,0
2422,SBI,22,77,4,0,1
2423,Axis,11,387,1,0,0
2424,SBI,10,211,1,1,0
2425,SBI,13,439,3,0,1
2426,Axis,23,475,5,0,0
2427,Axis,11,409,2,0,0
2428,SBI,8,289,1,0,1
2429,SBI,3,151,5,0,1
2430,HDFC,10,246,3,0,1
2431,Axis,22,214,2,0,0
2432,HDFC,7,172,0,0,0
2433,ICICI,12,433,0,0,0
2434,SBI,19,308,1,1,0
2435,ICICI,8,132,1,0,0
2436,SBI,23,375,5,0,0
2437,Axis,14,337,2,0,1
2438,HDFC,9,477,5,0,0
2439,SBI,5,378,3,0,0
2440,ICICI,21,83,2,0,0
2441,SBI,6,309,5,0,1
2442,Axis,5,107,3,0,0
2443,ICICI,20,419,5,1,1
2444,SBI,2,312,2,1,0
2445,ICICI,10,426,1,0,0
2446,SBI,3,275,1,0,0
2447,ICICI,12,400,0,0,0
2448,ICICI,3,264,1,0,0
2449,Axis,5,40,0,1,1
2450,HDFC,5,102,4,1,0
2451,SBI,13,192,5,1,0
2452,HDFC,21,301,0,1,0
2453,Axis,23,462,4,0,0
2454,HDFC,13,137,5,0,0
2455,ICICI,19,118,4,0,0
2456,Axis,18,357,0,1,0
2457,Axis,21,291,4,1,0
2458,ICICI,8,448,1,0,0
2459,HDFC,15,175,5,0,1
2460,ICICI,16,129,0,0,0
2461,HDFC,7,155,0,1,0
2462,SBI,13,189,3,0,1
2463,Axis,12,265,1,0,0
2464,SBI,22,498,2,1,0
2465,HDFC,6,403,5,0,0
2466,HDFC,15,467,5,0,0
2467,HDFC,18,252,2,1,0
2468,Axis,1,159,2,0,0
2469,Axis,21,178,5,1,0
2470,ICICI,0,429,0,0,1
2471,Axis,20,105,1,0,0
2472,SBI,0,52,3,0,1
2473,Axis,0,348,3,0,0
2474,ICICI,7,407,3,0,1
2475,SBI,9,34,1,1,1
2476,Axis,21,77,0,1,0
2477,HDFC,5,389,2,0,1
2478,Axis,21,148,3,1,1
2479,ICICI,8,247,4,1,1
2480,HDFC,5,155,4,0,0
2481,ICICI,20,101,3,0,0
2482,ICICI,8,66,0,0,0
2483,SBI,13,68,4,1,0
2484,ICICI,18,387,5,0,0
2485,SBI,9,165,5,1,0
2486,HDFC,7,28,4,0,0
2487,HDFC,11,188,5,0,0
2488,Axis,5,136,3,0,0
2489,SBI,22,248,4,0,0
2490,Axis,2,335,3,0,0
2491,ICICI,20,265,5,1,0
2492,ICICI,9,274,2,1,0
2493,HDFC,6,388,5,0,0
2494,ICICI,18,287,2,0,0
2495,HDFC,2,422,2,0,0
2496,Axis,6,458,5,0,1
2497,ICICI,12,358,4,0,1
2498,Axis,9,262,1,1,1
2499,HDFC,23,90,5,0,1
2500,HDFC,13,201,2,0,0
2501,HDFC,10,324,3,0,1
2502,Axis,20,205,5,0,1
2503,Axis,13,174,4,1,0
2504,SBI,0,486,0,1,1
2505,ICICI,21,362,2,0,0
2506,Axis,9,306,0,0,0
2507,SBI,17,356,2,0,0
2508,Axis,3,476,5,0,0
2509,SBI,2,304,3,1,0
2510,SBI,13,221,2,0,1
2511,ICICI,21,237,0,0,0
2512,ICICI,23,259,3,0,0
2513,HDFC,6,155,3,0,0
2514,ICICI,0,353,3,1,0
2515,SBI,0,369,3,0,0
2516,Axis,10,463,3,1,1
2517,SBI,0,257,1,0,0
2518,ICICI,5,327,3,0,0
2519,Axis,5,274,4,0,1
2520,SBI,18,95,3,0,0
2521,Axis,17,342,2,1,0
2522,SBI,9,270,1,0,1
2523,Axis,0,299,1,1,0
2524,ICICI,16,203,3,0,1
2525,Axis,10,498,0,0,0
2526,SBI,18,32,1,0,0
2527,ICICI,8,296,5,0,1
2528,Axis,18,29,4,0,0
2529,SBI,23,496,2,0,0
2530,Axis,6,463,2,0,1
2531,Axis,2,344,3,0,0
2532,SBI,4,33,2,0,0
2533,HDFC,18,347,3,1,0
2534,HDFC,10,64,4,0,0
2535,SBI,17,423,0,0,0
2536,HDFC,13,130,2,0,0
2537,Axis,5,273,2,0,0
2538,ICICI,21,389,1,1,1
2539,HDFC,15,300,5,1,0
2540,HDFC,5,407,1,0,0
2541,ICICI,6,397,1,0,0
2542,Axis,13,302,0,0,0
2543,HDFC,4,173,0,1,1
2544,SBI,9,213,5,0,1
2545,ICICI,7,417,0,0,0
2546,HDFC,19,467,3,0,0
2547,SBI,12,377,1,0,0
2548,HDFC,18,401,1,1,0
2549,Axis,1,475,0,0,0
2550,Axis,19,117,5,1,0
2551,HDFC,2,342,3,1,0
2552,ICICI,6,174,3,0,0
2553,HDFC,21,324,4,0,0
2554,SBI,1,433,2,1,0
2555,Axis,19,173,5,0,0
2556,HDFC,5,226,0,0,0
2557,HDFC,9,294,1,0,0
2558,HDFC,0,348,4,0,0
2559,Axis,22,293,5,1,0
2560,HDFC,11,224,4,0,0
2561,SBI,14,162,1,1,1
2562,Axis,7,299,4,1,0
2563,ICICI,6,347,4,1,1
2564,ICICI,22,244,4,0,1
2565,Axis,12,307,2,0,0
2566,SBI,7,75,3,0,0
2567,SBI,18,280,3,0,1
2568,ICICI,18,243,1,0,0
2569,HDFC,9,279,2,1,1
2570,ICICI,15,249,1,0,0
2571,HDFC,14,413,0,0,0
2572,SBI,11,237,2,1,1
2573,ICICI,15,84,0,0,0
2574,Axis,17,499,1,0,0
2575,Axis,3,42,1,1,0
2576,Axis,4,428,0,1,1
2577,HDFC,19,74,0,1,0
2578,SBI,2,187,2,1,0
2579,ICICI,20,250,1,0,1
2580,Axis,1,129,0,0,0
2581,Axis,4,390,0,1,1
2582,SBI,23,359,0,1,0
2583,SBI,10,375,3,0,0
2584,Axis,4,286,1,0,0
2585,Axis,7,29,0,0,0
2586,HDFC,23,274,4,0,1
2587,ICICI,11,360,3,0,0
2588,HDFC,14,147,0,1,1
2589,Axis,3,395,1,1,0
2590,HDFC,21,98,0,0,0
2591,ICICI,4,205,0,0,1
2592,ICICI,7,55,4,0,0
2593,Axis,8,182,0,1,0
2594,ICICI,10,326,3,0,1
2595,SBI,2,245,4,0,1
2596,HDFC,0,386,5,0,0
2597,ICICI,23,398,3,0,1
2598,Axis,3,383,4,0,0
2599,HDFC,12,253,4,1,0
2600,HDFC,16,51,2,0,0
2601,HDFC,15,128,1,1,0
2602,SBI,10,381,0,0,0
2603,SBI,0,106,5,0,0
2604,HDFC,14,185,3,0,1
2605,SBI,15,185,3,1,0
2606,SBI,13,363,4,0,0
2607,HDFC,20,426,3,0,0
2608,HDFC,1,22,3,1,0
2609,Axis,19,414,5,0,1
2610,ICICI,13,249,1,0,1
2611,SBI,2,476,0,0,1
2612,SBI,18,333,1,0,0
2613,SBI,17,306,3,0,1
2614,ICICI,8,482,3,0,0
2615,ICICI,19,142,0,0,0
2616,SBI,1,55,2,1,0
2617,Axis,1,133,4,0,1
2618,HDFC,2,37,2,1,0
2619,ICICI,1,361,3,1,1
2620,ICICI,5,130,4,1,0
2621,SBI,3,374,2,1,0
2622,SBI,14,93,4,1,0
2623,Axis,5,354,5,0,0
2624,SBI,10,226,1,1,0
2625,Axis,5,124,2,0,0
2626,Axis,23,328,0,0,1
2627,ICICI,15,306,4,0,1
2628,ICICI,22,293,2,0,0
2629,ICICI,21,439,5,0,0
2630,SBI,7,343,2,0,1
2631,Axis,19,292,3,1,1
2632,SBI,15,285,4,0,0
2633,ICICI,6,339,5,0,0
2634,HDFC,4,234,0,0,0
2635,SBI,4,342,0,0,0
2636,HDFC,22,187,3,0,0
2637,SBI,0,341,2,0,0
2638,Axis,16,485,0,0,0
2639,ICICI,16,312,4,0,0
2640,HDFC,10,347,1,0,0
2641,ICICI,14,368,2,0,0
2642,SBI,18,97,5,0,1
2643,SBI,20,163,1,0,1
2644,Axis,21,423,0,0,0
2645,SBI,1,230,5,0,1
2646,HDFC,7,252,4,0,0
2647,SBI,22,370,4,0,0
2648,SBI,6,470,4,0,0
2649,ICICI,11,221,2,1,0
2650,ICICI,12,481,1,0,1
2651,Axis,1,349,3,0,0
2652,ICICI,8,304,1,0,1
2653,Axis,6,190,0,0,0
2654,Axis,6,353,2,1,0
2655,ICICI,14,90,3,0,0
2656,Axis,15,151,3,0,0
2657,HDFC,2,21,3,0,0
2658,SBI,18,432,1,0,0
2659,Axis,12,35,5,0,0
2660,ICICI,23,311,5,0,0
2661,ICICI,18,136,1,0,0
2662,Axis,8,117,4,0,0
2663,Axis,0,184,3,1,1
2664,HDFC,0,241,4,0,1
2665,SBI,14,119,2,0,0
2666,ICICI,22,328,0,0,1
2667,Axis,19,168,4,0,0
2668,ICICI,17,431,5,0,0
2669,Axis,23,240,2,1,0
2670,SBI,12,248,5,0,0
2671,HDFC,20,301,5,0,1
2672,HDFC,4,473,2,1,1
2673,SBI,15,222,5,0,0
2674,HDFC,4,75,0,0,0
2675,SBI,19,480,3,1,1
2676,SBI,13,325,1,0,1
2677,ICICI,17,404,4,0,0
2678,HDFC,14,201,1,1,0
2679,SBI,8,215,3,0,0
2680,ICICI,20,343,2,0,1
2681,SBI,2,75,2,1,0
2682,ICICI,0,251,4,0,1
2683,SBI,9,294,2,1,0
2684,HDFC,4,228,0,0,0
2685,ICICI,22,65,4,0,1
2686,SBI,20,202,2,1,1
2687,ICICI,3,294,0,0,0
2688,HDFC,17,56,3,1,0
2689,SBI,17,344,0,0,0
2690,Axis,7,85,0,0,1
2691,SBI,17,466,3,0,0
2692,HDFC,3,357,1,0,1
2693,HDFC,21,358,5,1,0
2694,ICICI,4,458,3,0,1
2695,Axis,14,156,5,1,0
2696,HDFC,8,339,1,0,1
2697,Axis,0,62,5,1,0
2698,HDFC,1,481,1,0,1
2699,ICICI,1,45,2,0,1
2700,SBI,8,54,1,0,1
2701,HDFC,9,103,2,0,0
2702,ICICI,3,148,5,0,1
2703,Axis,6,68,3,1,0
2704,SBI,4,471,4,1,1
2705,SBI,19,195,4,0,1
2706,ICICI,22,52,3,0,0
2707,HDFC,5,310,0,0,0
2708,HDFC,2,56,0,0,0
2709,SBI,12,297,4,0,0
2710,Axis,10,490,5,0,0
2711,Axis,1,90,4,1,0
2712,Axis,12,146,0,0,0
2713,HDFC,1,326,0,0,0
2714,SBI,14,402,3,1,0
2715,HDFC,22,106,5,1,0
2716,Axis,9,76,0,0,0
2717,HDFC,8,112,4,1,0
2718,HDFC,14,238,5,0,0
2719,HDFC,0,358,5,0,0
2720,SBI,7,204,5,0,0
2721,HDFC,11,56,4,1,0
2722,ICICI,3,212,3,0,0
2723,ICICI,19,282,2,0,0
2724,ICICI,2,361,2,0,0
2725,HDFC,16,181,3,0,1
2726,ICICI,6,253,4,0,0
2727,SBI,2,137,0,0,0
2728,Axis,22,151,4,0,0
2729,SBI,3,160,4,0,1
2730,Axis,21,307,1,0,1
2731,SBI,8,303,0,1,1
2732,Axis,12,219,5,0,0
2733,HDFC,23,298,2,0,0
2734,SBI,22,457,0,0,0
2735,HDFC,9,424,2,0,0
2736,ICICI,17,493,5,0,0
2737,Axis,20,203,5,0,0
2738,SBI,21,33,3,0,0
2739,HDFC,11,493,5,0,0
2740,SBI,1,93,3,0,1
2741,HDFC,13,31,3,0,0
2742,HDFC,15,74,0,1,1
2743,HDFC,13,161,3,0,0
2744,HDFC,14,397,4,1,1
2745,HDFC,11,67,4,0,0
2746,SBI,5,401,1,0,1
2747,SBI,2,373,4,0,0
2748,SBI,20,206,5,0,0
2749,ICICI,3,187,4,0,0
2750,HDFC,9,302,4,0,1
2751,Axis,14,222,3,1,1
2752,SBI,16,114,3,0,1
2753,Axis,22,190,1,0,0
2754,SBI,22,70,5,1,0
2755,HDFC,22,159,2,0,0
2756,SBI,21,496,5,1,0
2757,ICICI,2,415,5,0,0
2758,SBI,15,56,5,0,0
2759,Axis,0,413,1,0,0
2760,HDFC,18,291,5,0,0
2761,SBI,17,195,0,0,1
2762,SBI,10,453,5,0,1
2763,ICICI,12,118,5,0,0
2764,HDFC,9,251,5,0,0
2765,SBI,11,381,3,0,0
2766,SBI,13,153,0,0,0
2767,Axis,1,129,0,0,0
2768,SBI,11,439,3,0,1
2769,HDFC,21,63,5,0,0
2770,HDFC,20,55,2,0,0
2771,SBI,18,273,2,1,0
2772,Axis,4,323,2,0,0
2773,HDFC,1,310,2,1,0
2774,HDFC,23,250,5,0,0
2775,Axis,5,74,0,0,0
2776,Axis,21,386,5,0,0
2777,Axis,23,366,1,0,0
2778,Axis,11,349,0,1,0
2779,SBI,0,108,2,0,0
2780,ICICI,3,279,3,0,0
2781,ICICI,15,45,0,0,0
2782,ICICI,17,102,0,1,1
2783,Axis,6,95,4,0,0
2784,ICICI,13,277,1,0,0
2785,HDFC,7,428,4,0,0
2786,SBI,1,401,3,1,1
2787,SBI,4,321,5,0,1
2788,ICICI,22,227,5,1,0
2789,Axis,5,481,0,0,0
2790,Axis,11,115,0,0,0
2791,HDFC,12,283,0,1,1
2792,SBI,22,76,2,0,0
2793,ICICI,15,175,4,0,1
2794,HDFC,13,471,0,0,0
2795,Axis,18,327,3,0,0
2796,HDFC,7,339,5,0,0
2797,ICICI,14,412,4,0,0
2798,HDFC,3,333,3,1,0
2799,SBI,2,75,1,0,0
2800,Axis,4,34,5,0,0
2801,HDFC,5,150,1,0,1
2802,SBI,18,398,5,0,1
2803,ICICI,1,296,0,0,1
2804,Axis,12,119,3,0,0
2805,SBI,3,162,4,0,0
2806,Axis,2,429,1,1,1
2807,SBI,6,197,5,0,1
2808,ICICI,22,364,2,0,1
2809,HDFC,8,236,5,0,1
2810,ICICI,9,499,4,0,0
2811,SBI,2,249,4,0,1
2812,HDFC,15,315,2,1,1
2813,HDFC,21,210,4,1,0
2814,Axis,2,475,1,1,0
2815,ICICI,13,31,1,0,0
2816,HDFC,15,110,5,0,0
2817,Axis,7,422,0,0,0
2818,ICICI,6,179,2,0,0
2819,HDFC,6,362,3,0,1
2820,SBI,11,181,3,1,1
2821,HDFC,1,63,0,0,0
2822,HDFC,15,377,3,0,0
2823,HDFC,3,394,2,0,0
2824,SBI,9,416,4,0,1
2825,Axis,10,453,4,0,0
2826,Axis,20,413,4,1,0
2827,ICICI,10,148,4,0,0
2828,Axis,21,361,3,0,0
2829,HDFC,0,301,0,0,1
2830,HDFC,9,464,5,0,1
2831,HDFC,18,115,0,0,1
2832,SBI,8,215,5,1,0
2833,Axis,22,201,1,0,0
2834,ICICI,16,107,3,0,1
2835,SBI,15,105,2,1,0
2836,SBI,8,248,5,1,0
2837,ICICI,9,443,4,0,0
2838,SBI,9,162,1,0,0
2839,HDFC,21,420,5,0,1
2840,HDFC,8,187,5,0,0
2841,HDFC,4,478,2,0,1
2842,HDFC,23,84,1,0,0
2843,Axis,10,88,3,1,1
2844,Axis,9,131,4,0,1
2845,HDFC,12,304,1,0,0
2846,HDFC,8,172,4,1,1
2847,ICICI,6,452,2,1,0
2848,SBI,18,323,4,0,0
2849,HDFC,11,312,0,0,0
2850,SBI,10,353,3,0,0
2851,SBI,11,285,4,0,0
2852,Axis,7,319,2,0,0
2853,ICICI,5,130,4,1,0
2854,ICICI,4,96,4,0,1
2855,SBI,8,417,4,0,1
2856,HDFC,7,54,2,0,0
2857,HDFC,5,54,1,0,0
2858,HDFC,0,91,3,0,0
2859,HDFC,8,346,5,0,1
2860,SBI,16,137,5,1,1
2861,SBI,1,171,3,1,0
2862,Axis,6,161,1,0,1
2863,ICICI,14,229,2,0,1
2864,SBI,0,265,1,0,0
2865,HDFC,7,304,3,0,0
2866,ICICI,4,466,4,0,1
2867,SBI,10,384,1,0,1
2868,HDFC,12,477,2,1,0
2869,Axis,9,339,3,1,0
2870,SBI,8,401,2,0,0
2871,SBI,4,410,0,0,1
2872,Axis,13,162,2,0,1
2873,Axis,5,169,5,0,1
2874,SBI,9,297,3,1,1
2875,ICICI,16,115,3,1,0
2876,HDFC,21,45,5,1,0
2877,Axis,22,153,4,0,0
2878,SBI,9,258,2,1,0
2879,ICICI,8,280,4,0,0
2880,HDFC,4,431,2,1,0
2881,ICICI,14,392,4,1,0
2882,ICICI,12,405,0,0,0
2883,Axis,20,469,5,0,0
2884,SBI,4,146,0,0,0
2885,SBI,15,248,4,0,0
2886,SBI,20,317,3,0,0
2887,HDFC,7,418,4,1,1
2888,Axis,17,445,1,0,0
2889,SBI,4,428,1,0,1
2890,ICICI,13,465,1,1,0
2891,Axis,4,95,4,1,0
2892,HDFC,12,309,0,0,0
2893,HDFC,17,340,2,0,1
2894,SBI,15,426,5,0,0
2895,Axis,5,64,1,0,0
2896,SBI,0,486,3,0,0
2897,SBI,10,332,2,0,0
2898,SBI,16,230,4,1,0
2899,HDFC,8,180,2,0,0
2900,HDFC,2,31,2,1,0
2901,HDFC,9,189,2,0,0
2902,SBI,17,37,5,0,1
2903,ICICI,15,137,1,1,0
2904,Axis,15,37,0,0,0
2905,ICICI,7,223,1,0,1
2906,Axis,9,121,3,0,0
2907,Axis,6,491,3,1,0
2908,SBI,14,85,3,1,0
2909,Axis,3,170,1,0,1
2910,HDFC,2,281,1,1,0
2911,Axis,2,169,0,0,1
2912,Axis,3,147,3,1,1
2913,Axis,19,274,5,1,0
2914,HDFC,8,241,4,1,0
2915,ICICI,5,190,3,1,0
2916,HDFC,8,39,4,0,1
2917,SBI,10,328,1,0,0
2918,ICICI,17,223,1,0,1
2919,Axis,14,158,5,0,0
2920,SBI,18,419,5,0,1
2921,HDFC,0,240,0,0,0
2922,SBI,10,451,1,0,0
2923,HDFC,23,386,0,0,1
2924,ICICI,21,344,5,0,0
2925,ICICI,8,180,1,0,1
2926,SBI,17,203,2,0,0
2927,ICICI,10,97,0,0,0
2928,HDFC,14,132,5,1,0
2929,Axis,18,175,4,0,1
2930,Axis,0,464,3,0,1
2931,SBI,2,79,5,0,0
2932,HDFC,7,327,4,0,0
2933,ICICI,12,438,2,0,0
2934,HDFC,18,113,5,0,0
2935,SBI,9,443,1,0,1
2936,HDFC,10,143,5,0,0
2937,SBI,14,45,0,1,0
2938,SBI,1,68,2,0,0
2939,Axis,18,99,1,1,0
2940,SBI,22,255,4,0,1
2941,SBI,6,472,5,1,0
2942,ICICI,16,67,5,0,0
2943,HDFC,10,32,4,1,1
2944,Axis,22,128,5,1,1
2945,ICICI,0,441,5,0,0
2946,SBI,23,332,4,0,0
2947,ICICI,8,144,3,1,0
2948,HDFC,0,286,0,0,0
2949,SBI,17,361,0,1,1
2950,HDFC,21,177,0,1,0
2951,Axis,17,440,0,0,0
2952,ICICI,5,376,4,0,1
2953,Axis,5,206,5,0,0
2954,Axis,6,261,4,0,1
2955,Axis,0,430,5,1,1
2956,HDFC,20,484,5,0,0
2957,Axis,23,285,3,1,0
2958,Axis,17,31,5,0,1
2959,SBI,0,266,3,0,0
2960,Axis,1,50,5,0,1
2961,Axis,4,468,3,1,0
2962,SBI,7,321,4,0,0
2963,Axis,8,137,1,0,0
2964,SBI,6,446,0,0,0
2965,ICICI,6,125,1,0,1
2966,HDFC,22,423,5,0,1
2967,ICICI,5,196,5,0,0
2968,Axis,23,216,1,0,0
2969,Axis,6,26,5,1,1
2970,ICICI,14,383,0,1,1
2971,Axis,20,83,5,0,0
2972,SBI,4,385,5,0,0
2973,HDFC,14,368,1,0,0
2974,HDFC,12,54,0,1,0
2975,ICICI,17,175,0,0,0
2976,Axis,9,228,2,0,0
2977,ICICI,22,500,3,0,0
2978,ICICI,18,490,2,1,1
2979,HDFC,23,488,2,1,1
2980,SBI,11,399,3,0,1
2981,ICICI,5,346,2,1,1
2982,HDFC,22,100,1,1,1
2983,SBI,19,217,5,0,0
2984,SBI,5,274,1,1,0
2985,HDFC,13,365,5,0,1
2986,HDFC,20,275,1,0,0
2987,ICICI,21,157,4,0,1
2988,Axis,3,203,1,0,0
2989,ICICI,3,381,4,0,1
2990,SBI,18,235,0,1,0
2991,ICICI,18,421,0,0,1
2992,HDFC,9,78,0,0,0
2993,SBI,1,57,3,0,0
2994,HDFC,13,193,3,0,0
2995,HDFC,19,97,3,1,0
2996,SBI,23,408,4,0,0
2997,SBI,2,211,3,0,0
2998,SBI,19,106,3,0,1
2999,Axis,17,198,5,0,1
3000,Axis,1,398,1,0,0
3001,ICICI,18,467,3,0,0
3002,SBI,19,90,0,1,1
3003,ICICI,17,372,5,0,0
3004,Axis,18,188,1,1,1
3005,Axis,5,135,4,0,0
3006,HDFC,0,261,4,1,0
3007,HDFC,16,240,0,1,1
3008,Axis,9,212,0,0,1
3009,HDFC,18,341,4,0,0
3010,Axis,18,221,1,0,0
3011,Axis,21,46,4,1,0
3012,HDFC,9,56,2,1,0
3013,Axis,4,353,2,1,0
3014,ICICI,16,157,5,0,0
3015,ICICI,12,453,4,0,0
3016,HDFC,0,38,2,0,0
3017,SBI,23,358,4,0,0
3018,HDFC,9,391,3,0,0
3019,ICICI,7,213,3,0,0
3020,Axis,0,284,1,0,0
3021,HDFC,21,493,5,0,0
3022,HDFC,3,408,2,0,1
3023,ICICI,12,154,1,1,1
3024,Axis,10,306,1,1,0
3025,HDFC,17,138,0,1,1
3026,Axis,15,335,1,0,0
3027,SBI,9,77,2,1,0
3028,ICICI,15,432,1,0,1
3029,HDFC,20,476,0,0,1
3030,HDFC,15,412,0,0,0
3031,ICICI,13,475,1,0,1
3032,Axis,23,282,3,0,0
3033,SBI,2,340,1,0,0
3034,SBI,2,127,1,0,0
3035,HDFC,3,312,3,0,0
3036,HDFC,22,475,5,0,0
3037,HDFC,7,151,2,1,0
3038,HDFC,9,65,5,0,0
3039,Axis,4,334,4,0,0
3040,HDFC,22,286,5,1,1
3041,Axis,12,288,0,0,0
3042,Axis,18,110,0,1,1
3043,HDFC,5,51,4,0,0
3044,HDFC,13,400,1,1,0
3045,HDFC,19,216,5,0,0
3046,Axis,11,99,1,0,0
3047,SBI,20,372,5,0,0
3048,Axis,19,468,3,1,1
3049,SBI,11,102,3,1,0
3050,HDFC,12,158,0,0,0
3051,Axis,3,205,2,0,1
3052,HDFC,2,180,5,0,0
3053,Axis,8,167,3,0,1
3054,ICICI,4,372,1,0,0
3055,HDFC,2,399,0,0,0
3056,Axis,7,168,1,0,1
3057,Axis,2,67,1,0,0
3058,SBI,13,26,2,0,0
3059,ICICI,9,477,5,1,0
3060,HDFC,15,319,0,0,1
3061,HDFC,23,161,3,0,0
3062,SBI,7,363,2,1,0
3063,Axis,22,202,5,0,0
3064,ICICI,10,153,3,1,0
3065,ICICI,20,494,2,0,0
3066,ICICI,22,221,4,0,0
3067,HDFC,23,426,2,0,0
3068,Axis,2,485,2,0,0
3069,SBI,1,311,4,0,1
3070,ICICI,20,23,0,0,0
3071,Axis,19,128,2,0,0
3072,Axis,2,359,4,0,0
3073,HDFC,17,467,5,0,0
3074,SBI,10,249,3,0,0
3075,ICICI,0,316,4,1,0
3076,SBI,8,294,0,0,0
3077,Axis,18,219,3,0,1
3078,ICICI,3,491,4,0,0
3079,HDFC,6,336,3,0,1
3080,HDFC,5,117,2,0,0
3081,ICICI,18,324,2,0,0
3082,ICICI,21,151,5,0,1
3083,Axis,4,337,3,0,0
3084,Axis,12,228,3,1,1
3085,HDFC,15,270,5,0,1
3086,SBI,5,137,1,0,1
3087,ICICI,15,29,3,0,0
3088,HDFC,6,316,2,1,0
3089,HDFC,20,230,2,0,0
3090,SBI,2,473,0,1,1
3091,SBI,8,195,0,0,1
3092,SBI,0,222,3,0,1
3093,SBI,23,184,3,1,0
3094,HDFC,11,440,4,0,1
3095,HDFC,5,451,1,1,0
3096,HDFC,10,37,4,0,0
3097,SBI,14,406,2,0,0
3098,SBI,22,106,5,0,0
3099,Axis,16,295,1,0,0
3100,Axis,7,220,0,1,1
3101,Axis,7,177,3,0,0
3102,Axis,17,276,4,1,1
3103,Axis,6,471,0,1,1
3104,HDFC,1,443,0,0,1
3105,ICICI,12,172,4,0,0
3106,SBI,10,105,5,1,0
3107,ICICI,14,53,0,0,0
3108,SBI,13,166,3,0,0
3109,HDFC,2,416,4,1,0
3110,ICICI,7,461,4,1,0
3111,ICICI,21,347,4,0,0
3112,HDFC,16,208,2,0,0
3113,ICICI,22,430,5,0,1
3114,SBI,23,448,1,1,0
3115,HDFC,6,458,4,0,1
3116,Axis,0,29,1,0,0
3117,SBI,2,23,5,0,1
3118,HDFC,13,348,5,0,0
3119,Axis,10,121,1,1,1
3120,SBI,18,353,5,0,0
3121,HDFC,10,52,5,1,1
3122,ICICI,17,123,3,1,1
3123,HDFC,21,487,2,0,1
3124,SBI,5,464,3,1,0
3125,ICICI,2,473,2,0,0
3126,Axis,22,477,0,0,0
3127,ICICI,0,424,5,0,0
3128,ICICI,5,125,0,0,1
3129,Axis,2,215,0,0,1
3130,SBI,19,356,1,0,0
3131,Axis,22,68,1,0,0
3132,SBI,15,265,1,1,1
3133,Axis,2,239,2,0,1
3134,ICICI,10,341,1,0,0
3135,SBI,6,126,5,0,0
3136,ICICI,12,181,1,0,0
3137,Axis,20,315,2,0,1
3138,ICICI,10,368,5,1,0
3139,Axis,5,31,3,0,1
3140,Axis,18,295,2,1,0
3141,Axis,18,437,5,0,0
3142,SBI,17,448,5,0,0
3143,ICICI,10,479,3,0,0
3144,SBI,8,24,2,1,1
3145,ICICI,16,211,1,1,1
3146,HDFC,22,255,1,0,1
3147,Axis,19,466,1,0,0
3148,SBI,19,31,5,0,1
3149,HDFC,21,77,3,0,0
3150,HDFC,7,185,2,0,0
3151,ICICI,17,478,2,1,0
3152,HDFC,5,191,0,0,0
3153,HDFC,20,308,2,0,0
3154,SBI,4,442,3,0,1
3155,ICICI,2,88,3,0,0
3156,HDFC,9,173,0,0,0
3157,Axis,6,352,5,0,0
3158,HDFC,3,180,0,0,0
3159,Axis,23,316,5,1,1
3160,Axis,12,169,3,0,1
3161,HDFC,7,224,4,1,0
3162,SBI,4,384,4,0,0
3163,Axis,10,495,3,0,0
3164,ICICI,14,82,3,1,0
3165,ICICI,23,241,0,1,0
3166,SBI,16,347,3,0,1
3167,ICICI,0,208,4,1,0
3168,Axis,16,375,2,0,0
3169,ICICI,21,219,3,0,0
3170,HDFC,18,409,3,0,0
3171,SBI,5,79,4,0,0
3172,ICICI,13,74,0,0,0
3173,SBI,10,495,3,0,0
3174,ICICI,22,406,2,0,0
3175,SBI,2,482,1,0,1
3176,HDFC,23,149,5,0,1
3177,Axis,17,79,5,0,0
3178,HDFC,21,426,3,0,1
3179,HDFC,21,73,0,0,1
3180,Axis,8,189,4,1,0
3181,Axis,2,450,5,1,0
3182,Axis,11,244,4,1,1
3183,HDFC,19,124,2,1,0
3184,Axis,0,36,4,1,0
3185,HDFC,23,59,3,0,0
3186,HDFC,0,399,1,1,0
3187,Axis,13,76,2,1,0
3188,SBI,14,45,5,0,1
3189,HDFC,12,396,0,1,0
3190,SBI,6,267,5,0,1
3191,SBI,0,468,2,1,0
3192,HDFC,11,394,1,0,1
3193,SBI,12,404,4,0,0
3194,ICICI,13,383,2,0,1
3195,ICICI,21,492,0,1,0
3196,Axis,5,391,4,1,0
3197,Axis,17,352,3,0,0
3198,ICICI,13,90,4,0,0
3199,ICICI,9,54,3,0,0
3200,Axis,17,245,3,1,0
3201,ICICI,13,275,2,0,0
3202,SBI,1,355,0,0,0
3203,HDFC,15,359,4,0,0
3204,HDFC,15,27,0,1,1
3205,HDFC,7,127,3,0,0
3206,SBI,8,362,1,1,0
3207,SBI,23,239,0,0,0
3208,Axis,18,497,2,1,0
3209,Axis,17,123,4,1,0
3210,SBI,13,231,4,0,0
3211,HDFC,1,251,2,0,0
3212,HDFC,6,24,1,0,0
3213,SBI,4,429,3,0,0
3214,SBI,0,181,3,0,0
3215,ICICI,1,350,3,1,0
3216,ICICI,5,25,3,0,1
3217,HDFC,9,136,4,1,1
3218,Axis,10,26,5,0,0
3219,SBI,19,369,5,0,0
3220,ICICI,18,359,4,0,0
3221,HDFC,7,152,5,0,1
3222,HDFC,7,413,0,0,0
3223,Axis,8,111,3,0,0
3224,SBI,16,395,4,0,0
3225,HDFC,7,149,2,0,0
3226,HDFC,22,91,4,0,1
3227,SBI,21,129,3,1,1
3228,Axis,21,332,2,0,0
3229,ICICI,14,77,2,0,0
3230,SBI,7,61,1,1,0
3231,HDFC,9,446,1,0,0
3232,Axis,10,325,5,0,0
3233,ICICI,13,87,0,0,0
3234,SBI,5,199,5,0,0
3235,Axis,23,253,5,0,1
3236,HDFC,2,24,3,0,0
3237,HDFC,14,21,5,1,1
3238,SBI,19,42,3,0,1
3239,ICICI,19,304,5,0,0
3240,HDFC,5,29,0,0,1
3241,ICICI,8,478,5,0,0
3242,ICICI,9,169,4,0,0
3243,Axis,14,388,0,0,0
3244,HDFC,0,57,5,0,0
3245,ICICI,6,40,5,1,0
3246,Axis,3,224,3,1,1
3247,ICICI,22,118,0,0,0
3248,Axis,23,132,0,1,1
3249,Axis,7,20,0,0,0
3250,SBI,10,478,4,0,0
3251,HDFC,13,331,3,0,1
3252,Axis,15,106,0,1,0
3253,SBI,7,210,0,1,0
3254,Axis,18,284,0,1,0
3255,ICICI,9,294,3,0,0
3256,Axis,19,341,5,0,0
3257,HDFC,23,467,2,1,0
3258,Axis,21,206,1,0,0
3259,Axis,4,326,5,0,1
3260,SBI,15,472,5,0,0
3261,Axis,17,258,5,0,0
3262,HDFC,17,215,2,1,0
3263,HDFC,8,284,5,0,0
3264,HDFC,5,143,2,0,0
3265,SBI,13,306,3,0,0
3266,SBI,9,80,4,0,1
3267,HDFC,8,58,4,0,0
3268,Axis,9,281,2,1,1
3269,ICICI,7,149,2,0,0
3270,Axis,23,236,5,1,1
3271,HDFC,8,148,1,0,0
3272,Axis,8,493,2,0,1
3273,Axis,8,130,5,0,0
3274,HDFC,15,376,1,0,0
3275,Axis,8,201,0,0,0
3276,HDFC,16,442,5,0,0
3277,Axis,13,379,5,0,0
3278,Axis,20,129,3,0,0
3279,HDFC,12,203,2,1,1
3280,Axis,19,315,2,0,1
3281,ICICI,21,365,2,0,0
3282,ICICI,19,466,4,0,1
3283,ICICI,23,458,4,0,0
3284,SBI,10,460,4,0,0
3285,SBI,11,93,4,0,0
3286,SBI,7,249,0,1,0
3287,SBI,7,26,4,0,0
3288,SBI,9,360,5,1,1
3289,ICICI,10,242,5,0,0
3290,ICICI,3,460,1,0,1
3291,HDFC,14,154,4,1,1
3292,ICICI,21,88,0,1,0
3293,HDFC,7,290,1,0,0
3294,SBI,20,30,4,1,1
3295,SBI,3,106,1,0,0
3296,Axis,3,468,3,1,1
3297,HDFC,5,310,5,0,1
3298,HDFC,13,353,4,0,1
3299,ICICI,17,323,1,0,1
3300,SBI,4,458,1,0,1
3301,ICICI,11,64,4,0,1
3302,HDFC,3,211,3,1,0
3303,Axis,12,29,3,1,0
3304,HDFC,17,278,0,0,1
3305,Axis,13,485,1,1,0
3306,SBI,21,130,1,0,1
3307,SBI,9,425,0,1,0
3308,HDFC,10,376,1,0,0
3309,SBI,23,362,4,0,1
3310,ICICI,18,302,0,0,0
3311,HDFC,3,46,0,1,1
3312,SBI,5,349,5,1,0
3313,SBI,23,423,4,0,1
3314,HDFC,13,25,3,0,1
3315,ICICI,13,209,4,0,0
3316,ICICI,13,395,2,0,0
3317,SBI,13,457,3,0,0
3318,ICICI,14,364,4,1,0
3319,Axis,8,312,2,0,0
3320,HDFC,15,316,2,1,1
3321,HDFC,18,370,1,1,1
3322,ICICI,2,339,5,1,0
3323,HDFC,21,225,3,0,1
3324,SBI,17,326,1,0,0
3325,ICICI,18,361,2,0,0
3326,ICICI,11,499,1,0,0
3327,Axis,7,205,1,0,1
3328,HDFC,18,32,1,0,0
3329,ICICI,18,246,5,0,1
3330,Axis,11,243,1,0,0
3331,HDFC,19,353,0,0,1
3332,SBI,13,290,5,0,0
3333,ICICI,11,197,0,0,0
3334,SBI,22,294,0,0,0
3335,ICICI,3,330,4,1,0
3336,Axis,4,121,2,0,0
3337,ICICI,21,32,1,0,0
3338,HDFC,13,482,3,0,0
3339,HDFC,17,96,2,1,0
3340,SBI,2,475,0,1,1
3341,HDFC,12,337,0,0,0
3342,HDFC,3,380,1,0,1
3343,HDFC,1,333,0,0,0
3344,Axis,11,21,5,1,0
3345,HDFC,3,100,5,0,0
3346,HDFC,12,117,5,0,0
3347,SBI,2,235,5,0,0
3348,SBI,9,412,0,0,0
3349,HDFC,3,183,1,0,1
3350,HDFC,17,441,5,0,1
3351,SBI,1,77,1,0,0
3352,SBI,15,272,5,0,1
3353,SBI,0,176,0,0,0
3354,HDFC,20,287,2,0,0
3355,Axis,5,59,0,0,0
3356,ICICI,14,113,0,1,1
3357,ICICI,18,374,3,0,0
3358,HDFC,17,376,2,1,0
3359,Axis,4,431,5,0,0
3360,HDFC,1,452,5,1,0
3361,Axis,1,99,0,0,0
3362,Axis,19,230,2,0,1
3363,SBI,11,274,2,0,0
3364,ICICI,1,200,5,0,0
3365,Axis,9,342,4,1,0
3366,HDFC,6,488,1,0,0
3367,ICICI,19,475,0,0,0
3368,Axis,11,358,4,1,0
3369,Axis,9,337,2,1,0
3370,HDFC,1,381,2,1,0
3371,HDFC,10,205,5,0,0
3372,SBI,7,433,1,1,1
3373,Axis,12,324,0,0,1
3374,SBI,1,143,0,0,0
3375,ICICI,23,338,4,1,0
3376,Axis,5,490,1,0,0
3377,Axis,19,388,3,1,0
3378,Axis,14,236,3,1,0
3379,SBI,12,443,3,0,1
3380,HDFC,17,183,0,0,0
3381,SBI,0,95,0,0,0
3382,SBI,3,482,1,0,1
3383,Axis,17,500,2,0,0
3384,HDFC,10,186,4,0,1
3385,HDFC,9,280,0,0,0
3386,Axis,20,437,2,0,1
3387,HDFC,11,175,5,0,0
3388,SBI,18,210,2,0,1
3389,Axis,18,100,4,0,1
3390,Axis,23,226,4,0,0
3391,Axis,22,147,0,0,0
3392,HDFC,22,313,3,1,1
3393,HDFC,2,197,3,1,0
3394,ICICI,14,61,0,0,0
3395,HDFC,12,95,0,0,0
3396,ICICI,3,195,0,1,0
3397,Axis,3,55,4,0,0
3398,ICICI,13,49,2,1,0
3399,ICICI,10,43,1,0,0
3400,SBI,13,280,0,1,1
3401,HDFC,23,101,5,1,1
3402,HDFC,14,279,3,0,0
3403,HDFC,11,372,5,0,0
3404,Axis,20,200,1,0,1
3405,Axis,1,401,0,1,1
3406,Axis,10,278,0,0,0
3407,Axis,18,43,3,0,0
3408,HDFC,19,40,1,1,1
3409,SBI,4,171,0,0,1
3410,SBI,12,97,3,0,0
3411,Axis,3,59,4,0,1
3412,HDFC,8,355,3,1,0
3413,Axis,13,161,5,1,1
3414,HDFC,21,456,5,0,0
3415,SBI,3,155,5,0,1
3416,Axis,6,136,3,0,0
3417,SBI,15,188,1,0,0
3418,ICICI,10,419,2,1,1
3419,SBI,7,219,5,1,0
3420,SBI,21,330,1,0,0
3421,HDFC,23,217,1,0,0
3422,SBI,12,291,4,0,0
3423,HDFC,22,432,5,0,0
3424,ICICI,0,470,3,0,1
3425,HDFC,19,287,2,0,1
3426,SBI,3,120,5,0,0
3427,ICICI,14,487,0,1,0
3428,ICICI,4,243,3,0,0
3429,HDFC,4,238,2,1,1
3430,ICICI,9,324,4,1,0
3431,Axis,13,92,2,0,0
3432,Axis,15,186,1,0,0
3433,HDFC,7,320,4,0,0
3434,SBI,4,394,5,0,0
3435,SBI,20,65,5,0,0
3436,ICICI,14,198,4,0,0
3437,HDFC,22,104,4,0,1
3438,SBI,20,105,0,0,0
3439,Axis,10,335,3,0,0
3440,ICICI,9,208,2,0,0
3441,ICICI,9,349,2,1,0
3442,Axis,7,478,3,1,1
3443,Axis,9,99,2,0,1
3444,ICICI,3,43,4,0,1
3445,HDFC,5,95,4,0,0
3446,HDFC,19,64,4,1,1
3447,ICICI,6,108,3,0,0
3448,ICICI,2,173,3,1,0
3449,SBI,5,98,2,1,0
3450,SBI,3,155,2,1,0
3451,Axis,3,153,0,0,1
3452,SBI,2,222,4,0,0
3453,Axis,4,177,4,0,0
3454,ICICI,3,410,2,0,0
3455,Axis,16,176,5,1,1
3456,ICICI,10,300,0,0,1
3457,ICICI,13,47,1,1,1
3458,Axis,4,289,5,1,1
3459,Axis,19,218,1,1,1
3460,Axis,12,228,2,1,1
3461,SBI,21,267,3,1,0
3462,HDFC,22,374,4,1,0
3463,HDFC,17,424,3,0,1
3464,ICICI,3,199,4,1,0
3465,SBI,16,389,2,0,1
3466,Axis,10,253,4,0,1
3467,SBI,13,338,3,0,1
3468,Axis,5,306,1,0,1
3469,ICICI,21,203,3,1,1
3470,ICICI,4,463,0,0,0
3471,SBI,21,483,1,0,1
3472,HDFC,1,262,3,0,1
3473,HDFC,12,37,1,0,0
3474,Axis,19,480,5,1,0
3475,HDFC,16,389,2,0,0
3476,ICICI,22,323,4,1,0
3477,ICICI,8,61,4,0,0
3478,HDFC,22,285,2,1,0
3479,ICICI,12,55,2,0,0
3480,HDFC,13,118,2,0,0
3481,SBI,1,268,1,0,0
3482,Axis,14,231,1,1,1
3483,ICICI,14,231,2,0,0
3484,ICICI,18,31,3,1,0
3485,HDFC,16,177,0,0,0
3486,SBI,1,403,1,0,1
3487,Axis,7,481,3,1,0
3488,ICICI,3,175,0,1,0
3489,HDFC,4,397,2,0,1
3490,Axis,15,236,3,1,0
3491,ICICI,15,335,5,0,1
3492,Axis,10,330,3,0,1
3493,SBI,21,379,1,0,1
3494,ICICI,7,364,3,0,1
3495,ICICI,2,69,3,1,0
3496,ICICI,12,470,5,0,1
3497,Axis,23,160,4,1,0
3498,SBI,14,132,2,1,1
3499,ICICI,19,208,2,0,0
3500,ICICI,22,481,1,0,0
3501,SBI,2,241,1,0,0
3502,Axis,18,346,1,1,0
3503,SBI,0,390,2,1,0
3504,Axis,23,128,4,1,0
3505,HDFC,20,486,3,0,1
3506,ICICI,18,299,5,0,1
3507,Axis,22,144,1,0,0
3508,SBI,20,345,0,0,0
3509,HDFC,13,356,2,0,0
3510,HDFC,12,424,2,1,0
3511,ICICI,16,233,3,1,0
3512,Axis,6,333,3,0,0
3513,Axis,17,96,3,0,1
3514,HDFC,9,441,2,0,0
3515,Axis,21,356,2,1,0
3516,HDFC,0,294,3,0,0
3517,HDFC,20,369,1,1,0
3518,Axis,4,352,0,0,0
3519,Axis,14,397,4,1,0
3520,HDFC,14,382,0,0,0
3521,SBI,5,79,5,0,0
3522,SBI,23,477,4,1,1
3523,Axis,14,54,4,0,0
3524,SBI,19,223,4,1,0
3525,ICICI,22,222,3,1,0
3526,Axis,1,246,1,0,1
3527,HDFC,0,455,4,1,0
3528,Axis,19,90,2,0,0
3529,SBI,3,259,3,0,0
3530,SBI,8,233,1,1,0
3531,Axis,9,243,3,1,0
3532,SBI,8,452,3,1,1
3533,ICICI,9,412,0,0,0
3534,SBI,21,316,1,0,0
3535,SBI,19,436,2,0,0
3536,ICICI,21,263,3,0,0
3537,HDFC,14,28,4,0,0
3538,Axis,8,363,4,0,0
3539,Axis,18,320,4,0,1
3540,ICICI,8,114,5,0,0
3541,Axis,1,401,3,0,0
3542,Axis,3,175,5,0,0
3543,ICICI,22,118,3,0,1
3544,HDFC,14,128,1,1,0
3545,ICICI,22,379,3,0,0
3546,ICICI,22,255,0,0,0
3547,HDFC,23,417,3,1,1
3548,ICICI,16,372,5,1,0
3549,ICICI,4,101,2,0,0
3550,HDFC,2,405,3,0,1
3551,SBI,2,196,1,0,0
3552,Axis,8,344,5,1,1
3553,SBI,22,167,0,0,0
3554,HDFC,12,260,2,0,1
3555,ICICI,22,434,0,1,0
3556,ICICI,5,232,3,0,0
3557,ICICI,8,98,5,1,1
3558,ICICI,3,181,5,0,1
3559,ICICI,13,254,2,1,0
3560,Axis,10,66,5,1,0
3561,HDFC,3,437,1,0,0
3562,ICICI,4,485,2,1,0
3563,ICICI,17,67,0,0,0
3564,Axis,10,145,3,0,0
3565,SBI,12,397,5,0,0
3566,ICICI,23,154,2,0,1
3567,HDFC,1,241,1,0,0
3568,HDFC,10,309,4,0,0
3569,SBI,8,224,5,1,0
3570,ICICI,13,168,0,0,1
3571,ICICI,5,452,5,0,1
3572,Axis,16,477,4,1,0
3573,HDFC,3,316,4,1,0
3574,Axis,22,339,3,0,0
3575,Axis,5,107,5,0,0
3576,SBI,8,477,2,0,0
3577,HDFC,14,383,4,0,0
3578,SBI,8,340,2,0,0
3579,SBI,2,354,2,0,0
3580,Axis,12,474,1,0,0
3581,HDFC,10,83,0,0,0
3582,HDFC,12,473,5,0,0
3583,HDFC,18,461,4,1,1
3584,SBI,21,440,0,1,0
3585,Axis,21,365,5,0,0
3586,Axis,11,283,4,0,1
3587,ICICI,9,358,4,0,1
3588,Axis,20,466,0,0,0
3589,HDFC,8,378,2,1,1
3590,HDFC,0,201,3,0,0
3591,SBI,5,43,0,1,0
3592,SBI,18,286,2,1,0
3593,SBI,0,230,0,0,0
3594,Axis,12,294,1,0,0
3595,SBI,3,252,4,0,0
3596,Axis,5,109,3,0,1
3597,SBI,23,367,2,0,0
3598,HDFC,8,143,0,0,0
3599,HDFC,4,149,5,0,0
3600,Axis,9,199,0,1,0
3601,SBI,7,276,1,0,1
3602,Axis,14,115,5,0,0
3603,SBI,12,372,0,0,1
3604,HDFC,20,276,3,0,0
3605,HDFC,14,492,2,0,0
3606,SBI,23,466,5,1,0
3607,SBI,14,381,0,0,0
3608,SBI,14,151,3,0,1
3609,SBI,14,230,0,0,1
3610,HDFC,5,381,2,0,1
3611,HDFC,4,267,1,0,0
3612,ICICI,19,438,2,1,1
3613,Axis,16,404,3,1,0
3614,Axis,15,54,0,0,1
3615,HDFC,1,226,5,1,0
3616,SBI,2,162,0,1,1
3617,ICICI,12,85,1,0,1
3618,HDFC,6,359,1,1,0
3619,ICICI,4,333,1,1,0
3620,SBI,13,359,1,1,0
3621,ICICI,9,137,3,0,0
3622,ICICI,20,66,1,0,1
3623,ICICI,8,77,0,1,0
3624,SBI,18,53,3,0,0
3625,HDFC,16,145,5,0,1
3626,SBI,16,289,3,0,0
3627,SBI,22,309,4,1,0
3628,Axis,19,51,2,0,0
3629,ICICI,14,411,3,1,0
3630,ICICI,20,81,3,0,0
3631,HDFC,11,190,5,0,0
3632,Axis,5,381,3,0,0
3633,HDFC,7,289,2,0,1
3634,ICICI,23,197,2,1,0
3635,ICICI,3,350,3,0,1
3636,SBI,21,156,2,1,0
3637,ICICI,19,125,1,1,0
3638,SBI,18,59,4,1,1
3639,HDFC,5,112,1,1,0
3640,HDFC,22,391,5,0,1
3641,SBI,9,115,0,0,1
3642,SBI,4,125,4,1,0
3643,ICICI,5,24,0,0,0
3644,SBI,5,353,3,0,0
3645,ICICI,17,447,2,0,0
3646,HDFC,5,65,0,0,1
3647,HDFC,2,151,5,0,1
3648,ICICI,17,127,4,0,1
3649,ICICI,0,153,4,0,1
3650,Axis,14,475,4,0,0
3651,Axis,9,235,1,0,0
3652,Axis,12,477,5,1,0
3653,ICICI,14,191,2,0,0
3654,SBI,17,175,4,0,0
3655,SBI,16,104,4,1,0
3656,HDFC,3,253,2,0,0
3657,HDFC,15,121,5,0,0
3658,HDFC,14,266,1,0,1
3659,ICICI,10,264,2,0,0
3660,SBI,3,198,0,0,0
3661,Axis,18,484,5,0,0
3662,HDFC,14,313,5,0,0
3663,SBI,7,151,0,0,1
3664,SBI,16,156,1,0,0
3665,Axis,5,436,2,0,0
3666,ICICI,17,364,0,1,1
3667,SBI,13,288,4,0,0
3668,Axis,5,289,1,0,0
3669,HDFC,10,337,3,1,0
3670,ICICI,20,65,3,0,0
3671,ICICI,18,289,0,1,1
3672,ICICI,13,315,3,0,1
3673,Axis,1,231,5,0,0
3674,Axis,0,275,0,1,1
3675,ICICI,0,210,3,0,1
3676,SBI,14,383,1,0,0
3677,ICICI,8,281,5,1,1
3678,HDFC,10,315,0,0,0
3679,ICICI,11,315,0,0,1
3680,HDFC,23,218,5,1,0
3681,HDFC,15,159,4,1,0
3682,ICICI,14,280,3,0,0
3683,Axis,2,327,3,1,0
3684,ICICI,23,423,2,0,0
3685,ICICI,22,374,2,0,0
3686,HDFC,17,196,4,0,0
3687,Axis,18,279,0,0,0
3688,SBI,17,155,4,0,0
3689,Axis,21,279,1,0,1
3690,ICICI,21,414,3,0,0
3691,ICICI,14,324,4,1,0
3692,SBI,23,34,2,0,0
3693,SBI,4,219,0,0,0
3694,ICICI,0,493,5,0,0
3695,SBI,8,337,2,0,0
3696,SBI,23,337,5,1,1
3697,HDFC,21,122,1,0,0
3698,ICICI,19,76,2,0,0
3699,Axis,21,126,3,0,1
3700,Axis,3,152,5,0,1
3701,ICICI,21,106,0,0,0
3702,SBI,22,319,0,0,1
3703,Axis,16,165,2,0,0
3704,SBI,4,254,1,0,0
3705,Axis,2,471,2,1,0
3706,ICICI,4,76,3,0,1
3707,ICICI,11,296,4,1,1
3708,Axis,5,79,0,0,1
3709,HDFC,2,249,4,0,1
3710,Axis,12,313,0,0,0
3711,ICICI,18,243,5,1,0
3712,Axis,4,120,3,0,1
3713,ICICI,7,126,1,0,0
3714,Axis,20,106,0,0,0
3715,HDFC,15,157,4,0,0
3716,SBI,14,92,4,1,0
3717,SBI,8,270,0,0,0
3718,Axis,2,143,5,0,0
3719,SBI,7,96,0,0,0
3720,Axis,8,392,5,0,0
3721,HDFC,12,392,5,0,0
3722,SBI,5,206,5,0,0
3723,HDFC,0,478,3,0,0
3724,ICICI,18,468,4,1,0
3725,HDFC,18,23,0,0,1
3726,SBI,18,443,5,1,0
3727,SBI,6,438,1,0,1
3728,Axis,17,162,4,0,1
3729,ICICI,6,434,0,1,0
3730,SBI,5,344,5,1,1
3731,HDFC,1,127,1,0,1
3732,HDFC,10,417,4,1,0
3733,SBI,20,277,4,1,0
3734,ICICI,9,54,4,0,0
3735,ICICI,21,397,2,0,1
3736,Axis,0,283,3,0,1
3737,Axis,20,81,2,0,0
3738,ICICI,11,352,0,0,1
3739,SBI,17,474,0,0,1
3740,ICICI,14,412,4,0,0
3741,SBI,17,162,3,0,0
3742,HDFC,0,316,4,1,0
3743,ICICI,2,39,3,0,0
3744,ICICI,2,84,1,0,1
3745,ICICI,14,477,1,0,0
3746,ICICI,7,55,4,1,0
3747,SBI,20,174,2,0,1
3748,ICICI,2,371,5,0,1
3749,SBI,2,330,2,0,1
3750,HDFC,4,235,2,0,0
3751,Axis,14,157,3,0,0
3752,SBI,2,168,5,0,0
3753,HDFC,11,270,4,0,0
3754,SBI,0,138,0,0,0
3755,ICICI,1,78,3,1,1
3756,HDFC,21,268,1,0,0
3757,Axis,0,186,5,0,0
3758,Axis,20,474,5,0,0
3759,SBI,16,193,5,0,1
3760,Axis,21,32,2,0,0
3761,Axis,23,133,4,1,0
3762,Axis,22,83,2,0,0
3763,SBI,21,133,3,1,1
3764,Axis,6,403,0,1,0
3765,SBI,11,143,3,0,0
3766,Axis,22,131,5,0,0
3767,SBI,23,433,2,1,0
3768,ICICI,0,379,2,1,0
3769,Axis,4,286,2,0,1
3770,HDFC,23,268,5,0,0
3771,ICICI,18,475,5,1,1
3772,Axis,22,291,2,0,1
3773,HDFC,2,152,2,0,0
3774,SBI,6,387,0,1,1
3775,HDFC,17,376,5,1,0
3776,Axis,2,428,0,0,1
3777,HDFC,2,196,5,0,0
3778,HDFC,4,427,2,1,0
3779,ICICI,2,182,1,0,0
3780,SBI,19,365,3,0,0
3781,ICICI,3,472,2,0,0
3782,HDFC,5,343,1,0,0
3783,SBI,17,129,5,0,0
3784,ICICI,10,46,5,1,0
3785,ICICI,6,486,2,0,1
3786,ICICI,23,32,1,0,1
3787,SBI,2,489,4,0,0
3788,HDFC,17,121,0,1,1
3789,Axis,11,101,2,0,0
3790,ICICI,12,250,4,1,0
3791,SBI,18,442,4,1,0
3792,Axis,16,33,0,0,1
3793,ICICI,9,295,4,0,0
3794,Axis,19,350,5,0,0
3795,SBI,4,284,1,0,0
3796,SBI,0,232,2,0,1
3797,HDFC,12,271,3,0,0
3798,Axis,18,350,3,0,0
3799,HDFC,17,157,4,0,0
3800,Axis,17,285,1,1,0
3801,SBI,17,388,0,0,0
3802,Axis,4,419,4,1,1
3803,HDFC,7,73,2,1,1
3804,Axis,1,454,2,0,0
3805,ICICI,8,190,5,0,0
3806,Axis,19,174,5,1,1
3807,ICICI,6,138,4,0,1
3808,ICICI,11,316,2,0,0
3809,ICICI,4,289,1,0,0
3810,ICICI,7,65,3,0,0
3811,HDFC,21,32,0,1,0
3812,SBI,6,300,2,0,0
3813,ICICI,19,103,2,1,0
3814,ICICI,13,265,2,0,1
3815,SBI,7,479,3,0,0
3816,HDFC,2,196,1,1,0
3817,ICICI,12,172,3,0,0
3818,SBI,11,59,4,1,1
3819,SBI,1,126,5,0,1
3820,HDFC,0,293,4,1,0
3821,HDFC,20,62,1,0,0
3822,Axis,17,285,0,0,1
3823,Axis,1,118,4,0,0
3824,SBI,10,440,1,1,0
3825,Axis,21,417,0,0,1
3826,SBI,7,103,0,0,1
3827,Axis,3,451,0,0,0
3828,ICICI,19,242,0,0,0
3829,Axis,6,261,5,0,1
3830,ICICI,14,32,1,0,0
3831,SBI,13,376,4,0,0
3832,ICICI,19,166,0,0,0
3833,Axis,18,66,2,0,0
3834,Axis,2,112,2,0,0
3835,SBI,21,133,4,1,1
3836,ICICI,23,60,4,0,1
3837,SBI,2,288,1,0,0
3838,SBI,15,291,2,0,0
3839,HDFC,2,395,4,0,0
3840,Axis,12,309,0,0,0
3841,ICICI,6,130,5,0,1
3842,HDFC,21,262,4,0,0
3843,Axis,7,192,3,0,0
3844,ICICI,11,447,4,1,0
3845,Axis,2,146,5,0,0
3846,HDFC,18,61,2,0,0
3847,SBI,4,207,3,0,0
3848,Axis,13,263,4,0,0
3849,ICICI,8,178,3,0,1
3850,HDFC,9,456,3,0,0
3851,SBI,4,90,5,1,1
3852,SBI,22,252,5,0,0
3853,SBI,17,242,4,1,0
3854,HDFC,6,31,0,0,1
3855,ICICI,4,201,5,0,0
3856,ICICI,2,29,3,0,0
3857,HDFC,12,429,5,1,0
3858,Axis,11,340,4,0,0
3859,Axis,10,68,1,0,0
3860,SBI,22,93,3,1,1
3861,ICICI,20,295,5,1,1
3862,SBI,11,399,0,0,1
3863,HDFC,4,335,3,0,0
3864,SBI,4,182,4,0,0
3865,HDFC,17,362,5,1,0
3866,Axis,1,216,2,1,1
3867,SBI,17,345,3,0,0
3868,SBI,23,473,1,0,0
3869,SBI,19,262,0,0,0
3870,Axis,23,453,3,0,0
3871,SBI,15,191,4,1,1
3872,HDFC,0,182,4,1,0
3873,SBI,18,134,4,0,0
3874,Axis,8,72,5,0,0
3875,HDFC,15,67,1,0,1
3876,SBI,5,392,2,0,0
3877,ICICI,7,405,1,0,1
3878,HDFC,22,327,2,1,1
3879,Axis,18,240,3,1,1
3880,HDFC,14,201,1,0,0
3881,SBI,16,409,0,1,0
3882,Axis,0,358,3,0,0
3883,Axis,1,406,5,0,0
3884,ICICI,7,288,3,0,1
3885,SBI,2,188,3,0,0
3886,Axis,11,54,4,0,1
3887,HDFC,22,33,0,1,0
3888,Axis,14,115,5,0,1
3889,ICICI,2,346,3,1,0
3890,ICICI,14,402,0,0,0
3891,ICICI,3,171,4,0,1
3892,SBI,19,421,2,0,0
3893,ICICI,15,265,0,0,0
3894,HDFC,23,469,1,0,0
3895,ICICI,2,153,1,1,0
3896,HDFC,21,54,0,1,0
3897,Axis,18,28,4,0,0
3898,ICICI,21,300,3,0,1
3899,SBI,17,143,1,1,0
3900,ICICI,3,341,3,0,1
3901,HDFC,15,181,4,1,0
3902,ICICI,11,98,5,0,0
3903,SBI,4,264,1,0,1
3904,Axis,21,118,1,1,1
3905,ICICI,5,344,4,1,0
3906,SBI,17,431,1,1,0
3907,HDFC,14,361,4,0,0
3908,HDFC,13,281,3,1,0
3909,HDFC,21,325,3,1,1
3910,HDFC,19,185,4,0,0
3911,HDFC,15,306,3,0,0
3912,Axis,8,351,0,0,1
3913,ICICI,13,125,5,0,0
3914,ICICI,22,180,3,0,0
3915,SBI,13,365,3,1,0
3916,Axis,17,462,5,1,0
3917,SBI,6,351,5,1,0
3918,SBI,10,149,4,0,1
3919,HDFC,21,94,3,1,1
3920,HDFC,14,27,5,0,0
3921,ICICI,5,282,0,0,0
3922,SBI,0,163,1,0,1
3923,HDFC,7,346,0,0,0
3924,SBI,19,269,3,0,0
3925,HDFC,11,117,5,0,0
3926,Axis,12,51,0,0,0
3927,ICICI,3,57,3,0,0
3928,SBI,18,467,2,0,1
3929,SBI,8,490,0,1,0
3930,ICICI,13,154,1,1,1
3931,ICICI,15,368,4,0,0
3932,Axis,3,116,1,0,1
3933,HDFC,10,230,4,0,0
3934,ICICI,15,372,5,0,0
3935,ICICI,17,157,4,0,1
3936,ICICI,4,131,1,0,0
3937,Axis,21,413,3,0,0
3938,SBI,16,289,3,0,0
3939,HDFC,13,351,4,0,0
3940,ICICI,2,47,5,0,0
3941,ICICI,5,143,3,0,1
3942,Axis,6,53,0,0,1
3943,SBI,4,435,4,1,0
3944,Axis,19,171,2,0,0
3945,HDFC,12,436,0,0,0
3946,HDFC,5,307,4,1,0
3947,ICICI,1,423,4,0,0
3948,HDFC,4,150,3,1,0
3949,Axis,13,483,3,0,0
3950,HDFC,4,50,3,1,0
3951,SBI,22,415,5,0,0
3952,ICICI,9,363,2,0,0
3953,HDFC,2,149,2,0,1
3954,HDFC,14,43,0,1,1
3955,HDFC,13,299,5,0,0
3956,SBI,23,399,4,0,0
3957,HDFC,16,178,4,1,1
3958,ICICI,16,302,0,1,0
3959,HDFC,6,160,2,0,1
3960,HDFC,13,444,5,1,1
3961,ICICI,16,189,4,0,0
3962,Axis,7,282,0,0,0
3963,Axis,3,341,5,0,0
3964,HDFC,11,204,1,0,0
3965,HDFC,2,39,1,0,0
3966,HDFC,7,57,0,0,1
3967,HDFC,5,225,3,1,0
3968,SBI,10,421,0,0,0
3969,ICICI,12,247,5,0,0
3970,SBI,11,397,1,0,0
3971,SBI,18,57,1,1,0
3972,HDFC,19,490,4,0,0
3973,HDFC,11,41,1,1,1
3974,SBI,6,420,4,0,0
3975,ICICI,19,413,3,0,0
3976,SBI,6,121,0,0,0
3977,HDFC,15,128,2,0,0
3978,HDFC,14,276,0,1,1
3979,SBI,21,483,0,0,0
3980,HDFC,17,104,3,0,1
3981,HDFC,2,70,0,0,0
3982,SBI,17,170,4,0,0
3983,HDFC,1,45,5,0,0
3984,SBI,23,447,1,1,0
3985,Axis,11,284,3,0,1
3986,SBI,14,245,0,0,0
3987,ICICI,10,120,4,0,0
3988,ICICI,14,441,3,0,0
3989,SBI,6,366,5,0,1
3990,SBI,8,303,5,1,0
3991,SBI,7,102,3,0,0
3992,SBI,23,316,1,0,0
3993,SBI,18,489,0,0,0
3994,Axis,4,351,5,0,0
3995,HDFC,18,339,4,0,1
3996,SBI,14,211,2,0,0
3997,Axis,4,248,0,0,0
3998,ICICI,8,192,0,0,1
3999,SBI,23,20,4,0,0
4000,HDFC,8,463,4,1,0
4001,SBI,3,473,1,1,1
4002,SBI,9,396,2,0,0
4003,ICICI,7,436,5,0,0
4004,SBI,9,340,3,0,1
4005,HDFC,6,132,4,1,0
4006,Axis,5,122,3,0,0
4007,SBI,0,232,2,0,1
4008,HDFC,18,480,5,0,1
4009,ICICI,8,486,4,1,0
4010,Axis,17,59,2,1,1
4011,ICICI,14,436,4,1,0
4012,ICICI,18,344,3,0,0
4013,HDFC,1,86,1,0,0
4014,ICICI,1,116,0,0,0
4015,HDFC,4,120,1,0,0
4016,Axis,8,374,5,0,1
4017,ICICI,14,382,1,0,0
4018,ICICI,23,392,1,1,0
4019,ICICI,13,132,5,0,0
4020,SBI,1,291,0,0,0
4021,HDFC,23,60,4,0,1
4022,HDFC,23,288,4,1,0
4023,Axis,17,421,0,0,0
4024,HDFC,1,298,5,0,0
4025,SBI,8,70,3,0,0
4026,HDFC,5,209,4,0,0
4027,SBI,23,439,1,1,0
4028,SBI,15,159,1,0,0
4029,SBI,17,495,1,1,1
4030,ICICI,10,74,4,1,0
4031,Axis,13,443,3,0,1
4032,ICICI,7,147,2,0,0
4033,HDFC,15,400,3,0,0
4034,Axis,16,265,2,0,0
4035,ICICI,12,326,0,1,0
4036,Axis,0,464,1,1,1
4037,ICICI,7,255,0,0,1
4038,ICICI,1,287,3,0,0
4039,SBI,19,467,1,1,1
4040,Axis,12,429,3,0,0
4041,HDFC,4,85,1,0,0
4042,ICICI,13,42,0,1,0
4043,Axis,6,451,1,0,1
4044,SBI,8,494,3,0,0
4045,Axis,14,206,1,0,0
4046,HDFC,15,73,4,0,0
4047,HDFC,19,492,1,1,1
4048,HDFC,22,448,2,0,0
4049,Axis,0,224,3,1,0
4050,HDFC,15,497,2,1,1
4051,Axis,7,132,4,0,0
4052,SBI,3,291,0,0,0
4053,SBI,14,461,0,0,1
4054,Axis,13,217,3,1,0
4055,ICICI,22,157,1,0,0
4056,ICICI,21,270,3,0,0
4057,Axis,16,35,5,0,1
4058,HDFC,5,132,1,1,1
4059,SBI,22,27,3,0,0
4060,ICICI,4,194,4,0,0
4061,Axis,9,275,3,1,1
4062,SBI,21,261,5,0,0
4063,SBI,11,286,5,0,0
4064,SBI,7,83,1,1,1
4065,ICICI,22,341,0,0,0
4066,Axis,21,470,0,1,0
4067,ICICI,14,250,4,0,0
4068,ICICI,22,263,3,0,0
4069,SBI,1,277,1,0,0
4070,Axis,15,482,4,0,0
4071,ICICI,23,223,0,1,0
4072,HDFC,16,417,3,1,0
4073,SBI,19,398,4,0,0
4074,Axis,13,227,1,0,1
4075,SBI,11,99,1,1,0
4076,SBI,17,495,0,0,0
4077,ICICI,0,144,3,0,0
4078,HDFC,4,165,1,1,0
4079,HDFC,4,331,3,0,0
4080,Axis,10,275,5,0,0
4081,ICICI,10,291,4,0,0
4082,SBI,23,333,2,0,0
4083,ICICI,1,276,2,0,0
4084,Axis,7,438,0,0,0
4085,Axis,16,99,2,0,0
4086,ICICI,7,187,4,0,0
4087,Axis,23,161,5,0,1
4088,HDFC,9,110,2,0,0
4089,SBI,14,398,2,1,0
4090,Axis,4,250,3,1,1
4091,Axis,20,132,5,0,0
4092,SBI,12,315,0,0,0
4093,ICICI,5,276,1,0,0
4094,SBI,13,157,3,0,0
4095,HDFC,21,371,3,0,1
4096,Axis,19,353,0,1,0
4097,HDFC,18,306,1,0,0
4098,Axis,22,59,5,0,1
4099,ICICI,21,52,1,0,0
4100,HDFC,6,206,0,0,1
4101,SBI,7,475,5,0,1
4102,HDFC,1,197,3,0,0
4103,HDFC,17,43,1,0,0
4104,SBI,1,398,4,0,1
4105,Axis,7,416,3,0,0
4106,HDFC,15,443,3,1,1
4107,Axis,14,166,1,0,0
4108,ICICI,21,243,1,1,0
4109,HDFC,5,294,2,0,0
4110,SBI,15,36,4,0,0
4111,ICICI,14,337,0,1,0
4112,Axis,20,266,3,0,1
4113,ICICI,14,393,1,0,1
4114,ICICI,9,381,4,0,0
4115,ICICI,19,254,4,0,1
4116,Axis,4,104,2,0,0
4117,ICICI,11,442,2,0,0
4118,HDFC,7,210,0,0,1
4119,ICICI,12,155,3,0,0
4120,ICICI,18,221,3,1,0
4121,ICICI,2,78,3,0,0
4122,Axis,9,462,0,1,0
4123,Axis,1,440,1,0,0
4124,ICICI,23,402,2,0,1
4125,SBI,21,373,3,0,1
4126,HDFC,20,254,0,1,0
4127,Axis,21,39,5,0,0
4128,SBI,23,408,4,0,0
4129,Axis,8,360,2,0,0
4130,HDFC,18,297,2,1,0
4131,SBI,18,473,2,0,0
4132,ICICI,19,142,0,0,1
4133,HDFC,9,130,5,1,0
4134,SBI,20,138,5,0,0
4135,ICICI,19,186,1,0,0
4136,Axis,20,317,0,0,1
4137,Axis,0,431,1,0,0
4138,SBI,16,395,1,0,0
4139,Axis,17,133,4,0,0
4140,Axis,5,324,0,0,0
4141,ICICI,11,146,5,1,1
4142,Axis,1,280,4,0,0
4143,ICICI,8,219,2,1,0
4144,ICICI,13,43,5,0,0
4145,SBI,9,233,1,1,0
4146,ICICI,11,308,4,0,1
4147,HDFC,22,202,1,1,1
4148,ICICI,2,294,1,1,0
4149,SBI,8,79,1,0,0
4150,ICICI,15,497,5,1,0
4151,Axis,7,323,1,1,0
4152,SBI,10,286,3,0,0
4153,SBI,18,166,0,0,1
4154,Axis,21,188,1,1,0
4155,HDFC,14,155,2,0,0
4156,SBI,14,477,5,0,0
4157,Axis,1,463,4,0,0
4158,Axis,8,68,4,0,0
4159,SBI,15,287,5,0,1
4160,Axis,15,257,0,0,0
4161,Axis,9,392,4,0,1
4162,Axis,20,66,4,1,1
4163,Axis,5,262,2,1,0
4164,ICICI,1,280,3,0,1
4165,SBI,11,159,3,0,0
4166,HDFC,10,64,2,1,1
4167,HDFC,19,241,5,0,0
4168,ICICI,7,412,4,0,1
4169,ICICI,6,112,5,0,0
4170,HDFC,13,460,3,1,0
4171,SBI,5,459,1,0,0
4172,ICICI,10,340,1,0,1
4173,ICICI,3,401,0,0,0
4174,HDFC,21,305,1,0,1
4175,HDFC,2,68,0,1,0
4176,HDFC,2,116,0,0,0
4177,HDFC,6,373,1,0,0
4178,HDFC,10,291,5,0,0
4179,SBI,0,59,3,0,0
4180,SBI,16,366,3,1,0
4181,Axis,0,314,0,0,0
4182,HDFC,16,244,4,0,0
4183,Axis,23,224,2,0,0
4184,ICICI,4,376,2,0,1
4185,SBI,23,307,2,1,0
4186,Axis,8,28,5,0,1
4187,ICICI,8,398,5,0,1
4188,ICICI,20,136,2,0,0
4189,Axis,2,434,1,1,0
4190,HDFC,8,369,4,0,0
4191,Axis,6,226,2,1,0
4192,ICICI,16,283,0,0,0
4193,Axis,19,239,0,0,0
4194,HDFC,10,332,4,0,0
4195,Axis,0,59,2,0,1
4196,Axis,22,231,3,1,0
4197,SBI,18,413,0,1,1
4198,ICICI,11,483,1,0,0
4199,SBI,7,451,3,1,1
4200,HDFC,15,383,1,0,0
4201,HDFC,21,332,2,1,0
4202,HDFC,18,486,2,1,0
4203,SBI,18,361,2,0,0
4204,Axis,19,163,3,0,0
4205,Axis,7,138,0,0,0
4206,HDFC,13,134,2,0,0
4207,HDFC,20,179,5,0,1
4208,SBI,3,335,4,0,0
4209,ICICI,15,46,0,0,1
4210,HDFC,21,150,5,0,0
4211,SBI,3,368,1,0,0
4212,Axis,0,277,5,1,0
4213,SBI,9,153,1,0,0
4214,SBI,13,288,1,0,1
4215,Axis,18,388,4,1,0
4216,SBI,4,432,5,0,0
4217,Axis,15,51,0,1,0
4218,SBI,21,40,5,1,0
4219,HDFC,19,424,4,1,0
4220,ICICI,0,178,2,0,0
4221,ICICI,20,147,4,0,0
4222,ICICI,16,58,2,0,0
4223,Axis,11,460,4,0,0
4224,ICICI,5,54,0,0,0
4225,Axis,5,26,4,0,0
4226,Axis,4,37,5,1,1
4227,SBI,10,177,4,1,0
4228,ICICI,10,327,4,1,0
4229,SBI,12,498,3,0,0
4230,Axis,23,157,2,0,0
4231,SBI,11,285,1,0,0
4232,ICICI,10,108,5,0,0
4233,ICICI,13,479,1,0,0
4234,Axis,13,33,1,0,1
4235,Axis,14,177,0,0,0
4236,Axis,23,217,1,0,1
4237,HDFC,17,442,2,0,1
4238,Axis,13,331,0,0,1
4239,ICICI,13,273,2,0,1
4240,SBI,9,275,2,0,0
4241,HDFC,16,282,2,0,0
4242,SBI,9,212,0,0,1
4243,ICICI,2,24,0,1,0
4244,Axis,2,492,4,0,0
4245,ICICI,1,271,0,0,0
4246,HDFC,2,230,0,0,1
4247,SBI,1,212,1,0,1
4248,Axis,5,481,2,1,1
4249,HDFC,2,62,4,0,0
4250,Axis,11,342,0,1,0
4251,SBI,10,157,3,0,0
4252,HDFC,4,276,3,0,1
4253,SBI,5,342,2,1,0
4254,HDFC,5,269,2,1,0
4255,HDFC,9,39,2,1,1
4256,Axis,4,264,2,1,0
4257,HDFC,14,263,0,0,1
4258,ICICI,17,296,0,0,0
4259,SBI,19,322,2,1,1
4260,ICICI,6,23,1,1,1
4261,Axis,20,200,4,0,0
4262,ICICI,3,22,2,0,0
4263,ICICI,9,401,1,0,1
4264,HDFC,10,138,3,0,0
4265,ICICI,10,333,4,0,0
4266,ICICI,16,288,3,0,0
4267,HDFC,16,286,0,0,0
4268,HDFC,1,334,4,1,0
4269,HDFC,0,172,2,0,0
4270,ICICI,10,457,1,0,0
4271,SBI,19,190,4,0,0
4272,ICICI,6,234,3,1,0
4273,Axis,8,161,5,0,0
4274,SBI,1,93,0,0,1
4275,HDFC,0,172,4,1,1
4276,SBI,5,206,0,0,1
4277,ICICI,12,305,2,0,1
4278,HDFC,3,354,0,0,1
4279,ICICI,6,46,5,0,0
4280,ICICI,18,174,0,0,0
4281,SBI,15,228,3,0,0
4282,HDFC,20,185,1,0,0
4283,ICICI,20,85,5,0,1
4284,SBI,17,295,2,1,0
4285,Axis,19,354,1,0,0
4286,HDFC,20,126,2,0,1
4287,Axis,6,465,0,1,0
4288,Axis,17,309,3,1,1
4289,ICICI,22,57,5,0,0
4290,SBI,22,270,0,0,1
4291,HDFC,9,416,0,0,0
4292,Axis,18,481,2,0,0
4293,Axis,23,350,2,0,0
4294,Axis,2,322,0,1,1
4295,Axis,2,184,5,0,1
4296,HDFC,15,500,3,0,0
4297,Axis,2,352,4,1,0
4298,Axis,10,318,5,1,1
4299,ICICI,2,273,2,0,0
4300,ICICI,19,71,5,0,1
4301,HDFC,3,495,4,0,1
4302,HDFC,18,417,5,0,1
4303,HDFC,9,298,5,0,1
4304,HDFC,3,401,4,1,1
4305,ICICI,10,271,2,0,1
4306,Axis,11,153,3,0,0
4307,ICICI,9,275,2,1,0
4308,SBI,18,230,3,0,0
4309,SBI,3,73,2,0,1
4310,Axis,10,236,1,1,0
4311,SBI,21,475,5,0,0
4312,HDFC,6,242,0,0,0
4313,HDFC,2,479,5,0,0
4314,ICICI,4,51,4,0,0
4315,ICICI,19,239,5,0,1
4316,ICICI,8,414,5,0,1
4317,Axis,18,252,2,1,0
4318,Axis,5,450,2,0,0
4319,HDFC,8,69,3,0,0
4320,SBI,9,471,3,0,0
4321,SBI,17,261,1,0,0
4322,Axis,23,284,3,1,1
4323,HDFC,18,111,2,0,0
4324,Axis,13,132,2,0,0
4325,SBI,13,482,4,1,0
4326,HDFC,10,219,2,0,1
4327,SBI,2,386,1,0,0
4328,ICICI,19,240,4,0,0
4329,Axis,22,178,2,0,0
4330,ICICI,1,269,1,0,0
4331,HDFC,3,499,5,0,0
4332,SBI,12,415,3,0,0
4333,Axis,5,444,1,0,0
4334,HDFC,15,136,4,0,0
4335,SBI,17,477,2,0,0
4336,ICICI,10,262,5,0,0
4337,HDFC,4,50,5,1,0
4338,SBI,4,130,1,0,0
4339,ICICI,20,481,2,0,0
4340,Axis,15,221,0,1,0
4341,SBI,1,72,1,1,1
4342,ICICI,16,88,0,0,1
4343,ICICI,12,392,5,0,0
4344,HDFC,19,496,1,0,0
4345,HDFC,1,491,3,0,0
4346,HDFC,5,200,0,1,0
4347,SBI,0,131,0,1,0
4348,SBI,21,125,3,0,0
4349,ICICI,4,446,1,0,0
4350,HDFC,1,283,4,0,1
4351,SBI,13,343,0,0,0
4352,HDFC,22,499,5,1,1
4353,ICICI,15,184,1,0,1
4354,ICICI,0,300,2,1,0
4355,Axis,1,302,0,1,0
4356,ICICI,14,171,3,0,1
4357,Axis,11,86,3,0,0
4358,ICICI,14,253,2,0,1
4359,SBI,11,219,5,0,0
4360,ICICI,1,477,2,0,0
4361,SBI,20,61,5,0,0
4362,Axis,17,384,1,0,0
4363,ICICI,5,449,4,0,0
4364,HDFC,8,379,1,0,0
4365,HDFC,9,168,0,1,0
4366,HDFC,22,315,2,1,0
4367,Axis,2,209,4,1,0
4368,SBI,23,386,3,0,1
4369,ICICI,19,244,1,0,0
4370,ICICI,16,333,1,0,0
4371,Axis,7,117,5,0,1
4372,HDFC,6,122,4,0,0
4373,HDFC,10,357,4,0,0
4374,HDFC,19,478,1,0,0
4375,ICICI,18,206,4,0,0
4376,ICICI,23,440,3,1,0
4377,Axis,7,111,3,0,1
4378,SBI,0,232,2,0,0
4379,SBI,15,202,3,0,1
4380,Axis,12,356,1,0,0
4381,HDFC,16,345,3,1,0
4382,SBI,14,327,0,0,1
4383,ICICI,12,473,2,1,0
4384,Axis,12,325,2,0,1
4385,SBI,14,398,5,0,0
4386,HDFC,14,138,1,0,0
4387,Axis,13,262,4,1,1
4388,HDFC,22,181,2,0,0
4389,HDFC,13,241,3,1,0
4390,SBI,10,248,2,1,0
4391,ICICI,17,276,5,0,1
4392,ICICI,23,58,1,0,0
4393,HDFC,15,75,0,1,0
4394,Axis,6,208,1,0,0
4395,HDFC,14,201,2,0,0
4396,SBI,16,77,0,0,0
4397,HDFC,2,191,3,1,0
4398,Axis,4,118,2,0,0
4399,SBI,13,487,5,0,1
4400,HDFC,19,198,5,0,1
4401,ICICI,19,304,1,1,0
4402,Axis,9,243,3,0,1
4403,HDFC,4,287,0,0,1
4404,ICICI,9,373,4,0,0
4405,ICICI,15,468,2,0,1
4406,Axis,23,500,3,0,0
4407,Axis,8,380,5,0,0
4408,Axis,13,273,5,1,0
4409,SBI,7,327,2,0,0
4410,Axis,16,324,4,0,1
4411,Axis,19,87,5,1,0
4412,Axis,14,486,4,1,0
4413,SBI,20,95,0,0,1
4414,ICICI,15,91,3,0,0
4415,SBI,0,388,2,1,1
4416,HDFC,0,320,3,1,1
4417,ICICI,2,137,3,0,0
4418,HDFC,7,492,3,0,0
4419,SBI,7,166,3,0,0
4420,Axis,12,46,5,0,0
4421,SBI,20,356,0,1,0
4422,HDFC,7,459,5,0,0
4423,HDFC,0,247,1,0,0
4424,ICICI,3,408,5,0,0
4425,ICICI,18,250,2,1,0
4426,Axis,7,317,1,0,0
4427,Axis,12,444,3,1,0
4428,SBI,12,349,4,0,1
4429,ICICI,22,225,4,1,1
4430,ICICI,4,344,5,0,1
4431,Axis,3,252,4,0,0
4432,Axis,11,315,2,0,0
4433,HDFC,18,114,0,0,1
4434,HDFC,21,214,1,0,0
4435,ICICI,23,308,3,0,0
4436,HDFC,13,158,1,1,0
4437,HDFC,20,317,3,0,0
4438,Axis,4,143,2,0,0
4439,HDFC,20,435,3,1,1
4440,Axis,14,135,2,0,0
4441,ICICI,12,46,1,0,1
4442,Axis,4,187,5,1,0
4443,HDFC,4,198,0,1,0
4444,HDFC,1,429,3,0,1
4445,ICICI,8,305,1,0,1
4446,SBI,14,266,5,0,0
4447,HDFC,0,392,4,0,0
4448,ICICI,10,303,2,1,0
4449,ICICI,5,45,0,0,0
4450,HDFC,23,257,5,1,0
4451,Axis,0,89,0,0,0
4452,Axis,21,101,0,0,0
4453,Axis,16,158,4,0,1
4454,HDFC,17,400,4,0,1
4455,Axis,15,339,2,0,1
4456,Axis,21,487,0,0,0
4457,ICICI,15,210,1,0,0
4458,ICICI,3,310,0,0,1
4459,SBI,7,337,5,1,0
4460,SBI,3,452,4,0,0
4461,SBI,22,31,5,0,1
4462,HDFC,14,297,4,1,0
4463,Axis,1,103,1,0,0
4464,SBI,8,25,5,0,0
4465,Axis,9,95,3,0,0
4466,HDFC,10,347,5,0,0
4467,Axis,22,85,0,1,0
4468,ICICI,5,313,4,0,0
4469,Axis,8,62,0,0,0
4470,SBI,17,141,0,0,0
4471,Axis,11,124,1,1,0
4472,HDFC,16,338,0,0,0
4473,HDFC,18,405,4,0,0
4474,ICICI,12,140,4,1,0
4475,HDFC,13,323,2,0,0
4476,SBI,1,312,5,0,0
4477,ICICI,16,41,1,0,0
4478,SBI,22,265,3,0,1
4479,ICICI,0,225,3,1,0
4480,HDFC,4,79,2,1,0
4481,ICICI,11,415,0,1,0
4482,Axis,18,251,4,0,0
4483,HDFC,18,267,0,0,1
4484,HDFC,15,137,4,1,0
4485,HDFC,16,85,3,0,0
4486,HDFC,23,249,3,0,1
4487,ICICI,16,230,5,1,0
4488,SBI,10,391,2,0,0
4489,Axis,3,23,4,0,0
4490,HDFC,1,434,0,1,0
4491,SBI,6,247,3,0,1
4492,SBI,3,21,3,0,0
4493,Axis,17,220,2,0,1
4494,Axis,3,68,4,1,1
4495,HDFC,21,448,0,1,0
4496,Axis,12,78,1,0,0
4497,ICICI,11,344,3,0,1
4498,Axis,23,275,3,0,0
4499,HDFC,10,177,0,0,0
4500,HDFC,11,259,4,1,1
4501,Axis,11,377,3,1,0
4502,Axis,11,462,5,0,1
4503,ICICI,18,386,0,1,0
4504,HDFC,4,415,5,0,1
4505,SBI,23,428,0,1,1
4506,HDFC,9,424,5,0,1
4507,ICICI,13,75,4,1,0
4508,Axis,2,382,2,0,1
4509,Axis,8,239,5,0,1
4510,Axis,15,404,0,1,0
4511,SBI,14,344,3,1,0
4512,SBI,17,319,4,0,0
4513,HDFC,19,439,1,0,0
4514,SBI,5,256,1,1,0
4515,Axis,14,36,0,0,0
4516,HDFC,14,482,3,0,0
4517,ICICI,19,199,0,1,0
4518,Axis,19,212,5,1,0
4519,SBI,9,284,0,0,0
4520,SBI,12,229,2,1,0
4521,SBI,16,406,1,0,0
4522,ICICI,22,76,2,0,1
4523,ICICI,10,98,0,0,0
4524,Axis,4,346,2,0,0
4525,ICICI,5,114,1,0,0
4526,Axis,11,390,4,0,0
4527,HDFC,9,25,1,0,1
4528,ICICI,1,366,0,0,1
4529,ICICI,21,456,4,1,0
4530,HDFC,15,462,2,0,0
4531,ICICI,13,196,5,0,0
4532,ICICI,3,133,0,0,1
4533,Axis,13,446,5,0,0
4534,HDFC,8,196,5,0,0
4535,HDFC,19,106,1,0,1
4536,SBI,4,137,2,0,1
4537,SBI,12,353,1,0,1
4538,HDFC,9,319,5,0,0
4539,ICICI,21,198,0,1,1
4540,Axis,18,298,2,0,0
4541,HDFC,13,406,1,1,0
4542,HDFC,7,167,3,0,0
4543,Axis,13,307,5,0,0
4544,Axis,22,125,0,0,0
4545,ICICI,7,205,5,1,1
4546,Axis,2,430,4,0,1
4547,HDFC,11,244,2,0,0
4548,Axis,8,279,4,0,0
4549,SBI,17,187,2,0,0
4550,SBI,4,21,0,0,0
4551,Axis,5,104,2,1,0
4552,SBI,0,368,3,0,0
4553,ICICI,7,490,2,0,1
4554,ICICI,7,64,1,0,0
4555,HDFC,4,210,2,0,0
4556,SBI,1,417,1,1,0
4557,SBI,7,62,2,0,0
4558,Axis,12,250,4,1,0
4559,SBI,17,123,3,0,1
4560,HDFC,12,423,5,0,0
4561,Axis,4,77,2,0,1
4562,HDFC,0,121,1,1,0
4563,SBI,5,114,5,1,0
4564,ICICI,12,230,2,1,0
4565,SBI,10,389,1,1,0
4566,Axis,12,449,1,0,1
4567,HDFC,16,311,4,0,1
4568,Axis,12,51,3,0,1
4569,SBI,3,132,0,0,0
4570,SBI,4,185,0,0,0
4571,SBI,23,348,5,0,0
4572,SBI,4,486,2,0,0
4573,Axis,19,191,2,0,0
4574,SBI,23,458,2,0,0
4575,HDFC,12,241,2,0,0
4576,Axis,3,228,0,1,1
4577,HDFC,6,182,0,1,1
4578,Axis,17,434,5,0,0
4579,SBI,20,44,4,0,0
4580,HDFC,17,362,3,0,0
4581,ICICI,19,197,4,1,0
4582,HDFC,21,240,1,1,0
4583,Axis,23,279,1,0,1
4584,Axis,7,171,2,1,0
4585,HDFC,23,184,2,0,0
4586,Axis,18,78,2,0,0
4587,HDFC,10,177,5,0,0
4588,HDFC,13,347,0,1,0
4589,SBI,20,241,3,0,1
4590,Axis,22,183,0,0,0
4591,ICICI,9,128,3,1,0
4592,HDFC,23,65,2,0,0
4593,HDFC,19,171,5,0,1
4594,Axis,2,261,1,1,1
4595,ICICI,8,101,0,1,1
4596,Axis,23,179,0,1,0
4597,Axis,21,496,1,1,0
4598,SBI,4,296,5,1,1
4599,ICICI,13,377,3,1,0
4600,Axis,7,308,1,0,0
4601,Axis,17,456,2,0,0
4602,SBI,1,337,0,0,0
4603,SBI,0,394,1,0,1
4604,ICICI,6,464,0,0,0
4605,ICICI,14,151,4,0,0
4606,HDFC,7,410,4,0,1
4607,ICICI,4,106,2,1,0
4608,ICICI,9,375,2,1,1
4609,Axis,22,334,3,0,0
4610,ICICI,12,363,2,1,0
4611,Axis,16,355,1,0,1
4612,SBI,9,499,0,1,0
4613,Axis,0,120,2,1,1
4614,SBI,20,99,1,0,0
4615,ICICI,22,370,3,0,0
4616,SBI,8,275,2,1,0
4617,SBI,19,61,0,1,0
4618,HDFC,21,381,3,0,0
4619,SBI,8,155,1,0,0
4620,HDFC,22,21,2,0,0
4621,SBI,4,49,1,1,0
4622,SBI,12,331,1,0,1
4623,Axis,0,352,1,0,1
4624,SBI,5,324,1,0,0
4625,HDFC,4,400,5,0,0
4626,ICICI,10,148,5,0,1
4627,HDFC,8,166,1,0,0
4628,SBI,0,396,3,0,0
4629,HDFC,10,290,3,0,1
4630,HDFC,8,400,2,1,0
4631,SBI,13,443,4,0,0
4632,ICICI,1,66,0,1,0
4633,Axis,15,245,5,0,0
4634,SBI,23,313,3,1,1
4635,SBI,8,369,3,1,0
4636,Axis,2,276,2,0,0
4637,SBI,11,130,2,0,0
4638,SBI,3,392,3,0,1
4639,ICICI,7,364,3,1,0
4640,HDFC,4,448,1,0,0
4641,SBI,11,372,1,0,1
4642,HDFC,22,492,2,1,0
4643,Axis,12,244,1,1,1
4644,HDFC,14,128,0,0,0
4645,SBI,13,114,3,0,0
4646,HDFC,2,490,3,0,0
4647,HDFC,15,247,4,0,1
4648,ICICI,13,98,4,1,0
4649,SBI,10,143,2,0,1
4650,SBI,7,454,5,0,0
4651,Axis,5,316,0,0,1
4652,ICICI,18,420,1,1,1
4653,ICICI,0,303,1,1,1
4654,HDFC,3,438,0,0,1
4655,HDFC,11,104,3,0,0
4656,SBI,0,432,5,0,1
4657,ICICI,7,327,2,0,1
4658,ICICI,7,64,2,0,0
4659,ICICI,11,263,1,0,0
4660,Axis,7,227,1,1,0
4661,SBI,3,221,3,1,0
4662,ICICI,6,39,1,0,1
4663,ICICI,18,63,3,1,1
4664,ICICI,23,437,3,0,0
4665,SBI,10,165,5,1,0
4666,HDFC,8,388,5,0,0
4667,Axis,20,138,0,1,0
4668,HDFC,11,170,2,1,1
4669,SBI,0,173,5,0,0
4670,SBI,6,293,2,0,0
4671,HDFC,19,51,0,0,1
4672,SBI,2,282,4,0,0
4673,Axis,5,416,1,1,0
4674,Axis,15,120,4,1,0
4675,Axis,16,113,1,1,0
4676,ICICI,16,228,2,0,0
4677,HDFC,19,236,1,0,0
4678,ICICI,18,407,3,1,0
4679,ICICI,3,145,1,0,1
4680,Axis,2,274,0,0,1
4681,HDFC,12,316,3,0,0
4682,HDFC,19,52,3,0,1
4683,ICICI,2,66,1,1,0
4684,HDFC,19,318,5,0,1
4685,Axis,10,59,3,1,0
4686,ICICI,21,323,1,0,1
4687,Axis,22,461,0,0,0
4688,HDFC,13,466,4,0,0
4689,ICICI,16,239,5,1,0
4690,HDFC,9,257,2,0,0
4691,Axis,19,456,5,0,0
4692,HDFC,9,411,0,1,1
4693,SBI,17,386,5,0,0
4694,ICICI,21,361,5,0,1
4695,ICICI,16,41,1,0,0
4696,ICICI,18,465,5,0,1
4697,Axis,19,248,5,0,0
4698,Axis,22,152,1,0,0
4699,Axis,8,258,0,0,1
4700,HDFC,22,224,1,1,0
4701,SBI,21,440,1,0,1
4702,Axis,23,354,3,0,1
4703,HDFC,20,46,5,0,1
4704,Axis,8,310,2,1,1
4705,SBI,6,135,2,0,0
4706,HDFC,10,356,5,0,0
4707,Axis,6,345,1,0,0
4708,Axis,11,84,3,0,1
4709,SBI,1,371,4,1,0
4710,HDFC,15,260,4,0,0
4711,Axis,0,206,2,0,0
4712,Axis,6,401,3,1,1
4713,HDFC,10,247,0,1,0
4714,ICICI,5,378,5,0,0
4715,Axis,6,285,4,1,0
4716,SBI,3,148,4,1,1
4717,SBI,11,407,3,0,1
4718,HDFC,14,307,0,1,1
4719,ICICI,23,303,3,0,0
4720,Axis,10,378,2,1,0
4721,SBI,16,167,5,0,0
4722,Axis,6,414,2,0,0
4723,ICICI,1,94,2,1,1
4724,ICICI,10,432,3,0,1
4725,ICICI,17,324,4,0,0
4726,Axis,9,279,4,1,1
4727,HDFC,1,418,1,0,0
4728,HDFC,4,253,1,0,0
4729,ICICI,12,78,2,1,1
4730,ICICI,4,138,5,0,0
4731,HDFC,14,177,5,1,0
4732,SBI,15,424,3,0,0
4733,SBI,2,160,0,0,1
4734,Axis,2,195,1,0,0
4735,HDFC,14,390,0,0,0
4736,ICICI,0,44,3,0,0
4737,Axis,23,45,4,0,0
4738,ICICI,17,278,1,0,0
4739,ICICI,15,335,0,0,0
4740,Axis,17,142,5,0,0
4741,SBI,15,174,2,1,0
4742,HDFC,0,371,1,0,0
4743,HDFC,16,303,2,0,0
4744,ICICI,4,245,1,0,0
4745,SBI,2,64,2,1,0
4746,ICICI,22,374,4,0,1
4747,HDFC,19,214,0,0,0
4748,ICICI,7,214,2,0,0
4749,ICICI,6,350,1,0,0
4750,Axis,22,55,4,0,1
4751,HDFC,10,422,5,1,0
4752,HDFC,3,341,0,0,0
4753,ICICI,4,48,0,1,0
4754,SBI,7,193,5,0,0
4755,HDFC,10,117,2,1,0
4756,HDFC,15,218,4,0,0
4757,HDFC,10,327,1,0,1
4758,HDFC,6,308,2,1,1
4759,Axis,9,151,2,1,1
4760,HDFC,0,352,4,0,0
4761,Axis,13,320,4,0,0
4762,HDFC,14,280,2,0,0
4763,Axis,21,31,3,1,0
4764,HDFC,10,225,0,1,0
4765,SBI,10,118,2,1,1
4766,ICICI,12,430,0,0,0
4767,Axis,5,83,2,0,1
4768,SBI,3,499,1,1,0
4769,Axis,4,160,4,0,1
4770,ICICI,0,498,2,0,1
4771,ICICI,14,288,4,1,1
4772,HDFC,1,264,3,0,0
4773,HDFC,4,42,1,1,0
4774,Axis,5,404,1,1,0
4775,Axis,2,225,1,1,0
4776,HDFC,12,172,1,0,0
4777,SBI,23,150,3,1,0
4778,ICICI,6,28,3,0,0
4779,ICICI,6,474,0,0,1
4780,HDFC,17,98,5,0,1
4781,ICICI,5,307,1,1,1
4782,ICICI,10,427,5,0,0
4783,SBI,16,89,1,1,0
4784,Axis,12,363,5,0,0
4785,ICICI,8,343,2,0,1
4786,Axis,10,26,4,0,0
4787,SBI,14,146,2,1,0
4788,Axis,3,35,4,1,1
4789,ICICI,3,428,4,0,1
4790,HDFC,5,243,2,0,0
4791,ICICI,9,236,4,1,0
4792,HDFC,22,390,5,0,0
4793,Axis,11,421,3,0,1
4794,SBI,7,334,3,0,1
4795,SBI,5,332,4,1,0
4796,SBI,22,479,0,0,0
4797,SBI,18,407,2,0,0
4798,HDFC,5,241,3,0,1
4799,HDFC,11,315,4,0,1
4800,SBI,19,236,4,0,1
4801,SBI,5,402,1,0,1
4802,HDFC,18,340,5,0,0
4803,ICICI,4,148,2,0,0
4804,SBI,16,498,1,1,0
4805,Axis,7,30,0,0,0
4806,HDFC,10,228,4,0,1
4807,SBI,4,283,1,1,0
4808,ICICI,5,428,2,1,0
4809,Axis,8,209,2,0,1
4810,HDFC,0,106,4,0,0
4811,SBI,8,158,3,1,0
4812,ICICI,8,169,3,0,1
4813,ICICI,22,55,3,0,0
4814,ICICI,0,32,1,1,1
4815,HDFC,3,492,0,0,1
4816,HDFC,6,383,0,0,0
4817,ICICI,1,82,4,0,0
4818,Axis,23,180,0,0,0
4819,HDFC,14,48,0,0,0
4820,SBI,15,37,3,0,1
4821,Axis,6,119,3,1,1
4822,Axis,1,108,0,0,1
4823,SBI,16,310,1,0,1
4824,ICICI,19,59,5,0,0
4825,Axis,3,339,5,1,0
4826,SBI,11,325,5,0,0
4827,ICICI,6,492,2,0,0
4828,Axis,5,58,2,0,0
4829,SBI,0,353,5,0,0
4830,SBI,3,204,5,0,0
4831,HDFC,23,132,5,0,0
4832,SBI,12,38,5,1,0
4833,Axis,1,142,4,1,1
4834,SBI,20,126,4,0,0
4835,HDFC,11,299,0,0,0
4836,Axis,16,469,5,1,0
4837,HDFC,16,303,4,1,0
4838,HDFC,10,252,1,0,0
4839,ICICI,10,108,2,1,0
4840,HDFC,2,473,5,0,1
4841,ICICI,2,171,3,1,0
4842,SBI,21,225,0,0,1
4843,SBI,21,478,5,0,0
4844,HDFC,17,245,0,0,1
4845,ICICI,8,406,5,0,1
4846,ICICI,21,434,1,1,0
4847,Axis,1,168,0,1,0
4848,Axis,12,480,0,0,0
4849,Axis,21,73,1,0,0
4850,ICICI,13,456,1,1,1
4851,SBI,16,478,4,0,0
4852,SBI,11,404,0,0,1
4853,Axis,9,165,1,0,1
4854,ICICI,5,88,0,1,0
4855,HDFC,23,356,3,1,0
4856,HDFC,23,234,5,0,0
4857,Axis,5,384,4,0,0
4858,ICICI,13,132,2,1,1
4859,HDFC,11,449,2,1,0
4860,ICICI,18,44,0,0,0
4861,Axis,1,494,5,1,1
4862,SBI,0,326,0,0,0
4863,ICICI,5,95,5,0,0
4864,Axis,22,322,0,0,0
4865,SBI,0,189,1,0,0
4866,HDFC,19,463,3,0,1
4867,HDFC,11,439,2,0,0
4868,HDFC,4,95,1,0,1
4869,HDFC,21,323,2,0,0
4870,ICICI,18,307,2,0,0
4871,HDFC,17,434,3,0,0
4872,Axis,23,98,1,1,0
4873,HDFC,13,228,1,0,0
4874,HDFC,15,431,3,0,0
4875,ICICI,16,208,4,0,0
4876,Axis,21,234,2,0,1
4877,ICICI,11,136,1,1,0
4878,HDFC,12,430,1,1,1
4879,Axis,11,305,5,0,0
4880,SBI,10,326,2,1,0
4881,HDFC,13,132,2,0,0
4882,HDFC,15,145,0,0,0
4883,HDFC,16,135,0,0,0
4884,ICICI,3,156,2,0,1
4885,Axis,1,146,5,0,0
4886,Axis,1,442,4,0,0
4887,Axis,3,91,1,0,1
4888,ICICI,0,229,0,0,0
4889,Axis,0,295,5,0,1
4890,HDFC,2,28,2,0,1
4891,ICICI,2,296,3,0,0
4892,ICICI,6,297,5,1,0
4893,ICICI,5,25,2,1,1
4894,HDFC,4,30,0,0,0
4895,SBI,4,199,3,0,0
4896,HDFC,4,177,2,0,0
4897,HDFC,1,373,1,0,1
4898,Axis,2,419,5,0,0
4899,Axis,12,248,1,1,0
4900,ICICI,7,211,5,0,0
4901,HDFC,7,143,2,0,0
4902,ICICI,17,462,4,0,1
4903,HDFC,17,427,2,0,0
4904,Axis,16,115,2,1,0
4905,Axis,19,193,1,0,0
4906,SBI,16,401,2,0,0
4907,HDFC,1,122,2,0,1
4908,SBI,23,473,4,0,1
4909,Axis,3,288,1,0,0
4910,ICICI,10,189,1,1,0
4911,ICICI,10,467,3,0,0
4912,Axis,2,166,2,1,0
4913,SBI,4,311,3,0,0
4914,HDFC,12,318,5,0,0
4915,SBI,3,494,5,1,0
4916,Axis,4,244,5,0,0
4917,ICICI,19,244,5,0,0
4918,SBI,0,395,2,0,1
4919,ICICI,9,202,2,0,0
4920,ICICI,9,472,2,0,0
4921,ICICI,14,248,2,1,0
4922,ICICI,0,294,3,0,1
4923,ICICI,11,450,3,0,0
4924,ICICI,15,66,1,0,1
4925,Axis,23,204,5,0,0
4926,HDFC,20,209,4,0,0
4927,SBI,15,286,4,1,0
4928,ICICI,22,122,1,1,0
4929,HDFC,0,250,5,0,0
4930,HDFC,17,81,4,0,0
4931,HDFC,11,97,5,0,0
4932,HDFC,18,109,0,0,0
4933,Axis,23,423,2,0,0
4934,HDFC,16,367,2,1,0
4935,Axis,21,127,2,0,0
4936,HDFC,4,227,0,0,0
4937,ICICI,2,138,3,0,1
4938,SBI,13,36,0,1,0
4939,Axis,5,290,5,0,1
4940,ICICI,3,168,4,0,1
4941,ICICI,10,234,4,0,0
4942,HDFC,6,143,5,0,0
4943,HDFC,12,374,0,1,0
4944,HDFC,0,434,1,0,0
4945,HDFC,20,196,0,1,1
4946,ICICI,16,101,1,0,0
4947,ICICI,11,76,3,0,0
4948,Axis,19,152,2,1,0
4949,ICICI,10,430,2,1,0
4950,Axis,22,241,4,0,1
4951,Axis,3,497,0,1,0
4952,ICICI,6,237,2,1,0
4953,ICICI,11,426,4,0,0
4954,SBI,14,478,5,0,0
4955,SBI,14,130,5,0,0
4956,SBI,22,266,4,0,0
4957,SBI,23,328,5,0,1
4958,HDFC,4,125,1,0,0
4959,SBI,11,256,4,0,0
4960,ICICI,3,37,4,0,0
4961,HDFC,15,411,3,0,1
4962,Axis,4,278,2,0,0
4963,HDFC,5,30,4,0,1
4964,ICICI,13,387,2,1,0
4965,Axis,0,400,0,1,1
4966,SBI,1,302,5,1,0
4967,ICICI,16,308,3,0,0
4968,ICICI,12,486,0,1,1
4969,SBI,1,338,2,1,1
4970,HDFC,0,319,1,0,0
4971,Axis,1,456,1,1,0
4972,HDFC,6,276,2,0,0
4973,HDFC,2,48,2,0,1
4974,ICICI,5,375,3,0,0
4975,SBI,18,453,5,1,0
4976,Axis,12,57,0,0,1
4977,SBI,15,208,3,0,1
4978,SBI,11,436,5,0,0
4979,SBI,4,70,3,0,0
4980,HDFC,20,486,0,0,1
4981,SBI,18,480,2,0,0
4982,HDFC,2,472,4,1,1
4983,HDFC,19,297,2,0,0
4984,Axis,9,179,0,1,0
4985,Axis,3,196,5,0,0
4986,Axis,5,399,5,0,0
4987,HDFC,19,467,1,0,0
4988,Axis,3,428,5,0,1
4989,ICICI,14,265,2,1,0
4990,SBI,14,129,0,0,0
4991,Axis,7,182,5,0,0
4992,ICICI,8,73,1,0,0
4993,SBI,13,106,2,0,0
4994,SBI,11,35,3,0,0
4995,HDFC,22,357,4,0,0
4996,Axis,4,363,2,0,1
4997,HDFC,0,100,3,0,0
4998,ICICI,16,269,4,1,0
4999,SBI,21,103,5,0,1
